id,parentId,iNaturalistTaxonName,commonName,rank,iNaturalistTaxonImage,scientificName,taxon_rank,infrataxon_status,provenance_status,provincial_concern,introduction_status,reportingStatus,solow_EP,species,subspecies,variety,nameStatus,inSummary
48460,,Life,life,stateofmatter,https://inaturalist-open-data.s3.amazonaws.com/photos/347064198/medium.jpeg,,,,unknown,,,,,,,,,
47126,48460,Plantae,Plants,kingdom,https://static.inaturalist.org/photos/221143410/medium.jpeg,,,,unknown,,,,,,,,,
211194,47126,Tracheophyta,Vascular Plants,phylum,https://inaturalist-open-data.s3.amazonaws.com/photos/301768574/medium.jpg,,,,unknown,,,,,,,,,
47125,211194,Angiospermae,flowering plants,subphylum,https://inaturalist-open-data.s3.amazonaws.com/photos/6943609/medium.jpg,,,,unknown,,,,,,,,,
47623,211194,Lycopodiopsida,Lycophytes,class,https://static.inaturalist.org/photos/18290374/medium.jpg,,,,unknown,,,,,,,,,
121943,211194,Polypodiopsida,Ferns,class,https://inaturalist-open-data.s3.amazonaws.com/photos/383134769/medium.jpg,,,,unknown,,,,,,,,,
136329,211194,Pinopsida,conifers,class,https://inaturalist-open-data.s3.amazonaws.com/photos/8663621/medium.jpg,,,,unknown,,,,,,,,,
47124,47125,Magnoliopsida,Dicots,class,https://inaturalist-open-data.s3.amazonaws.com/photos/223281963/medium.jpg,,,,unknown,,,,,,,,,
47163,47125,Liliopsida,monocots,class,https://inaturalist-open-data.s3.amazonaws.com/photos/274224/medium.jpg,,,,unknown,,,,,,,,,
47375,136329,Pinales,conifers,order,https://inaturalist-open-data.s3.amazonaws.com/photos/170033792/medium.jpg,,,,unknown,,,,,,,,,
47622,47623,Lycopodiales,clubmosses and firmosses,order,https://inaturalist-open-data.s3.amazonaws.com/photos/250128745/medium.jpg,,,,unknown,,,,,,,,,
58769,47623,Selaginellales,Spikemosses,order,https://inaturalist-open-data.s3.amazonaws.com/photos/1910623/medium.jpg,,,,unknown,,,,,,,,,
60113,47623,Isoetales,Quillwort order,order,https://static.inaturalist.org/photos/62761189/medium.jpg,,,,unknown,,,,,,,,,
47123,47124,Fabales,"Legumes, Milkworts, and Allies",order,https://inaturalist-open-data.s3.amazonaws.com/photos/73034071/medium.jpg,,,,unknown,,,,,,,,,
47132,47124,Rosales,"Roses, Elms, Figs, and Allies",order,https://inaturalist-open-data.s3.amazonaws.com/photos/11763754/medium.jpg,,,,unknown,,,,,,,,,
47162,47163,Poales,"grasses, sedges, cattails, and allies",order,https://inaturalist-open-data.s3.amazonaws.com/photos/54589881/medium.jpg,,,,unknown,,,,,,,,,
47181,47124,Ericales,"Heathers, Balsams, Primroses, and Allies",order,https://inaturalist-open-data.s3.amazonaws.com/photos/121441132/medium.jpeg,,,,unknown,,,,,,,,,
47195,47124,Cornales,"dogwoods, hydrangeas, and allies",order,https://inaturalist-open-data.s3.amazonaws.com/photos/79182087/medium.jpg,,,,unknown,,,,,,,,,
47218,47163,Asparagales,"Agaves, Orchids, Irises, and Allies",order,https://inaturalist-open-data.s3.amazonaws.com/photos/272455964/medium.jpg,,,,unknown,,,,,,,,,
47329,47163,Liliales,"lilies, supplejacks, and allies",order,https://inaturalist-open-data.s3.amazonaws.com/photos/274224/medium.jpg,,,,unknown,,,,,,,,,
47363,47124,Gentianales,"Gentians, Dogbanes, Madders, and Allies",order,https://inaturalist-open-data.s3.amazonaws.com/photos/6232/medium.jpg,,,,unknown,,,,,,,,,
47366,47124,Caryophyllales,"pinks, cactuses, and allies",order,https://static.inaturalist.org/photos/606031199/medium.jpg,,,,unknown,,,,,,,,,
47374,47375,Cupressaceae,cypress family,family,https://inaturalist-open-data.s3.amazonaws.com/photos/164349061/medium.jpg,,,,unknown,,,,,,,,,
47540,47124,Celastrales,staff-vines and allies,order,https://inaturalist-open-data.s3.amazonaws.com/photos/31231998/medium.jpg,,,,unknown,,,,,,,,,
47556,47375,Taxaceae,yew family,family,https://inaturalist-open-data.s3.amazonaws.com/photos/12117252/medium.jpeg,,,,unknown,,,,,,,,,
47562,47375,Pinaceae,pine family,family,https://inaturalist-open-data.s3.amazonaws.com/photos/275129245/medium.jpg,,,,unknown,,,,,,,,,
47605,47124,Asterales,"Sunflowers, Bellflowers, Fanflowers, and Allies",order,https://inaturalist-open-data.s3.amazonaws.com/photos/355753987/medium.jpg,,,,unknown,,,,,,,,,
47621,47622,Lycopodiaceae,Clubmosses and Firmosses,family,https://inaturalist-open-data.s3.amazonaws.com/photos/101326007/medium.jpg,,,,unknown,,,,,,,,,
47690,47124,Geraniales,"geraniums, bridal wreaths, and allies",order,https://inaturalist-open-data.s3.amazonaws.com/photos/70283238/medium.jpg,,,,unknown,,,,,,,,,
47729,47124,Sapindales,"Soapberries, Cashews, Mahoganies, and Allies",order,https://static.inaturalist.org/photos/58699945/medium.jpg,,,,unknown,,,,,,,,,
47748,121943,Equisetales,horsetails,order,https://inaturalist-open-data.s3.amazonaws.com/photos/20163/medium.jpg,,,,unknown,,,,,,,,,
47754,121943,Polypodiales,"",order,https://inaturalist-open-data.s3.amazonaws.com/photos/76066835/medium.jpg,,,,unknown,,,,,,,,,
47791,47124,Myrtales,"myrtles, evening primroses, and allies",order,https://static.inaturalist.org/photos/42561347/medium.jpeg,,,,unknown,,,,,,,,,
47853,47124,Fagales,"beeches, oaks, walnuts, and allies",order,https://inaturalist-open-data.s3.amazonaws.com/photos/2305595/medium.JPG,,,,unknown,,,,,,,,,
48073,47163,Alismatales,"Aroids, Water Plantains, Seagrass, and allies",order,https://static.inaturalist.org/photos/107900/medium.jpg,,,,unknown,,,,,,,,,
48151,47124,Lamiales,"Mints, Plantains, Olives, and Allies",order,https://inaturalist-open-data.s3.amazonaws.com/photos/45809243/medium.jpeg,,,,unknown,,,,,,,,,
48232,47124,Ranunculales,"Buttercups, Poppies, and Allies",order,https://inaturalist-open-data.s3.amazonaws.com/photos/10459/medium.jpg,,,,unknown,,,,,,,,,
48515,47124,Solanales,"nightshades, bindweeds, gooseweeds, and allies",order,https://inaturalist-open-data.s3.amazonaws.com/photos/50520559/medium.jpg,,,,unknown,,,,,,,,,
48526,47124,Dipsacales,"honeysuckles, moschatels, and allies",order,https://inaturalist-open-data.s3.amazonaws.com/photos/5417/medium.jpg,,,,unknown,,,,,,,,,
48700,47124,Apiales,"carrots, ivies, and allies",order,https://static.inaturalist.org/photos/39794882/medium.jpeg,,,,unknown,,,,,,,,,
48796,47124,Malvales,"Mallows, Rock Roses, and Allies",order,https://static.inaturalist.org/photos/3035871/medium.JPG,,,,unknown,,,,,,,,,
49669,47124,Santalales,"sandalwoods, mistletoes, and allies",order,https://inaturalist-open-data.s3.amazonaws.com/photos/250082551/medium.jpg,,,,unknown,,,,,,,,,
51120,47124,Nymphaeales,"Waterlilies, Fanworts, and Allies",order,https://inaturalist-open-data.s3.amazonaws.com/photos/3008652/medium.JPG,,,,unknown,,,,,,,,,
51820,47124,Malpighiales,"Nances, Willows, and Allies",order,https://inaturalist-open-data.s3.amazonaws.com/photos/57932018/medium.jpg,,,,unknown,,,,,,,,,
55328,121943,Ophioglossales,adder's-tongues and allies,order,https://inaturalist-open-data.s3.amazonaws.com/photos/60642378/medium.jpg,,,,unknown,,,,,,,,,
58770,58769,Selaginellaceae,Spikemoss Family,family,https://inaturalist-open-data.s3.amazonaws.com/photos/1910623/medium.jpg,,,,unknown,,,,,,,,,
60114,60113,Isoetaceae,Quillwort family,family,https://static.inaturalist.org/photos/62761189/medium.jpg,,,,unknown,,,,,,,,,
60244,47124,Piperales,"pepper plants, birthworts, and allies",order,https://inaturalist-open-data.s3.amazonaws.com/photos/63234380/medium.jpg,,,,unknown,,,,,,,,,
70233,47124,Oxalidales,"Woodsorrels, Quandongs, and Allies",order,https://static.inaturalist.org/photos/36921206/medium.jpeg,,,,unknown,,,,,,,,,
71272,47124,Aquifoliales,Hollies and Allies,order,https://inaturalist-open-data.s3.amazonaws.com/photos/236523238/medium.jpeg,,,,unknown,,,,,,,,,
71275,47124,Brassicales,"Mustards, Capers, and Allies",order,https://inaturalist-open-data.s3.amazonaws.com/photos/355338008/medium.jpeg,,,,unknown,,,,,,,,,
71277,47124,Buxales,boxes and Pachysandras,order,https://inaturalist-open-data.s3.amazonaws.com/photos/177732/medium.jpg,,,,unknown,,,,,,,,,
71281,47124,Cucurbitales,"begonias, gourds, and allies",order,https://inaturalist-open-data.s3.amazonaws.com/photos/44230820/medium.jpg,,,,unknown,,,,,,,,,
71289,47124,Saxifragales,"saxifrages, stonecrops, and allies",order,https://inaturalist-open-data.s3.amazonaws.com/photos/1539441/medium.jpg,,,,unknown,,,,,,,,,
153070,47124,Ceratophyllales,Coontails,order,https://inaturalist-open-data.s3.amazonaws.com/photos/102917704/medium.jpeg,,,,unknown,,,,,,,,,
332905,121943,Salviniales,"",order,https://inaturalist-open-data.s3.amazonaws.com/photos/506173/medium.jpg,,,,unknown,,,,,,,,,
523723,47124,Boraginales,borages,order,https://inaturalist-open-data.s3.amazonaws.com/photos/66417631/medium.jpeg,,,,unknown,,,,,,,,,
47122,47123,Fabaceae,Legumes,family,https://inaturalist-open-data.s3.amazonaws.com/photos/167983252/medium.jpeg,,,,unknown,,,,,,,,,
47131,71289,Grossulariaceae,Gooseberry Family,family,https://inaturalist-open-data.s3.amazonaws.com/photos/50463241/medium.jpg,,,,unknown,,,,,,,,,
47148,47132,Rosaceae,rose family,family,https://inaturalist-open-data.s3.amazonaws.com/photos/2066379/medium.JPG,,,,unknown,,,,,,,,,
47151,48151,Scrophulariaceae,figwort family,family,https://static.inaturalist.org/photos/55578/medium.jpg,,,,unknown,,,,,,,,,
47161,47162,Cyperaceae,Sedges,family,https://inaturalist-open-data.s3.amazonaws.com/photos/77571016/medium.jpg,,,,unknown,,,,,,,,,
47194,47195,Cornaceae,Dogwood family,family,https://inaturalist-open-data.s3.amazonaws.com/photos/79182213/medium.jpg,,,,unknown,,,,,,,,,
47204,71275,Brassicaceae,mustard family,family,https://inaturalist-open-data.s3.amazonaws.com/photos/17880512/medium.jpg,,,,unknown,,,,,,,,,
47217,47218,Orchidaceae,Orchids,family,https://inaturalist-open-data.s3.amazonaws.com/photos/108347006/medium.jpeg,,,,unknown,,,,,,,,,
47322,48151,Orobanchaceae,broomrape family,family,https://inaturalist-open-data.s3.amazonaws.com/photos/296991344/medium.jpeg,,,,unknown,,,,,,,,,
47328,47329,Liliaceae,lily family,family,https://inaturalist-open-data.s3.amazonaws.com/photos/4233595/medium.jpg,,,,unknown,,,,,,,,,
47332,48232,Papaveraceae,Poppy Family,family,https://inaturalist-open-data.s3.amazonaws.com/photos/178340187/medium.jpg,,,,unknown,,,,,,,,,
47362,47363,Apocynaceae,Dogbane Family,family,https://inaturalist-open-data.s3.amazonaws.com/photos/138510430/medium.jpeg,,,,unknown,,,,,,,,,
47365,47366,Portulacaceae,purslane family,family,https://inaturalist-open-data.s3.amazonaws.com/photos/68142546/medium.jpeg,,,,unknown,,,,,,,,,
47434,47162,Poaceae,grasses,family,https://inaturalist-open-data.s3.amazonaws.com/photos/76692662/medium.jpg,,,,unknown,,,,,,,,,
47539,47540,Celastraceae,staff-vine family,family,https://inaturalist-open-data.s3.amazonaws.com/photos/244246545/medium.jpg,,,,unknown,,,,,,,,,
47555,47556,Taxus,yews,genus,https://inaturalist-open-data.s3.amazonaws.com/photos/8502/medium.jpg,,,,unknown,,,,,,,,,
47567,51820,Salicaceae,willow family,family,https://inaturalist-open-data.s3.amazonaws.com/photos/79452056/medium.jpeg,,,,unknown,,,,,,,,,
47599,47218,Asparagaceae,agave and allies,family,https://inaturalist-open-data.s3.amazonaws.com/photos/3721262/medium.JPG,,,,unknown,,,,,,,,,
47604,47605,Asteraceae,"Sunflowers, Daisies, Asters, and Allies",family,https://inaturalist-open-data.s3.amazonaws.com/photos/72961012/medium.jpg,,,,unknown,,,,,,,,,
47689,47690,Geraniaceae,Geranium family,family,https://static.inaturalist.org/photos/21874983/medium.jpeg,,,,unknown,,,,,,,,,
47693,47363,Rubiaceae,madder family,family,https://inaturalist-open-data.s3.amazonaws.com/photos/217150548/medium.jpeg,,,,unknown,,,,,,,,,
47733,48151,Oleaceae,olive family,family,https://inaturalist-open-data.s3.amazonaws.com/photos/7363/medium.jpg,,,,unknown,,,,,,,,,
47747,47748,Equisetaceae,horsetail family,family,https://inaturalist-open-data.s3.amazonaws.com/photos/50758026/medium.jpg,,,,unknown,,,,,,,,,
47759,70233,Oxalidaceae,Woodsorrel Family,family,https://inaturalist-open-data.s3.amazonaws.com/photos/95604542/medium.jpeg,,,,unknown,,,,,,,,,
47781,47218,Iridaceae,iris family,family,https://inaturalist-open-data.s3.amazonaws.com/photos/3777403/medium.jpg,,,,unknown,,,,,,,,,
47790,47791,Onagraceae,evening primrose family,family,https://inaturalist-open-data.s3.amazonaws.com/photos/16678238/medium.jpg,,,,unknown,,,,,,,,,
47852,47853,Fagaceae,beech family,family,https://inaturalist-open-data.s3.amazonaws.com/photos/281236060/medium.jpeg,,,,unknown,,,,,,,,,
47890,47181,Balsaminaceae,balsam family,family,https://inaturalist-open-data.s3.amazonaws.com/photos/160080301/medium.jpg,,,,unknown,,,,,,,,,
47903,47366,Cactaceae,cacti,family,https://inaturalist-open-data.s3.amazonaws.com/photos/13279984/medium.jpeg,,,,unknown,,,,,,,,,
48040,47605,Campanulaceae,bellflower family,family,https://inaturalist-open-data.s3.amazonaws.com/photos/2198759/medium.JPG,,,,unknown,,,,,,,,,
48064,47181,Primulaceae,primrose family,family,https://inaturalist-open-data.s3.amazonaws.com/photos/15229725/medium.jpeg,,,,unknown,,,,,,,,,
48072,48073,Alismataceae,Water-Plantain family,family,https://inaturalist-open-data.s3.amazonaws.com/photos/152256387/medium.jpeg,,,,unknown,,,,,,,,,
48150,523723,Boraginaceae,borage family,family,https://inaturalist-open-data.s3.amazonaws.com/photos/31342774/medium.jpg,,,,unknown,,,,,,,,,
48231,48232,Ranunculaceae,buttercup family,family,https://inaturalist-open-data.s3.amazonaws.com/photos/3063606/medium.jpg,,,,unknown,,,,,,,,,
48382,47366,Polygonaceae,knotweed family,family,https://inaturalist-open-data.s3.amazonaws.com/photos/6818849/medium.jpg,,,,unknown,,,,,,,,,
48386,71289,Saxifragaceae,saxifrage family,family,https://inaturalist-open-data.s3.amazonaws.com/photos/32017311/medium.jpeg,,,,unknown,,,,,,,,,
48516,48515,Solanaceae,nightshade family,family,https://static.inaturalist.org/photos/4608305/medium.jpeg,,,,unknown,,,,,,,,,
48527,48526,Caprifoliaceae,honeysuckle family,family,https://inaturalist-open-data.s3.amazonaws.com/photos/29884886/medium.jpg,,,,unknown,,,,,,,,,
48536,48073,Araceae,Arum Family,family,https://inaturalist-open-data.s3.amazonaws.com/photos/5700/medium.jpg,,,,unknown,,,,,,,,,
48567,47366,Caryophyllaceae,pink family,family,https://inaturalist-open-data.s3.amazonaws.com/photos/7017/medium.jpg,,,,unknown,,,,,,,,,
48620,71281,Cucurbitaceae,gourd family,family,https://inaturalist-open-data.s3.amazonaws.com/photos/44844817/medium.jpeg,,,,unknown,,,,,,,,,
48623,48151,Lamiaceae,Mint Family,family,https://static.inaturalist.org/photos/9018542/medium.jpg,,,,unknown,,,,,,,,,
48694,47162,Typhaceae,"bulrushes, cattails, and allies",family,https://inaturalist-open-data.s3.amazonaws.com/photos/33177903/medium.jpeg,,,,unknown,,,,,,,,,
48699,48700,Apiaceae,carrot family,family,https://inaturalist-open-data.s3.amazonaws.com/photos/8872/medium.jpg,,,,unknown,,,,,,,,,
48797,48796,Malvaceae,Mallow and Hibiscus Family,family,https://inaturalist-open-data.s3.amazonaws.com/photos/338212054/medium.jpg,,,,unknown,,,,,,,,,
48874,47729,Anacardiaceae,Cashew Family,family,https://inaturalist-open-data.s3.amazonaws.com/photos/56402931/medium.jpg,,,,unknown,,,,,,,,,
48932,47181,Polemoniaceae,phlox family,family,https://inaturalist-open-data.s3.amazonaws.com/photos/1215798/medium.,,,,unknown,,,,,,,,,
49035,47853,Myricaceae,wax trees and shrubs,family,https://inaturalist-open-data.s3.amazonaws.com/photos/16145/medium.jpg,,,,unknown,,,,,,,,,
49041,47132,Rhamnaceae,buckthorn family,family,https://inaturalist-open-data.s3.amazonaws.com/photos/80456202/medium.jpg,,,,unknown,,,,,,,,,
49155,47853,Betulaceae,birch family,family,https://static.inaturalist.org/photos/8119202/medium.jpg,,,,unknown,,,,,,,,,
49289,48232,Berberidaceae,barberry family,family,https://inaturalist-open-data.s3.amazonaws.com/photos/14991/medium.jpg,,,,unknown,,,,,,,,,
49464,47329,Melanthiaceae,"Herb-Paris, False Hellebores, Trilliums and allies",family,https://inaturalist-open-data.s3.amazonaws.com/photos/129437915/medium.jpg,,,,unknown,,,,,,,,,
50256,47366,Nyctaginaceae,four o'clock family,family,https://static.inaturalist.org/photos/40597860/medium.jpeg,,,,unknown,,,,,,,,,
50313,48796,Thymelaeaceae,Stringbarks,family,https://inaturalist-open-data.s3.amazonaws.com/photos/11609675/medium.jpg,,,,unknown,,,,,,,,,
50318,71277,Buxaceae,boxwood family,family,https://inaturalist-open-data.s3.amazonaws.com/photos/120361496/medium.jpg,,,,unknown,,,,,,,,,
50361,48073,Hydrocharitaceae,tape-grass family,family,https://inaturalist-open-data.s3.amazonaws.com/photos/209371645/medium.jpg,,,,unknown,,,,,,,,,
50638,48151,Plantaginaceae,Plantain Family,family,https://inaturalist-open-data.s3.amazonaws.com/photos/11147978/medium.jpg,,,,unknown,,,,,,,,,
50828,51820,Violaceae,Violet Family,family,https://inaturalist-open-data.s3.amazonaws.com/photos/19508334/medium.jpeg,,,,unknown,,,,,,,,,
51121,51120,Nymphaeaceae,Waterlily Family,family,https://inaturalist-open-data.s3.amazonaws.com/photos/115591053/medium.jpeg,,,,unknown,,,,,,,,,
51337,71275,Limnanthaceae,meadowfoam family,family,https://inaturalist-open-data.s3.amazonaws.com/photos/27886/medium.jpg,,,,unknown,,,,,,,,,
51821,51820,Euphorbiaceae,Spurge Family,family,https://inaturalist-open-data.s3.amazonaws.com/photos/10222510/medium.jpg,,,,unknown,,,,,,,,,
51885,47132,Urticaceae,Nettle Family,family,https://inaturalist-open-data.s3.amazonaws.com/photos/13050316/medium.jpg,,,,unknown,,,,,,,,,
51890,71289,Crassulaceae,stonecrop family,family,https://static.inaturalist.org/photos/76474024/medium.jpg,,,,unknown,,,,,,,,,
51937,47366,Droseraceae,Sundew Family,family,https://static.inaturalist.org/photos/9788583/medium.jpg,,,,unknown,,,,,,,,,
52327,47366,Amaranthaceae,Amaranth family,family,https://inaturalist-open-data.s3.amazonaws.com/photos/107903812/medium.jpeg,,,,unknown,,,,,,,,,
52345,48515,Convolvulaceae,bindweed family,family,https://inaturalist-open-data.s3.amazonaws.com/photos/73482456/medium.jpg,,,,unknown,,,,,,,,,
52469,47195,Hydrangeaceae,hydrangea family,family,https://inaturalist-open-data.s3.amazonaws.com/photos/154345374/medium.jpeg,,,,unknown,,,,,,,,,
52615,48073,Zosteraceae,Seagrasses,family,https://inaturalist-open-data.s3.amazonaws.com/photos/170768896/medium.jpg,,,,unknown,,,,,,,,,
52642,47162,Juncaceae,Rushes and Allies,family,https://inaturalist-open-data.s3.amazonaws.com/photos/306524062/medium.jpg,,,,unknown,,,,,,,,,
52849,48700,Araliaceae,ivy family,family,https://inaturalist-open-data.s3.amazonaws.com/photos/8874/medium.jpg,,,,unknown,,,,,,,,,
52860,60244,Aristolochiaceae,birthwort family,family,https://inaturalist-open-data.s3.amazonaws.com/photos/29514907/medium.jpg,,,,unknown,,,,,,,,,
53855,71272,Aquifoliaceae,holly family,family,https://static.inaturalist.org/photos/240827687/medium.jpg,,,,unknown,,,,,,,,,
54497,47853,Juglandaceae,walnut family,family,https://inaturalist-open-data.s3.amazonaws.com/photos/49858650/medium.jpeg,,,,unknown,,,,,,,,,
55329,55328,Ophioglossaceae,adder's-tongue family,family,https://inaturalist-open-data.s3.amazonaws.com/photos/111297641/medium.jpg,,,,unknown,,,,,,,,,
55849,47218,Amaryllidaceae,"amaryllis, onions, and allies",family,https://inaturalist-open-data.s3.amazonaws.com/photos/9537450/medium.jpeg,,,,unknown,,,,,,,,,
56235,47363,Gentianaceae,gentian family,family,https://inaturalist-open-data.s3.amazonaws.com/photos/200324833/medium.jpeg,,,,unknown,,,,,,,,,
57010,48796,Cistaceae,rock-rose family,family,https://inaturalist-open-data.s3.amazonaws.com/photos/1184992/medium.jpg,,,,unknown,,,,,,,,,
57279,47729,Simaroubaceae,Quassia Family,family,https://inaturalist-open-data.s3.amazonaws.com/photos/11856/medium.jpg,,,,unknown,,,,,,,,,
57860,48151,Lentibulariaceae,bladderwort family,family,https://inaturalist-open-data.s3.amazonaws.com/photos/11000816/medium.jpg,,,,unknown,,,,,,,,,
58321,47729,Sapindaceae,soapberry family,family,https://inaturalist-open-data.s3.amazonaws.com/photos/27342760/medium.jpeg,,,,unknown,,,,,,,,,
58771,58770,Selaginella,Spikemosses,genus,https://inaturalist-open-data.s3.amazonaws.com/photos/20479/medium.jpg,,,,unknown,,,,,,,,,
58935,47791,Lythraceae,lythrum family,family,https://inaturalist-open-data.s3.amazonaws.com/photos/176257719/medium.jpeg,,,,unknown,,,,,,,,,
59109,48073,Potamogetonaceae,pondweed family,family,https://inaturalist-open-data.s3.amazonaws.com/photos/102629371/medium.jpg,,,,unknown,,,,,,,,,
59992,49669,Santalaceae,sandalwood family,family,https://inaturalist-open-data.s3.amazonaws.com/photos/250082606/medium.jpg,,,,unknown,,,,,,,,,
60115,60114,Isoetes,quillworts,genus,https://inaturalist-open-data.s3.amazonaws.com/photos/191486211/medium.jpeg,,,,unknown,,,,,,,,,
60205,71289,Haloragaceae,water milfoil family,family,https://static.inaturalist.org/photos/227196307/medium.jpg,,,,unknown,,,,,,,,,
60266,48073,Juncaginaceae,Arrowgrass family,family,https://inaturalist-open-data.s3.amazonaws.com/photos/14177/medium.jpg,,,,unknown,,,,,,,,,
60478,47366,Plumbaginaceae,plumbago family,family,https://static.inaturalist.org/photos/3926141/medium.jpg,,,,unknown,,,,,,,,,
60998,153070,Ceratophyllaceae,coontails,family,https://inaturalist-open-data.s3.amazonaws.com/photos/80184/medium.jpg,,,,unknown,,,,,,,,,
61091,48073,Ruppiaceae,widgeonweed family,family,https://inaturalist-open-data.s3.amazonaws.com/photos/13704943/medium.jpeg,,,,unknown,,,,,,,,,
62369,47605,Menyanthaceae,bogbean family,family,https://inaturalist-open-data.s3.amazonaws.com/photos/6099661/medium.jpg,,,,unknown,,,,,,,,,
64552,48151,Phrymaceae,lopseed family,family,https://inaturalist-open-data.s3.amazonaws.com/photos/396710558/medium.jpeg,,,,unknown,,,,,,,,,
64657,332905,Salviniaceae,water fern family,family,https://inaturalist-open-data.s3.amazonaws.com/photos/111298553/medium.jpg,,,,unknown,,,,,,,,,
64695,47132,Elaeagnaceae,oleaster family,family,https://inaturalist-open-data.s3.amazonaws.com/photos/20487/medium.jpg,,,,unknown,,,,,,,,,
71408,51120,Cabombaceae,fanwort family,family,https://inaturalist-open-data.s3.amazonaws.com/photos/219538333/medium.jpg,,,,unknown,,,,,,,,,
71412,51820,Hypericaceae,St. John's wort family,family,https://inaturalist-open-data.s3.amazonaws.com/photos/23343255/medium.jpg,,,,unknown,,,,,,,,,
71417,47366,Montiaceae,Pussypaw Family,family,https://inaturalist-open-data.s3.amazonaws.com/photos/48773246/medium.jpg,,,,unknown,,,,,,,,,
133387,47181,Ericaceae,heath family,family,https://static.inaturalist.org/photos/27053770/medium.jpg,,,,unknown,,,,,,,,,
781703,48526,Viburnaceae,elder family,family,https://static.inaturalist.org/photos/2419980/medium.jpg,,,,unknown,,,,,,,,,
47130,47131,Ribes,currants and gooseberries,genus,https://inaturalist-open-data.s3.amazonaws.com/photos/117502191/medium.jpeg,,,,unknown,,,,,,,,,
47193,47194,Cornus,dogwoods,genus,https://inaturalist-open-data.s3.amazonaws.com/photos/37787988/medium.jpeg,,,,unknown,,,,,,,,,
47561,47562,Pinus,pines,genus,https://inaturalist-open-data.s3.amazonaws.com/photos/54643374/medium.jpeg,,,,unknown,,,,,,,,,
47566,47567,Populus,"poplars, cottonwoods, and aspens",genus,https://static.inaturalist.org/photos/369142208/medium.jpg,,,,unknown,,,,,,,,,
47574,47374,Juniperus,junipers,genus,https://inaturalist-open-data.s3.amazonaws.com/photos/222457266/medium.jpg,,,,unknown,,,,,,,,,
47620,47621,Lycopodium,ground and creeping clubmosses,genus,https://inaturalist-open-data.s3.amazonaws.com/photos/20805663/medium.jpg,,,,unknown,,,,,,,,,
47688,47689,Erodium,stork's-bills,genus,https://static.inaturalist.org/photos/3084700/medium.jpg,,,,unknown,,,,,,,,,
47701,47689,Geranium,geraniums and cranesbills,genus,https://inaturalist-open-data.s3.amazonaws.com/photos/402530865/medium.jpg,,,,unknown,,,,,,,,,
47727,58321,Acer,maples,genus,https://inaturalist-open-data.s3.amazonaws.com/photos/99147747/medium.jpg,,,,unknown,,,,,,,,,
47746,47747,Equisetum,horsetails,genus,https://inaturalist-open-data.s3.amazonaws.com/photos/67590226/medium.jpg,,,,unknown,,,,,,,,,
47753,47754,Dryopteridaceae,shieldfern family,family,https://static.inaturalist.org/photos/161285165/medium.jpg,,,,unknown,,,,,,,,,
47758,47759,Oxalis,Woodsorrels,genus,https://inaturalist-open-data.s3.amazonaws.com/photos/178040648/medium.jpg,,,,unknown,,,,,,,,,
47789,47790,Clarkia,Clarkias,genus,https://inaturalist-open-data.s3.amazonaws.com/photos/43276068/medium.jpg,,,,unknown,,,,,,,,,
47851,47852,Quercus,oaks,genus,https://inaturalist-open-data.s3.amazonaws.com/photos/90880312/medium.jpg,,,,unknown,,,,,,,,,
47889,47890,Impatiens,balsams,genus,https://inaturalist-open-data.s3.amazonaws.com/photos/452662676/medium.jpeg,,,,unknown,,,,,,,,,
47933,47790,Circaea,enchanter's nightshades,genus,https://inaturalist-open-data.s3.amazonaws.com/photos/61135411/medium.jpg,,,,unknown,,,,,,,,,
48071,48072,Sagittaria,Arrowheads,genus,https://inaturalist-open-data.s3.amazonaws.com/photos/89848928/medium.jpg,,,,unknown,,,,,,,,,
48253,47374,Thuja,arborvitaes,genus,https://inaturalist-open-data.s3.amazonaws.com/photos/10015447/medium.jpg,,,,unknown,,,,,,,,,
48255,47562,Tsuga,hemlocks,genus,https://inaturalist-open-data.s3.amazonaws.com/photos/605983/medium.jpg,,,,unknown,,,,,,,,,
48257,47562,Pseudotsuga,Douglas-firs,genus,https://inaturalist-open-data.s3.amazonaws.com/photos/11770154/medium.jpeg,,,,unknown,,,,,,,,,
48434,47754,Blechnaceae,Chain Fern Family,family,https://inaturalist-open-data.s3.amazonaws.com/photos/190348520/medium.jpg,,,,unknown,,,,,,,,,
48437,47754,Pteridaceae,brake family,family,https://inaturalist-open-data.s3.amazonaws.com/photos/8305/medium.jpg,,,,unknown,,,,,,,,,
48626,47790,Oenothera,"evening primroses, sundrops, and beeblossoms",genus,https://inaturalist-open-data.s3.amazonaws.com/photos/485958131/medium.jpg,,,,unknown,,,,,,,,,
48686,48694,Typha,Cattails,genus,https://static.inaturalist.org/photos/640955/medium.jpg,,,,unknown,,,,,,,,,
48790,71417,Montia,Montias,genus,https://inaturalist-open-data.s3.amazonaws.com/photos/354073635/medium.jpg,,,,unknown,,,,,,,,,
49033,49035,Myrica,bog myrtles,genus,https://inaturalist-open-data.s3.amazonaws.com/photos/23231745/medium.jpg,,,,unknown,,,,,,,,,
49156,49155,Betula,birches,genus,https://inaturalist-open-data.s3.amazonaws.com/photos/6293507/medium.jpg,,,,unknown,,,,,,,,,
49674,49041,Ceanothus,Ceanothus,genus,https://static.inaturalist.org/photos/115875111/medium.jpg,,,,unknown,,,,,,,,,
49912,71417,Calandrinia,"",genus,https://inaturalist-open-data.s3.amazonaws.com/photos/1675472/medium.JPG,,,,unknown,,,,,,,,,
50255,50256,Abronia,sand verbenas,genus,https://inaturalist-open-data.s3.amazonaws.com/photos/53608231/medium.jpg,,,,unknown,,,,,,,,,
50339,47790,Ludwigia,Primrose-willows,genus,https://inaturalist-open-data.s3.amazonaws.com/photos/56018181/medium.jpeg,,,,unknown,,,,,,,,,
50829,50828,Viola,Violets,genus,https://inaturalist-open-data.s3.amazonaws.com/photos/70802702/medium.jpg,,,,unknown,,,,,,,,,
50837,48932,Gilia,Gilias,genus,https://inaturalist-open-data.s3.amazonaws.com/photos/13672/medium.jpg,,,,unknown,,,,,,,,,
51122,51121,Nymphaea,Waterlilies,genus,https://inaturalist-open-data.s3.amazonaws.com/photos/8612205/medium.jpg,,,,unknown,,,,,,,,,
51338,51337,Limnanthes,Meadowfoams,genus,https://inaturalist-open-data.s3.amazonaws.com/photos/27886/medium.jpg,,,,unknown,,,,,,,,,
51935,51937,Drosera,Sundews,genus,https://inaturalist-open-data.s3.amazonaws.com/photos/61889240/medium.jpg,,,,unknown,,,,,,,,,
52470,52469,Philadelphus,mock oranges,genus,https://inaturalist-open-data.s3.amazonaws.com/photos/83023833/medium.jpeg,,,,unknown,,,,,,,,,
52616,52615,Zostera,Eelgrasses,genus,https://inaturalist-open-data.s3.amazonaws.com/photos/35524456/medium.jpg,,,,unknown,,,,,,,,,
52631,64657,Azolla,Mosquito Ferns,genus,https://inaturalist-open-data.s3.amazonaws.com/photos/35465064/medium.jpg,,,,unknown,,,,,,,,,
52643,52642,Juncus,Rushes,genus,https://inaturalist-open-data.s3.amazonaws.com/photos/403792468/medium.jpeg,,,,unknown,,,,,,,,,
52679,47754,Polypodiaceae,polypody family,family,https://inaturalist-open-data.s3.amazonaws.com/photos/8304/medium.jpg,,,,unknown,,,,,,,,,
52682,47754,Dennstaedtiaceae,bracken family,family,https://inaturalist-open-data.s3.amazonaws.com/photos/143677347/medium.jpeg,,,,unknown,,,,,,,,,
52689,781703,Sambucus,elders,genus,https://inaturalist-open-data.s3.amazonaws.com/photos/138654790/medium.jpeg,,,,unknown,,,,,,,,,
52942,48932,Navarretia,Pincushion plants,genus,https://static.inaturalist.org/photos/41009557/medium.jpeg,,,,unknown,,,,,,,,,
52972,47790,Epilobium,willowherbs,genus,https://inaturalist-open-data.s3.amazonaws.com/photos/148751902/medium.jpg,,,,unknown,,,,,,,,,
52995,71417,Claytonia,spring beauties,genus,https://inaturalist-open-data.s3.amazonaws.com/photos/8870/medium.jpg,,,,unknown,,,,,,,,,
52997,48932,Collomia,trumpets,genus,https://inaturalist-open-data.s3.amazonaws.com/photos/12790537/medium.jpeg,,,,unknown,,,,,,,,,
53352,49155,Alnus,alders,genus,https://inaturalist-open-data.s3.amazonaws.com/photos/111091510/medium.jpg,,,,unknown,,,,,,,,,
53373,49155,Corylus,hazels,genus,https://inaturalist-open-data.s3.amazonaws.com/photos/158366483/medium.jpg,,,,unknown,,,,,,,,,
53453,47567,Salix,Willows,genus,https://inaturalist-open-data.s3.amazonaws.com/photos/11846/medium.jpg,,,,unknown,,,,,,,,,
53854,53855,Ilex,hollies,genus,https://inaturalist-open-data.s3.amazonaws.com/photos/84984390/medium.jpg,,,,unknown,,,,,,,,,
54262,47562,Abies,firs,genus,https://inaturalist-open-data.s3.amazonaws.com/photos/108627343/medium.jpeg,,,,unknown,,,,,,,,,
54495,54497,Juglans,Walnuts,genus,https://inaturalist-open-data.s3.amazonaws.com/photos/340610/medium.jpg,,,,unknown,,,,,,,,,
54774,781703,Viburnum,viburnums,genus,https://inaturalist-open-data.s3.amazonaws.com/photos/1089094/medium.JPG,,,,unknown,,,,,,,,,
54806,47733,Fraxinus,ashes,genus,https://inaturalist-open-data.s3.amazonaws.com/photos/74674308/medium.jpeg,,,,unknown,,,,,,,,,
55209,47555,Taxus brevifolia,Pacific yew,species,https://inaturalist-open-data.s3.amazonaws.com/photos/99338130/medium.jpeg,Taxus brevifolia,species,non-infrataxon,voucher,secure,native,confirmed,0,brevifolia,"","",accepted,1
55796,52642,Luzula,woodrushes,genus,https://inaturalist-open-data.s3.amazonaws.com/photos/362795943/medium.jpg,,,,unknown,,,,,,,,,
56008,47790,Camissonia,"",genus,https://inaturalist-open-data.s3.amazonaws.com/photos/10203/medium.jpg,,,,unknown,,,,,,,,,
57280,57279,Ailanthus,Trees-of-Heaven,genus,https://inaturalist-open-data.s3.amazonaws.com/photos/32905540/medium.jpeg,,,,unknown,,,,,,,,,
57624,50361,Elodea,waterweeds,genus,https://inaturalist-open-data.s3.amazonaws.com/photos/57234967/medium.jpeg,,,,unknown,,,,,,,,,
57849,51121,Nuphar,yellow pond-lilies,genus,https://inaturalist-open-data.s3.amazonaws.com/photos/31258607/medium.jpeg,,,,unknown,,,,,,,,,
57861,57860,Utricularia,Bladderworts,genus,https://static.inaturalist.org/photos/220406816/medium.jpg,,,,unknown,,,,,,,,,
58937,58935,Lythrum,Lythrum Loosestrifes,genus,https://inaturalist-open-data.s3.amazonaws.com/photos/41847224/medium.jpeg,,,,unknown,,,,,,,,,
58971,48932,Leptosiphon,"",genus,https://inaturalist-open-data.s3.amazonaws.com/photos/12291/medium.jpg,,,,unknown,,,,,,,,,
58992,47365,Portulaca,purslanes,genus,https://inaturalist-open-data.s3.amazonaws.com/photos/179511327/medium.jpeg,,,,unknown,,,,,,,,,
59110,59109,Potamogeton,Pondweeds,genus,https://inaturalist-open-data.s3.amazonaws.com/photos/30550982/medium.jpg,,,,unknown,,,,,,,,,
59993,59992,Comandra,Comandras,genus,https://inaturalist-open-data.s3.amazonaws.com/photos/14050/medium.jpg,,,,unknown,,,,,,,,,
60207,60205,Myriophyllum,Milfoils,genus,https://inaturalist-open-data.s3.amazonaws.com/photos/265825659/medium.jpeg,,,,unknown,,,,,,,,,
60254,48072,Alisma,water-plantains,genus,https://inaturalist-open-data.s3.amazonaws.com/photos/93220613/medium.jpeg,,,,unknown,,,,,,,,,
60270,60266,Triglochin,Arrowgrasses,genus,https://inaturalist-open-data.s3.amazonaws.com/photos/59035806/medium.jpeg,,,,unknown,,,,,,,,,
60999,60998,Ceratophyllum,Hornworts,genus,https://inaturalist-open-data.s3.amazonaws.com/photos/80184/medium.jpg,,,,unknown,,,,,,,,,
61092,61091,Ruppia,widgeonweeds,genus,https://inaturalist-open-data.s3.amazonaws.com/photos/219507/medium.jpg,,,,unknown,,,,,,,,,
61117,48694,Sparganium,bur-reeds,genus,https://inaturalist-open-data.s3.amazonaws.com/photos/15187/medium.jpg,,,,unknown,,,,,,,,,
61215,48932,Microsteris,"",genus,https://inaturalist-open-data.s3.amazonaws.com/photos/117136991/medium.jpeg,,,,unknown,,,,,,,,,
61316,50313,Daphne,Daphnes,genus,https://inaturalist-open-data.s3.amazonaws.com/photos/55518212/medium.jpg,,,,unknown,,,,,,,,,
63573,47562,Picea,spruces,genus,https://inaturalist-open-data.s3.amazonaws.com/photos/10967638/medium.jpeg,,,,unknown,,,,,,,,,
63827,60115,Isoetes nuttallii,Nuttall's quillwort,species,https://inaturalist-open-data.s3.amazonaws.com/photos/184745293/medium.jpeg,Isoetes nuttallii,species,non-infrataxon,voucher,concern,native,confirmed,0,nuttallii,"","",accepted,1
63963,47539,Paxistima,Mountain-Lovers,genus,https://inaturalist-open-data.s3.amazonaws.com/photos/48990/medium.jpg,,,,unknown,,,,,,,,,
64322,57010,Cistus,Shrubby Rock-roses,genus,https://static.inaturalist.org/photos/186370547/medium.jpg,,,,unknown,,,,,,,,,
64662,47754,Aspleniaceae,spleenwort family,family,https://inaturalist-open-data.s3.amazonaws.com/photos/92877566/medium.jpeg,,,,unknown,,,,,,,,,
69819,47733,Ligustrum,privets,genus,https://inaturalist-open-data.s3.amazonaws.com/photos/126520804/medium.jpeg,,,,unknown,,,,,,,,,
72020,71408,Brasenia,"",genus,https://inaturalist-open-data.s3.amazonaws.com/photos/422479/medium.jpg,,,,unknown,,,,,,,,,
72235,62369,Menyanthes,"",genus,https://inaturalist-open-data.s3.amazonaws.com/photos/6099661/medium.jpg,,,,unknown,,,,,,,,,
72297,52615,Phyllospadix,surfgrasses,genus,https://inaturalist-open-data.s3.amazonaws.com/photos/83987/medium.JPG,,,,unknown,,,,,,,,,
72359,64695,Shepherdia,Buffaloberries,genus,https://inaturalist-open-data.s3.amazonaws.com/photos/82156678/medium.jpeg,,,,unknown,,,,,,,,,
133386,47555,Taxus cuspidata,Japanese yew,species,https://inaturalist-open-data.s3.amazonaws.com/photos/12117252/medium.jpeg,Taxus cuspidata,species,non-infrataxon,voucher,unknown,exotic,unconfirmed,0.205,cuspidata,"","",accepted,1
133400,50318,Buxus,boxes,genus,https://inaturalist-open-data.s3.amazonaws.com/photos/221901/medium.jpg,,,,unknown,,,,,,,,,
319976,64552,Erythranthe,monkeyflowers,genus,https://inaturalist-open-data.s3.amazonaws.com/photos/72061328/medium.jpeg,,,,unknown,,,,,,,,,
332916,47754,Cystopteridaceae,"",family,https://static.inaturalist.org/photos/45118360/medium.jpg,,,,unknown,,,,,,,,,
332930,47754,Athyriaceae,lady ferns and allies,family,https://inaturalist-open-data.s3.amazonaws.com/photos/506259/medium.jpg,,,,unknown,,,,,,,,,
564913,47790,Chamaenerion,fireweeds,genus,https://static.inaturalist.org/photos/4366320/medium.jpeg,,,,unknown,,,,,,,,,
47179,133387,Arctostaphylos,bearberries and manzanitas,genus,https://inaturalist-open-data.s3.amazonaws.com/photos/8370/medium.jpg,,,,unknown,,,,,,,,,
47324,50638,Collinsia,Blue-eyed Marys,genus,https://inaturalist-open-data.s3.amazonaws.com/photos/3543523/medium.JPG,,,,unknown,,,,,,,,,
47589,47217,Cypripedium,Hardy slipper orchids,genus,https://inaturalist-open-data.s3.amazonaws.com/photos/2696/medium.jpg,,,,unknown,,,,,,,,,
47892,47889,Impatiens glandulifera,Himalayan balsam,species,https://inaturalist-open-data.s3.amazonaws.com/photos/1204644/medium.,Impatiens glandulifera,species,non-infrataxon,voucher,unknown,exotic,confirmed,0.006,glandulifera,"","",accepted,1
48063,48064,Lysimachia,Loosestrifes,genus,https://inaturalist-open-data.s3.amazonaws.com/photos/24762031/medium.jpg,,,,unknown,,,,,,,,,
48245,48231,Aquilegia,columbines,genus,https://inaturalist-open-data.s3.amazonaws.com/photos/245963537/medium.jpg,,,,unknown,,,,,,,,,
48252,48253,Thuja plicata,western redcedar,species,https://inaturalist-open-data.s3.amazonaws.com/photos/7846522/medium.jpeg,Thuja plicata,species,non-infrataxon,voucher,secure,native,confirmed,0,plicata,"","",accepted,1
48254,48255,Tsuga heterophylla,western hemlock,species,https://inaturalist-open-data.s3.amazonaws.com/photos/45391159/medium.jpg,Tsuga heterophylla,species,non-infrataxon,voucher,secure,native,confirmed,0,heterophylla,"","",accepted,1
48385,48386,Heuchera,alumroots,genus,https://inaturalist-open-data.s3.amazonaws.com/photos/7665173/medium.jpg,,,,unknown,,,,,,,,,
48528,48527,Symphoricarpos,snowberries,genus,https://inaturalist-open-data.s3.amazonaws.com/photos/85721919/medium.jpg,,,,unknown,,,,,,,,,
48596,48040,Campanula,bellflowers,genus,https://inaturalist-open-data.s3.amazonaws.com/photos/360354966/medium.jpg,,,,unknown,,,,,,,,,
48685,48686,Typha latifolia,broadleaf cattail,species,https://inaturalist-open-data.s3.amazonaws.com/photos/4280840/medium.jpeg,Typha latifolia,species,non-infrataxon,voucher,secure,native,confirmed,0,latifolia,"","",accepted,1
48729,48536,Lysichiton,skunk cabbages,genus,https://static.inaturalist.org/photos/270505564/medium.jpg,,,,unknown,,,,,,,,,
49340,47322,Castilleja,Paintbrushes,genus,https://static.inaturalist.org/photos/342511568/medium.jpg,,,,unknown,,,,,,,,,
49347,48150,Phacelia,Scorpionweeds,genus,https://inaturalist-open-data.s3.amazonaws.com/photos/32535473/medium.jpg,,,,unknown,,,,,,,,,
49389,48567,Stellaria,chickweeds,genus,https://inaturalist-open-data.s3.amazonaws.com/photos/236995747/medium.jpg,,,,unknown,,,,,,,,,
49465,49464,Trillium,trilliums,genus,https://static.inaturalist.org/photos/15296295/medium.jpg,,,,unknown,,,,,,,,,
49478,133387,Monotropa,Indian pipes,genus,https://inaturalist-open-data.s3.amazonaws.com/photos/99737854/medium.jpeg,,,,unknown,,,,,,,,,
49650,49464,Toxicoscordion,Deathcamas,genus,https://inaturalist-open-data.s3.amazonaws.com/photos/1832/medium.jpg,,,,unknown,,,,,,,,,
49883,49156,Betula papyrifera,paper birch,species,https://static.inaturalist.org/photos/318921929/medium.jpeg,Betula papyrifera,species,non-infrataxon,voucher,secure,native,confirmed,0,papyrifera,"","",accepted,1
50259,59992,Arceuthobium,Dwarf-Mistletoes,genus,https://inaturalist-open-data.s3.amazonaws.com/photos/9166/medium.jpg,,,,unknown,,,,,,,,,
50636,50638,Plantago,plantains,genus,https://inaturalist-open-data.s3.amazonaws.com/photos/31254943/medium.jpg,,,,unknown,,,,,,,,,
50646,47322,Orthocarpus,owl's-clovers,genus,https://inaturalist-open-data.s3.amazonaws.com/photos/24238/medium.jpg,,,,unknown,,,,,,,,,
50651,48150,Nemophila,baby blue eyes and allies,genus,https://inaturalist-open-data.s3.amazonaws.com/photos/4795045/medium.jpg,,,,unknown,,,,,,,,,
50791,50638,Linaria,Toadflaxes,genus,https://inaturalist-open-data.s3.amazonaws.com/photos/607688611/medium.jpg,,,,unknown,,,,,,,,,
50793,47322,Triphysaria,"",genus,https://inaturalist-open-data.s3.amazonaws.com/photos/185414246/medium.jpeg,,,,unknown,,,,,,,,,
50800,48386,Lithophragma,woodland stars,genus,https://inaturalist-open-data.s3.amazonaws.com/photos/6257/medium.jpg,,,,unknown,,,,,,,,,
50853,48567,Cerastium,Mouse-ear Chickweeds,genus,https://inaturalist-open-data.s3.amazonaws.com/photos/46801074/medium.jpeg,,,,unknown,,,,,,,,,
51047,133387,Arbutus,madrones,genus,https://inaturalist-open-data.s3.amazonaws.com/photos/335168998/medium.jpg,,,,unknown,,,,,,,,,
51072,47328,Prosartes,American fairybells,genus,https://inaturalist-open-data.s3.amazonaws.com/photos/7515240/medium.jpg,,,,unknown,,,,,,,,,
51079,48874,Toxicodendron,poison ivies and oaks,genus,https://inaturalist-open-data.s3.amazonaws.com/photos/64172688/medium.jpg,,,,unknown,,,,,,,,,
51086,47599,Triteleia,triplet lilies,genus,https://inaturalist-open-data.s3.amazonaws.com/photos/200077190/medium.jpg,,,,unknown,,,,,,,,,
51287,47322,Bellardia,"",genus,https://static.inaturalist.org/photos/22804828/medium.jpeg,,,,unknown,,,,,,,,,
51611,50638,Veronica,speedwells,genus,https://static.inaturalist.org/photos/379019197/medium.jpeg,,,,unknown,,,,,,,,,
51644,48386,Tiarella,foamflowers,genus,https://inaturalist-open-data.s3.amazonaws.com/photos/32377/medium.jpg,,,,unknown,,,,,,,,,
51656,48386,Tellima,"",genus,https://inaturalist-open-data.s3.amazonaws.com/photos/6256/medium.jpg,,,,unknown,,,,,,,,,
51753,47599,Brodiaea,Brodiaeas,genus,https://inaturalist-open-data.s3.amazonaws.com/photos/11765/medium.jpg,,,,unknown,,,,,,,,,
51874,48527,Lonicera,honeysuckles,genus,https://inaturalist-open-data.s3.amazonaws.com/photos/120273217/medium.jpg,,,,unknown,,,,,,,,,
51886,51885,Urtica,nettles,genus,https://inaturalist-open-data.s3.amazonaws.com/photos/202182474/medium.jpeg,,,,unknown,,,,,,,,,
52117,133387,Pterospora,pinedrops,genus,https://static.inaturalist.org/photos/12953782/medium.jpg,,,,unknown,,,,,,,,,
52326,52327,Amaranthus,amaranths,genus,https://inaturalist-open-data.s3.amazonaws.com/photos/2592919/medium.jpg,,,,unknown,,,,,,,,,
52614,52616,Zostera marina,Eelgrass,species,https://inaturalist-open-data.s3.amazonaws.com/photos/407129386/medium.jpeg,Zostera marina,species,non-infrataxon,voucher,secure,native,confirmed,0,marina,"","",accepted,1
52618,50255,Abronia latifolia,Yellow Sand Verbena,species,https://inaturalist-open-data.s3.amazonaws.com/photos/379393681/medium.jpg,Abronia latifolia,species,non-infrataxon,voucher,concern,native,confirmed,0,latifolia,"","",accepted,1
52670,332930,Athyrium,lady ferns,genus,https://static.inaturalist.org/photos/55216721/medium.jpeg,,,,unknown,,,,,,,,,
52683,52682,Pteridium,brackens,genus,https://inaturalist-open-data.s3.amazonaws.com/photos/149174235/medium.jpeg,,,,unknown,,,,,,,,,
52686,48434,Woodwardia,chain ferns,genus,https://inaturalist-open-data.s3.amazonaws.com/photos/34686130/medium.jpg,,,,unknown,,,,,,,,,
52761,71412,Hypericum,St. John's worts,genus,https://inaturalist-open-data.s3.amazonaws.com/photos/72000734/medium.jpg,,,,unknown,,,,,,,,,
52861,52860,Asarum,wild gingers,genus,https://inaturalist-open-data.s3.amazonaws.com/photos/185816053/medium.jpeg,,,,unknown,,,,,,,,,
52996,52997,Collomia heterophylla,variableleaf collomia,species,https://inaturalist-open-data.s3.amazonaws.com/photos/270972938/medium.jpg,Collomia heterophylla,species,non-infrataxon,voucher,secure,native,confirmed,0,heterophylla,"","",accepted,1
53030,48527,Dipsacus,teasels,genus,https://inaturalist-open-data.s3.amazonaws.com/photos/88464071/medium.jpg,,,,unknown,,,,,,,,,
53145,48620,Marah,Man-roots,genus,https://inaturalist-open-data.s3.amazonaws.com/photos/7720/medium.jpg,,,,unknown,,,,,,,,,
53157,52942,Navarretia squarrosa,Skunkweed,species,https://inaturalist-open-data.s3.amazonaws.com/photos/206639053/medium.jpg,Navarretia squarrosa,species,non-infrataxon,voucher,secure,native,confirmed,0.008,squarrosa,"","",accepted,1
53300,48231,Thalictrum,meadow-rues,genus,https://inaturalist-open-data.s3.amazonaws.com/photos/320818137/medium.jpg,,,,unknown,,,,,,,,,
53303,48386,Tolmiea,piggyback plants and youth-on-ages,genus,https://inaturalist-open-data.s3.amazonaws.com/photos/6254/medium.jpg,,,,unknown,,,,,,,,,
53424,49041,Frangula,False-Buckthorns,genus,https://static.inaturalist.org/photos/18560465/medium.jpeg,,,,unknown,,,,,,,,,
53914,48623,Scutellaria,skullcaps,genus,https://inaturalist-open-data.s3.amazonaws.com/photos/81900020/medium.jpeg,,,,unknown,,,,,,,,,
53984,50638,Digitalis,Foxgloves,genus,https://inaturalist-open-data.s3.amazonaws.com/photos/229075348/medium.jpg,,,,unknown,,,,,,,,,
54491,53373,Corylus avellana,common hazel,species,https://inaturalist-open-data.s3.amazonaws.com/photos/249644515/medium.jpg,Corylus avellana,species,non-infrataxon,no_voucher,unknown,exotic,new,0,avellana,"","",accepted,1
54519,48536,Lemna,Duckweeds,genus,https://inaturalist-open-data.s3.amazonaws.com/photos/1934694/medium.jpg,,,,unknown,,,,,,,,,
55434,48386,Saxifraga,Saxifrages,genus,https://inaturalist-open-data.s3.amazonaws.com/photos/951633/medium.JPG,,,,unknown,,,,,,,,,
55677,48567,Sagina,pearlworts,genus,https://inaturalist-open-data.s3.amazonaws.com/photos/11491/medium.jpg,,,,unknown,,,,,,,,,
55728,50638,Cymbalaria,Cancerworts,genus,https://inaturalist-open-data.s3.amazonaws.com/photos/31090428/medium.jpg,,,,unknown,,,,,,,,,
55731,48567,Spergularia,Sand-Spurries,genus,https://inaturalist-open-data.s3.amazonaws.com/photos/15788/medium.jpg,,,,unknown,,,,,,,,,
55754,48527,Valerianella,Cornsalads,genus,https://inaturalist-open-data.s3.amazonaws.com/photos/71484174/medium.jpg,,,,unknown,,,,,,,,,
55869,48064,Cyclamen,Cyclamen,genus,https://inaturalist-open-data.s3.amazonaws.com/photos/185832249/medium.jpeg,,,,unknown,,,,,,,,,
55883,52849,Hedera,ivies,genus,https://inaturalist-open-data.s3.amazonaws.com/photos/63122305/medium.jpg,,,,unknown,,,,,,,,,
55968,48623,Galeopsis,Hempnettles,genus,https://inaturalist-open-data.s3.amazonaws.com/photos/30162184/medium.jpg,,,,unknown,,,,,,,,,
56034,53352,Alnus rubra,Red Alder,species,https://inaturalist-open-data.s3.amazonaws.com/photos/50900970/medium.jpg,Alnus rubra,species,non-infrataxon,voucher,secure,native,confirmed,0,rubra,"","",accepted,1
56161,48527,Valeriana,valerians,genus,https://inaturalist-open-data.s3.amazonaws.com/photos/217362813/medium.jpg,,,,unknown,,,,,,,,,
56165,47151,Verbascum,mulleins,genus,https://static.inaturalist.org/photos/21060503/medium.jpg,,,,unknown,,,,,,,,,
56932,52345,Cuscuta,dodders,genus,https://inaturalist-open-data.s3.amazonaws.com/photos/11821161/medium.jpg,,,,unknown,,,,,,,,,
57006,48567,Spergula,Spurreys,genus,https://inaturalist-open-data.s3.amazonaws.com/photos/268663417/medium.jpeg,,,,unknown,,,,,,,,,
57017,51890,Crassula,Stonecrops,genus,https://inaturalist-open-data.s3.amazonaws.com/photos/11354685/medium.jpg,,,,unknown,,,,,,,,,
57278,57280,Ailanthus altissima,tree-of-heaven,species,https://static.inaturalist.org/photos/21400202/medium.jpg,Ailanthus altissima,species,non-infrataxon,no_voucher,unknown,exotic,new,0,altissima,"","",accepted,1
57285,48527,Plectritis,"",genus,https://inaturalist-open-data.s3.amazonaws.com/photos/127587312/medium.jpeg,,,,unknown,,,,,,,,,
57286,48527,Centranthus,Valerian,genus,https://inaturalist-open-data.s3.amazonaws.com/photos/200045291/medium.jpeg,,,,unknown,,,,,,,,,
57857,48150,Romanzoffia,Mistmaidens,genus,https://inaturalist-open-data.s3.amazonaws.com/photos/12549/medium.jpg,,,,unknown,,,,,,,,,
57869,48536,Spirodela,greater duckweeds,genus,https://inaturalist-open-data.s3.amazonaws.com/photos/426164240/medium.jpg,,,,unknown,,,,,,,,,
58096,50638,Callitriche,Water Starworts,genus,https://inaturalist-open-data.s3.amazonaws.com/photos/12831256/medium.jpeg,,,,unknown,,,,,,,,,
58216,56008,Camissonia contorta,plains evening primrose,species,https://inaturalist-open-data.s3.amazonaws.com/photos/215339300/medium.jpg,Camissonia contorta,species,non-infrataxon,voucher,concern,native,confirmed,0,contorta,"","",accepted,1
58754,52631,Azolla filiculoides,water fern,species,https://inaturalist-open-data.s3.amazonaws.com/photos/107323237/medium.jpg,Azolla filiculoides,species,non-infrataxon,no_voucher,secure,exotic,new,0,filiculoides,"","",accepted,1
58756,332916,Cystopteris,fragile ferns,genus,https://inaturalist-open-data.s3.amazonaws.com/photos/15453/medium.jpg,,,,unknown,,,,,,,,,
58869,48040,Githopsis,"",genus,https://inaturalist-open-data.s3.amazonaws.com/photos/13997/medium.jpg,,,,unknown,,,,,,,,,
58871,48040,Heterocodon,"",genus,https://inaturalist-open-data.s3.amazonaws.com/photos/142682/medium.jpg,,,,unknown,,,,,,,,,
58875,48567,Polycarpon,"",genus,https://inaturalist-open-data.s3.amazonaws.com/photos/44879384/medium.jpg,,,,unknown,,,,,,,,,
58990,48790,Montia fontana,blinks,species,https://inaturalist-open-data.s3.amazonaws.com/photos/6196397/medium.jpeg,Montia fontana,species,non-infrataxon,voucher,secure,native,confirmed,0,fontana,"","",accepted,1
60092,47322,Rhinanthus,Rattles,genus,https://inaturalist-open-data.s3.amazonaws.com/photos/282787425/medium.jpeg,,,,unknown,,,,,,,,,
60250,50638,Gratiola,hedge-hyssops,genus,https://inaturalist-open-data.s3.amazonaws.com/photos/14242/medium.jpg,,,,unknown,,,,,,,,,
60253,60254,Alisma plantago-aquatica,European Water-plantain,species,https://inaturalist-open-data.s3.amazonaws.com/photos/83555577/medium.jpeg,Alisma plantago-aquatica,species,non-infrataxon,voucher,unknown,exotic,confirmed,0.006,plantago-aquatica,"","",accepted,1
60264,60270,Triglochin maritima,common arrowgrass,species,https://static.inaturalist.org/photos/291571459/medium.jpg,Triglochin maritima,species,non-infrataxon,voucher,secure,native,confirmed,0,maritima,"","",accepted,1
60271,47599,Asparagus,Asparagus,genus,https://inaturalist-open-data.s3.amazonaws.com/photos/203493658/medium.jpeg,,,,unknown,,,,,,,,,
60369,133387,Pyrola,wintergreens,genus,https://inaturalist-open-data.s3.amazonaws.com/photos/310741308/medium.jpg,,,,unknown,,,,,,,,,
60479,60478,Armeria,Thrift,genus,https://static.inaturalist.org/photos/120960866/medium.jpg,,,,unknown,,,,,,,,,
60502,49464,Veratrum,false hellebores,genus,https://inaturalist-open-data.s3.amazonaws.com/photos/60127041/medium.jpg,,,,unknown,,,,,,,,,
60997,60999,Ceratophyllum demersum,coontail,species,https://inaturalist-open-data.s3.amazonaws.com/photos/193786804/medium.jpeg,Ceratophyllum demersum,species,non-infrataxon,voucher,secure,native,confirmed,0,demersum,"","",accepted,1
61090,61092,Ruppia maritima,widgeongrass,species,https://inaturalist-open-data.s3.amazonaws.com/photos/4013248/medium.jpg,Ruppia maritima,species,non-infrataxon,voucher,secure,native,confirmed,0.013,maritima,"","",accepted,1
61210,61215,Microsteris gracilis,slender phlox,species,https://static.inaturalist.org/photos/131026425/medium.jpg,Microsteris gracilis,"",non-infrataxon,voucher,secure,native,confirmed,0,gracilis,"","",accepted,1
61321,58937,Lythrum salicaria,purple loosestrife,species,https://static.inaturalist.org/photos/595616547/medium.jpg,Lythrum salicaria,species,non-infrataxon,voucher,unknown,exotic,confirmed,0.007,salicaria,"","",accepted,1
61871,52997,Collomia grandiflora,grand collomia,species,https://inaturalist-open-data.s3.amazonaws.com/photos/19322992/medium.jpg,Collomia grandiflora,species,non-infrataxon,voucher,secure,native,confirmed,0.006,grandiflora,"","",accepted,1
61885,48567,Moehringia,Grove sandworts,genus,https://inaturalist-open-data.s3.amazonaws.com/photos/189167962/medium.jpeg,,,,unknown,,,,,,,,,
61936,48567,Scleranthus,Knawels,genus,https://inaturalist-open-data.s3.amazonaws.com/photos/16554/medium.jpg,,,,unknown,,,,,,,,,
62219,47599,Camassia,camas,genus,https://inaturalist-open-data.s3.amazonaws.com/photos/16966/medium.jpg,,,,unknown,,,,,,,,,
62223,52470,Philadelphus lewisii,Lewis' mock orange,species,https://static.inaturalist.org/photos/40363644/medium.jpg,Philadelphus lewisii,species,non-infrataxon,voucher,secure,native,confirmed,0,lewisii,"","",accepted,1
62232,133387,Chimaphila,wintergreens,genus,https://inaturalist-open-data.s3.amazonaws.com/photos/244943707/medium.jpg,,,,unknown,,,,,,,,,
62482,133387,Allotropa,sugarsticks,genus,https://static.inaturalist.org/photos/43175281/medium.jpg,,,,unknown,,,,,,,,,
62575,61117,Sparganium emersum,unbranched bur-reed,species,https://static.inaturalist.org/photos/218395908/medium.jpg,Sparganium emersum,species,non-infrataxon,voucher,secure,native,confirmed,0.019,emersum,"","",accepted,1
63054,332916,Gymnocarpium,oak ferns,genus,https://inaturalist-open-data.s3.amazonaws.com/photos/18388/medium.jpg,,,,unknown,,,,,,,,,
63137,48527,Linnaea,twinflowers,genus,https://inaturalist-open-data.s3.amazonaws.com/photos/18376/medium.jpg,,,,unknown,,,,,,,,,
63348,61117,Sparganium eurycarpum,big bur-reed,species,https://inaturalist-open-data.s3.amazonaws.com/photos/315248244/medium.jpg,Sparganium eurycarpum,species,non-infrataxon,voucher,secure,native,unconfirmed,0.314,eurycarpum,"","",accepted,1
63893,63963,Paxistima myrsinites,Oregon Boxwood,species,https://inaturalist-open-data.s3.amazonaws.com/photos/170158626/medium.jpg,Paxistima myrsinites,species,non-infrataxon,voucher,secure,native,confirmed,0,myrsinites,"","",accepted,1
63935,54495,Juglans regia,Persian walnut,species,https://inaturalist-open-data.s3.amazonaws.com/photos/146867462/medium.jpg,Juglans regia,species,non-infrataxon,no_voucher,unknown,exotic,confirmed,0.013,regia,"","",accepted,1
64192,50638,Kickxia,Cancerworts,genus,https://inaturalist-open-data.s3.amazonaws.com/photos/258649038/medium.jpeg,,,,unknown,,,,,,,,,
64245,58971,Leptosiphon bicolor,Bicolor Babystars,species,https://inaturalist-open-data.s3.amazonaws.com/photos/11826/medium.jpg,Leptosiphon bicolor,species,non-infrataxon,voucher,unknown,native,confirmed,0.007,bicolor,"","",accepted,1
64292,48040,Triodanis,Venus' Looking-Glasses,genus,https://static.inaturalist.org/photos/18153075/medium.jpg,,,,unknown,,,,,,,,,
64571,47151,Buddleja,butterfly bushes and allies,genus,https://inaturalist-open-data.s3.amazonaws.com/photos/34193/medium.jpg,,,,unknown,,,,,,,,,
68131,63573,Picea sitchensis,Sitka spruce,species,https://static.inaturalist.org/photos/14402959/medium.jpg,Picea sitchensis,species,non-infrataxon,voucher,secure,native,confirmed,0,sitchensis,"","",accepted,1
68214,48386,Boykinia,Brookfoams,genus,https://inaturalist-open-data.s3.amazonaws.com/photos/176599752/medium.jpeg,,,,unknown,,,,,,,,,
68866,52631,Azolla caroliniana,eastern mosquito fern,species,https://inaturalist-open-data.s3.amazonaws.com/photos/431403661/medium.jpeg,Azolla caroliniana,species,non-infrataxon,voucher,unknown,exotic,unconfirmed,0.169,caroliniana,"","",accepted,1
71982,48567,Arenaria,Sandworts,genus,https://inaturalist-open-data.s3.amazonaws.com/photos/182271813/medium.jpeg,,,,unknown,,,,,,,,,
71992,64662,Asplenium,Spleenworts,genus,https://inaturalist-open-data.s3.amazonaws.com/photos/533213500/medium.jpg,,,,unknown,,,,,,,,,
72066,48699,Conioselinum,hemlock-parsleys,genus,https://inaturalist-open-data.s3.amazonaws.com/photos/47674974/medium.jpeg,,,,unknown,,,,,,,,,
72177,50638,Hippuris,Mare's-Tails,genus,https://inaturalist-open-data.s3.amazonaws.com/photos/61662629/medium.jpeg,,,,unknown,,,,,,,,,
72187,48150,Hydrophyllum,Waterleaves,genus,https://inaturalist-open-data.s3.amazonaws.com/photos/18937205/medium.jpg,,,,unknown,,,,,,,,,
72206,47322,Kopsiopsis,Groundcones,genus,https://inaturalist-open-data.s3.amazonaws.com/photos/109829/medium.jpg,,,,unknown,,,,,,,,,
72236,48386,Micranthes,Early saxifrages,genus,https://inaturalist-open-data.s3.amazonaws.com/photos/14510/medium.jpg,,,,unknown,,,,,,,,,
72240,48567,Moenchia,upright chickweed,genus,https://inaturalist-open-data.s3.amazonaws.com/photos/578064563/medium.jpg,,,,unknown,,,,,,,,,
72258,50638,Nothochelone,"",genus,https://inaturalist-open-data.s3.amazonaws.com/photos/1088586/medium.jpg,,,,unknown,,,,,,,,,
72270,133387,Orthilia,Nodding Wintergreens,genus,https://inaturalist-open-data.s3.amazonaws.com/photos/180648/medium.jpg,,,,unknown,,,,,,,,,
72380,47328,Streptopus,twisted-stalks,genus,https://inaturalist-open-data.s3.amazonaws.com/photos/38566187/medium.jpeg,,,,unknown,,,,,,,,,
72427,48536,Wolffia,watermeals,genus,https://inaturalist-open-data.s3.amazonaws.com/photos/61763269/medium.jpeg,,,,unknown,,,,,,,,,
75867,72020,Brasenia schreberi,Watershield,species,https://inaturalist-open-data.s3.amazonaws.com/photos/162378518/medium.jpeg,Brasenia schreberi,species,non-infrataxon,voucher,secure,native,confirmed,0.007,schreberi,"","",accepted,1
76793,57624,Elodea canadensis,Canadian Waterweed,species,https://inaturalist-open-data.s3.amazonaws.com/photos/144898011/medium.jpg,Elodea canadensis,species,non-infrataxon,voucher,secure,native,confirmed,0.006,canadensis,"","",accepted,1
77693,58971,Leptosiphon minimus,true babystars,species,https://inaturalist-open-data.s3.amazonaws.com/photos/439041540/medium.jpg,Leptosiphon minimus,species,non-infrataxon,no_voucher,secure,native,new,0.012,minimus,"","",accepted,1
77914,47620,Lycopodium clavatum,stag's-horn clubmoss,species,https://static.inaturalist.org/photos/93549245/medium.jpg,Lycopodium clavatum var. integerrimum,variety,non-infrataxon,no_voucher,secure,native,unconfirmed,0.562,clavatum,"","",accepted,1
78016,72235,Menyanthes trifoliata,Bogbean,species,https://inaturalist-open-data.s3.amazonaws.com/photos/504446458/medium.jpg,Menyanthes trifoliata,species,non-infrataxon,no_voucher,secure,native,confirmed,0.006,trifoliata,"","",accepted,1
78119,48790,Montia dichotoma,Dwarf Montia,species,https://inaturalist-open-data.s3.amazonaws.com/photos/378990534/medium.jpeg,Montia dichotoma,species,non-infrataxon,voucher,secure,native,confirmed,0.007,dichotoma,"","",accepted,1
78121,48790,Montia howellii,howell's montia,species,https://inaturalist-open-data.s3.amazonaws.com/photos/367019808/medium.jpeg,Montia howellii,species,non-infrataxon,voucher,secure,native,confirmed,0,howellii,"","",accepted,1
78122,48790,Montia linearis,Narrow-leaved Montia,species,https://inaturalist-open-data.s3.amazonaws.com/photos/36411000/medium.jpeg,Montia linearis,species,non-infrataxon,voucher,secure,native,confirmed,0,linearis,"","",accepted,1
78157,60207,Myriophyllum spicatum,Eurasian water-milfoil,species,https://static.inaturalist.org/photos/334876816/medium.jpeg,Myriophyllum spicatum,species,non-infrataxon,no_voucher,unknown,exotic,new,0.006,spicatum,"","",accepted,1
78234,57849,Nuphar polysepala,western yellow pond-lily,species,https://static.inaturalist.org/photos/284389655/medium.jpeg,Nuphar polysepala,species,non-infrataxon,voucher,secure,native,confirmed,0.014,polysepala,"","",accepted,1
78561,72297,Phyllospadix scouleri,Scouler's Surfgrass,species,https://inaturalist-open-data.s3.amazonaws.com/photos/126592018/medium.jpeg,Phyllospadix scouleri,species,non-infrataxon,voucher,secure,native,confirmed,0,scouleri,"","",accepted,1
78562,72297,Phyllospadix torreyi,Torrey's Surfgrass,species,https://inaturalist-open-data.s3.amazonaws.com/photos/11215081/medium.jpg,Phyllospadix torreyi,species,non-infrataxon,no_voucher,secure,native,new,0.012,torreyi,"","",accepted,1
78705,59110,Potamogeton amplifolius,Broad-leaved Pondweed,species,https://inaturalist-open-data.s3.amazonaws.com/photos/410147852/medium.jpeg,Potamogeton amplifolius,species,non-infrataxon,voucher,secure,native,confirmed,0.019,amplifolius,"","",accepted,1
78712,59110,Potamogeton natans,floating-leaved pondweed,species,https://inaturalist-open-data.s3.amazonaws.com/photos/416619931/medium.jpg,Potamogeton natans,species,non-infrataxon,voucher,secure,native,confirmed,0.006,natans,"","",accepted,1
78713,59110,Potamogeton praelongus,white-stemmed pondweed,species,https://inaturalist-open-data.s3.amazonaws.com/photos/325486323/medium.jpeg,Potamogeton praelongus,species,non-infrataxon,voucher,secure,native,confirmed,0.039,praelongus,"","",accepted,1
78716,59110,Potamogeton robbinsii,robbins' pondweed,species,https://inaturalist-open-data.s3.amazonaws.com/photos/423805901/medium.jpeg,Potamogeton robbinsii,species,non-infrataxon,no_voucher,secure,native,new,0.006,robbinsii,"","",accepted,1
78852,47130,Ribes bracteosum,Stink Currant,species,https://inaturalist-open-data.s3.amazonaws.com/photos/197349358/medium.jpg,Ribes bracteosum,species,non-infrataxon,voucher,secure,native,confirmed,0,bracteosum,"","",accepted,1
78858,47130,Ribes lacustre,swamp currant,species,https://static.inaturalist.org/photos/377392354/medium.jpg,Ribes lacustre,species,non-infrataxon,voucher,secure,native,confirmed,0.012,lacustre,"","",accepted,1
78861,47130,Ribes lobbii,gummy gooseberry,species,https://inaturalist-open-data.s3.amazonaws.com/photos/496459207/medium.jpeg,Ribes lobbii,species,non-infrataxon,no_voucher,secure,native,confirmed,0,lobbii,"","",accepted,1
79072,72359,Shepherdia canadensis,Canadian buffalo-berry,species,https://inaturalist-open-data.s3.amazonaws.com/photos/1972996/medium.jpg,Shepherdia canadensis,species,non-infrataxon,voucher,secure,native,confirmed,0,canadensis,"","",accepted,1
79162,61117,Sparganium natans,Small Bur-reed,species,https://inaturalist-open-data.s3.amazonaws.com/photos/555429/medium.jpeg,Sparganium natans,species,non-infrataxon,voucher,secure,native,confirmed,0.025,natans,"","",accepted,1
79558,52616,Zostera japonica,Japanese Eelgrass,species,https://inaturalist-open-data.s3.amazonaws.com/photos/47312791/medium.jpeg,Nanozostera japonica,species,non-infrataxon,no_voucher,unknown,exotic,new,0.006,japonica,"","",unaccepted,1
82203,49033,Myrica gale,bog myrtle,species,https://inaturalist-open-data.s3.amazonaws.com/photos/151933893/medium.jpeg,Myrica gale,species,non-infrataxon,no_voucher,secure,native,confirmed,0,gale,"","",accepted,1
83915,52849,Oplopanax,Devil's Clubs and Walking Sticks,genus,https://static.inaturalist.org/photos/93922262/medium.jpg,,,,unknown,,,,,,,,,
83992,49156,Betula pendula,silver birch,species,https://inaturalist-open-data.s3.amazonaws.com/photos/36257611/medium.jpeg,Betula pendula,species,non-infrataxon,voucher,unknown,exotic,confirmed,0.014,pendula,"","",accepted,1
119805,69819,Ligustrum vulgare,Common Privet,species,https://inaturalist-open-data.s3.amazonaws.com/photos/291303580/medium.jpg,Ligustrum vulgare,species,non-infrataxon,voucher,unknown,exotic,confirmed,0,vulgare,"","",accepted,1
127391,61316,Daphne laureola,Spurge-laurel,species,https://static.inaturalist.org/photos/120446955/medium.jpeg,Daphne laureola,species,non-infrataxon,voucher,unknown,exotic,confirmed,0,laureola,"","",accepted,1
129449,48567,Honckenya,"",genus,https://inaturalist-open-data.s3.amazonaws.com/photos/126292/medium.jpg,,,,unknown,,,,,,,,,
133397,133400,Buxus sempervirens,common box,species,https://static.inaturalist.org/photos/43384449/medium.jpeg,Buxus sempervirens,species,non-infrataxon,voucher,unknown,exotic,confirmed,0.025,sempervirens,"","",accepted,1
159231,49156,Betula pumila,swamp birch,species,https://inaturalist-open-data.s3.amazonaws.com/photos/19558503/medium.jpg,Betula pumila,species,non-infrataxon,voucher,secure,native,unconfirmed,0.433,pumila,"","",accepted,1
160354,60999,Ceratophyllum echinatum,spineless hornwort,species,https://inaturalist-open-data.s3.amazonaws.com/photos/44783367/medium.jpeg,Ceratophyllum echinatum,species,non-infrataxon,voucher,secure,native,unconfirmed,0.413,echinatum,"","",accepted,1
181602,51338,Limnanthes macounii,Macoun's Meadowfoam,species,https://inaturalist-open-data.s3.amazonaws.com/photos/1876980/medium.jpg,Limnanthes macounii,species,non-infrataxon,voucher,concern,native,confirmed,0,macounii,"","",accepted,1
181686,48686,Typha × glauca,hybrid cattail,hybrid,https://inaturalist-open-data.s3.amazonaws.com/photos/4406572/medium.jpg,Typha glauca,hybrid,non-infrataxon,no_voucher,unknown,unknown,new,0.024,"","","",unaccepted,1
273241,47322,Aphyllon,Broomrapes,genus,https://inaturalist-open-data.s3.amazonaws.com/photos/187928351/medium.jpg,,,,unknown,,,,,,,,,
489052,48434,Struthiopteris,"",genus,https://static.inaturalist.org/photos/24694544/medium.jpeg,,,,unknown,,,,,,,,,
514665,48567,Sabulina,"",genus,https://inaturalist-open-data.s3.amazonaws.com/photos/7833998/medium.jpeg,,,,unknown,,,,,,,,,
851026,55329,Sceptridium,grapeferns,genus,https://inaturalist-open-data.s3.amazonaws.com/photos/11889881/medium.jpg,,,,unknown,,,,,,,,,
1424141,48386,Brewerimitella,Brewer's and coastal miterworts,genus,https://inaturalist-open-data.s3.amazonaws.com/photos/43675573/medium.jpeg,,,,unknown,,,,,,,,,
1555600,57624,Elodea densa,Brazilian elodea,species,https://static.inaturalist.org/photos/466025416/medium.jpg,Egeria densa,"",non-infrataxon,unknown,unknown,exotic,confirmed,0.046,densa,"","",unaccepted,1
47121,47122,Lupinus,lupines,genus,https://inaturalist-open-data.s3.amazonaws.com/photos/249761150/medium.jpeg,,,,unknown,,,,,,,,,
47160,47161,Schoenoplectus,Schoenoplectus Bulrushes,genus,https://inaturalist-open-data.s3.amazonaws.com/photos/25906839/medium.jpg,,,,unknown,,,,,,,,,
47351,47148,Prunus,"plums, cherries, and allies",genus,https://inaturalist-open-data.s3.amazonaws.com/photos/93584919/medium.jpg,,,,unknown,,,,,,,,,
47357,55849,Allium,onions,genus,https://inaturalist-open-data.s3.amazonaws.com/photos/13632/medium.jpg,,,,unknown,,,,,,,,,
47436,47122,Lotus,bird's-foot trefoils,genus,https://inaturalist-open-data.s3.amazonaws.com/photos/82867006/medium.jpg,,,,unknown,,,,,,,,,
47544,47148,Rubus,brambles,genus,https://inaturalist-open-data.s3.amazonaws.com/photos/1148035/medium.JPG,,,,unknown,,,,,,,,,
47687,47688,Erodium cicutarium,Redstem Stork's-bill,species,https://static.inaturalist.org/photos/181611272/medium.jpeg,Erodium cicutarium ssp. cicutarium,species,non-infrataxon,voucher,unknown,exotic,confirmed,0,cicutarium,"","",unaccepted,1
47692,47693,Sherardia,"",genus,https://inaturalist-open-data.s3.amazonaws.com/photos/11845/medium.jpg,,,,unknown,,,,,,,,,
47752,47753,Polystichum,shield ferns,genus,https://inaturalist-open-data.s3.amazonaws.com/photos/887917/medium.jpeg,,,,unknown,,,,,,,,,
47780,47781,Iris,Irises,genus,https://inaturalist-open-data.s3.amazonaws.com/photos/58969251/medium.jpeg,,,,unknown,,,,,,,,,
47902,47903,Opuntia,Prickly Pears,genus,https://inaturalist-open-data.s3.amazonaws.com/photos/120515573/medium.jpeg,,,,unknown,,,,,,,,,
48226,47332,Eschscholzia,"",genus,https://inaturalist-open-data.s3.amazonaws.com/photos/1609553/medium.JPG,,,,unknown,,,,,,,,,
48227,47727,Acer macrophyllum,bigleaf maple,species,https://inaturalist-open-data.s3.amazonaws.com/photos/494655644/medium.jpg,Acer macrophyllum,species,non-infrataxon,voucher,secure,native,confirmed,0,macrophyllum,"","",accepted,1
48230,48231,Ranunculus,buttercups,genus,https://inaturalist-open-data.s3.amazonaws.com/photos/53566757/medium.jpeg,,,,unknown,,,,,,,,,
48241,47328,Erythronium,fawn lilies,genus,https://inaturalist-open-data.s3.amazonaws.com/photos/14234311/medium.jpg,,,,unknown,,,,,,,,,
48353,133387,Vaccinium,"blueberries, cranberries, and allies",genus,https://inaturalist-open-data.s3.amazonaws.com/photos/56288/medium.jpg,,,,unknown,,,,,,,,,
48436,48437,Adiantum,maidenhair ferns,genus,https://inaturalist-open-data.s3.amazonaws.com/photos/42065251/medium.jpeg,,,,unknown,,,,,,,,,
48439,52327,Chenopodium,Goosefoots,genus,https://inaturalist-open-data.s3.amazonaws.com/photos/84485453/medium.jpeg,,,,unknown,,,,,,,,,
48442,133387,Gaultheria,wintergreens,genus,https://inaturalist-open-data.s3.amazonaws.com/photos/122726974/medium.jpeg,,,,unknown,,,,,,,,,
48493,48231,Delphinium,larkspurs,genus,https://inaturalist-open-data.s3.amazonaws.com/photos/261142549/medium.jpg,,,,unknown,,,,,,,,,
48523,48528,Symphoricarpos albus,Common Snowberry,species,https://inaturalist-open-data.s3.amazonaws.com/photos/308189040/medium.jpg,Symphoricarpos albus,species,non-infrataxon,voucher,unknown,native,confirmed,0,albus,"","",accepted,1
48537,48729,Lysichiton americanus,western skunk cabbage,species,https://inaturalist-open-data.s3.amazonaws.com/photos/65701886/medium.jpeg,Lysichiton americanus,species,non-infrataxon,voucher,secure,native,confirmed,0,americanus,"","",accepted,1
48539,47122,Cytisus,brooms,genus,https://inaturalist-open-data.s3.amazonaws.com/photos/1179457/medium.jpg,,,,unknown,,,,,,,,,
48571,47161,Carex,true sedges,genus,https://inaturalist-open-data.s3.amazonaws.com/photos/18432491/medium.jpeg,,,,unknown,,,,,,,,,
48582,47148,Sorbus,Rowans and Mountain Ashes,genus,https://inaturalist-open-data.s3.amazonaws.com/photos/327388047/medium.jpg,,,,unknown,,,,,,,,,
48681,47148,Spiraea,meadowsweets,genus,https://inaturalist-open-data.s3.amazonaws.com/photos/20524813/medium.jpeg,,,,unknown,,,,,,,,,
48798,48797,Sidalcea,Checkerblooms,genus,https://inaturalist-open-data.s3.amazonaws.com/photos/7333/medium.jpg,,,,unknown,,,,,,,,,
48928,47328,Lilium,true lilies,genus,https://inaturalist-open-data.s3.amazonaws.com/photos/210060579/medium.jpg,,,,unknown,,,,,,,,,
48943,48516,Datura,Devil's Trumpets,genus,https://inaturalist-open-data.s3.amazonaws.com/photos/533204163/medium.jpg,,,,unknown,,,,,,,,,
49131,48150,Myosotis,Forget-me-nots,genus,https://inaturalist-open-data.s3.amazonaws.com/photos/11134304/medium.jpg,,,,unknown,,,,,,,,,
49139,48150,Plagiobothrys,Popcornflowers,genus,https://inaturalist-open-data.s3.amazonaws.com/photos/63049540/medium.jpg,,,,unknown,,,,,,,,,
49140,48150,Amsinckia,Fiddlenecks,genus,https://inaturalist-open-data.s3.amazonaws.com/photos/259439469/medium.jpg,,,,unknown,,,,,,,,,
49230,47148,Amelanchier,serviceberries,genus,https://inaturalist-open-data.s3.amazonaws.com/photos/47463/medium.jpg,,,,unknown,,,,,,,,,
49341,49340,Castilleja attenuata,valley tassels,species,https://inaturalist-open-data.s3.amazonaws.com/photos/280434527/medium.jpg,Castilleja attenuata,species,non-infrataxon,voucher,concern,native,confirmed,0,attenuata,"","",accepted,1
49371,47161,Scirpus,Scirpus Bulrushes,genus,https://inaturalist-open-data.s3.amazonaws.com/photos/12835/medium.jpg,,,,unknown,,,,,,,,,
49398,133387,Kalmia,mountain-laurels,genus,https://inaturalist-open-data.s3.amazonaws.com/photos/241052591/medium.jpg,,,,unknown,,,,,,,,,
49477,49478,Monotropa uniflora,Ghost Pipe,species,https://inaturalist-open-data.s3.amazonaws.com/photos/4319833/medium.jpeg,Monotropa uniflora,species,non-infrataxon,voucher,secure,native,confirmed,0,uniflora,"","",accepted,1
49487,133387,Rhododendron,rhododendrons and azaleas,genus,https://static.inaturalist.org/photos/132769155/medium.jpg,,,,unknown,,,,,,,,,
49869,48231,Caltha,"",genus,https://inaturalist-open-data.s3.amazonaws.com/photos/3274593/medium.jpg,,,,unknown,,,,,,,,,
49871,48231,Actaea,baneberries and cohoshes,genus,https://inaturalist-open-data.s3.amazonaws.com/photos/41899028/medium.jpeg,,,,unknown,,,,,,,,,
49877,48231,Clematis,Clematis and leatherflowers,genus,https://inaturalist-open-data.s3.amazonaws.com/photos/25083605/medium.jpeg,,,,unknown,,,,,,,,,
49917,47781,Sisyrinchium,blue-eyed grasses,genus,https://inaturalist-open-data.s3.amazonaws.com/photos/27294024/medium.jpg,,,,unknown,,,,,,,,,
50204,47604,Bidens,Beggarticks,genus,https://inaturalist-open-data.s3.amazonaws.com/photos/78688129/medium.jpg,,,,unknown,,,,,,,,,
50249,47599,Maianthemum,mayflowers and false Solomon's seals,genus,https://inaturalist-open-data.s3.amazonaws.com/photos/80170/medium.jpg,,,,unknown,,,,,,,,,
50321,47122,Lathyrus,sweet peas and vetchlings,genus,https://inaturalist-open-data.s3.amazonaws.com/photos/91675201/medium.jpg,,,,unknown,,,,,,,,,
50619,47328,Fritillaria,Fritillaries,genus,https://inaturalist-open-data.s3.amazonaws.com/photos/6272/medium.jpg,,,,unknown,,,,,,,,,
50641,48516,Solanum,nightshades,genus,https://static.inaturalist.org/photos/5299629/medium.jpeg,,,,unknown,,,,,,,,,
50842,47122,Hosackia,"",genus,https://inaturalist-open-data.s3.amazonaws.com/photos/75764305/medium.jpeg,,,,unknown,,,,,,,,,
50921,47599,Muscari,Grape hyacinths,genus,https://inaturalist-open-data.s3.amazonaws.com/photos/49812279/medium.jpeg,,,,unknown,,,,,,,,,
51046,51047,Arbutus menziesii,Pacific madrone,species,https://inaturalist-open-data.s3.amazonaws.com/photos/8268086/medium.jpg,Arbutus menziesii,species,non-infrataxon,voucher,secure,native,confirmed,0,menziesii,"","",accepted,1
51051,47332,Dicentra,Bleedinghearts,genus,https://inaturalist-open-data.s3.amazonaws.com/photos/8862789/medium.jpg,,,,unknown,,,,,,,,,
51071,51072,Prosartes hookeri,Hooker's fairybells,species,https://inaturalist-open-data.s3.amazonaws.com/photos/192085359/medium.jpg,Prosartes hookeri,species,non-infrataxon,voucher,secure,native,confirmed,0,hookeri,"","",accepted,1
51080,51079,Toxicodendron diversilobum,Pacific poison oak,species,https://static.inaturalist.org/photos/14897857/medium.jpeg,Toxicodendron diversilobum,species,non-infrataxon,voucher,concern,native,confirmed,0,diversilobum,"","",accepted,1
51148,47148,Crataegus,hawthorns,genus,https://inaturalist-open-data.s3.amazonaws.com/photos/76382616/medium.jpg,,,,unknown,,,,,,,,,
51229,48623,Stachys,Hedgenettles,genus,https://inaturalist-open-data.s3.amazonaws.com/photos/45199648/medium.jpeg,,,,unknown,,,,,,,,,
51607,55849,Galanthus,snowdrops,genus,https://inaturalist-open-data.s3.amazonaws.com/photos/112148867/medium.jpg,,,,unknown,,,,,,,,,
51609,48536,Arum,arum lilies,genus,https://static.inaturalist.org/photos/34006744/medium.jpeg,,,,unknown,,,,,,,,,
51643,51644,Tiarella trifoliata,Threeleaf Foamflower,species,https://static.inaturalist.org/photos/134451247/medium.jpeg,Tiarella trifoliata,species,non-infrataxon,voucher,unknown,native,confirmed,0,trifoliata,"","",accepted,1
51655,51656,Tellima grandiflora,fringe cups,species,https://inaturalist-open-data.s3.amazonaws.com/photos/143999155/medium.jpg,Tellima grandiflora,species,non-infrataxon,voucher,secure,native,confirmed,0,grandiflora,"","",accepted,1
51742,48699,Aegopodium,"",genus,https://inaturalist-open-data.s3.amazonaws.com/photos/119193/medium.jpg,,,,unknown,,,,,,,,,
51811,47122,Laburnum,Laburnums,genus,https://inaturalist-open-data.s3.amazonaws.com/photos/12186994/medium.jpg,,,,unknown,,,,,,,,,
51876,47122,Trifolium,clovers,genus,https://static.inaturalist.org/photos/187688592/medium.jpg,,,,unknown,,,,,,,,,
52118,52117,Pterospora andromedea,woodland pinedrops,species,https://inaturalist-open-data.s3.amazonaws.com/photos/113501396/medium.jpeg,Pterospora andromedea,species,non-infrataxon,voucher,secure,native,confirmed,0.012,andromedea,"","",accepted,1
52195,48567,Silene,Catchflies,genus,https://inaturalist-open-data.s3.amazonaws.com/photos/9522/medium.jpg,,,,unknown,,,,,,,,,
52472,47122,Vicia,Vetches,genus,https://inaturalist-open-data.s3.amazonaws.com/photos/51639903/medium.jpg,,,,unknown,,,,,,,,,
52504,47332,Papaver,Poppies,genus,https://static.inaturalist.org/photos/18288854/medium.jpg,,,,unknown,,,,,,,,,
52617,52327,Salicornia,pickleweeds,genus,https://inaturalist-open-data.s3.amazonaws.com/photos/2774880/medium.JPG,,,,unknown,,,,,,,,,
52672,47753,Dryopteris,wood ferns,genus,https://inaturalist-open-data.s3.amazonaws.com/photos/133824012/medium.jpg,,,,unknown,,,,,,,,,
52677,48437,Pentagramma,"",genus,https://inaturalist-open-data.s3.amazonaws.com/photos/10360182/medium.jpg,,,,unknown,,,,,,,,,
52680,52679,Polypodium,polypody ferns,genus,https://static.inaturalist.org/photos/375942266/medium.jpeg,,,,unknown,,,,,,,,,
52681,52683,Pteridium aquilinum,common bracken,species,https://inaturalist-open-data.s3.amazonaws.com/photos/64559686/medium.jpg,Pteridium aquilinum,species,non-infrataxon,voucher,unknown,native,confirmed,0,aquilinum,"","",accepted,1
52685,52686,Woodwardia fimbriata,giant chain fern,species,https://inaturalist-open-data.s3.amazonaws.com/photos/30798531/medium.jpg,Woodwardia fimbriata,species,non-infrataxon,voucher,concern,native,confirmed,0,fimbriata,"","",accepted,1
52701,47434,Bromus,bromes,genus,https://inaturalist-open-data.s3.amazonaws.com/photos/271464058/medium.jpg,,,,unknown,,,,,,,,,
52724,47746,Equisetum arvense,field horsetail,species,https://inaturalist-open-data.s3.amazonaws.com/photos/72597295/medium.jpg,Equisetum arvense,species,non-infrataxon,voucher,secure,native,confirmed,0,arvense,"","",accepted,1
52803,47434,Melica,melicgrasses,genus,https://inaturalist-open-data.s3.amazonaws.com/photos/20894945/medium.jpeg,,,,unknown,,,,,,,,,
52836,48699,Angelica,angelicas,genus,https://inaturalist-open-data.s3.amazonaws.com/photos/367447501/medium.jpeg,,,,unknown,,,,,,,,,
52971,52972,Epilobium brachycarpum,panicled willowherb,species,https://inaturalist-open-data.s3.amazonaws.com/photos/320668528/medium.jpeg,Epilobium brachycarpum,species,non-infrataxon,voucher,secure,native,confirmed,0.006,brachycarpum,"","",accepted,1
52973,50853,Cerastium glomeratum,Sticky mouse-ear chickweed,species,https://inaturalist-open-data.s3.amazonaws.com/photos/364232762/medium.jpg,Cerastium glomeratum,species,non-infrataxon,voucher,unknown,exotic,confirmed,0,glomeratum,"","",accepted,1
52999,48699,Conium,"",genus,https://inaturalist-open-data.s3.amazonaws.com/photos/5169/medium.jpg,,,,unknown,,,,,,,,,
53022,52345,Convolvulus,bindweeds,genus,https://inaturalist-open-data.s3.amazonaws.com/photos/32864798/medium.jpg,,,,unknown,,,,,,,,,
53050,52972,Epilobium ciliatum,fringed willowherb,species,https://inaturalist-open-data.s3.amazonaws.com/photos/9677243/medium.jpg,Epilobium ciliatum,species,non-infrataxon,no_voucher,unknown,native,confirmed,0,ciliatum,"","",accepted,1
53053,48699,Foeniculum,"",genus,https://inaturalist-open-data.s3.amazonaws.com/photos/340076603/medium.jpeg,,,,unknown,,,,,,,,,
53060,47693,Galium,bedstraws,genus,https://inaturalist-open-data.s3.amazonaws.com/photos/287183976/medium.jpg,,,,unknown,,,,,,,,,
53095,48699,Heracleum,hogweeds,genus,https://inaturalist-open-data.s3.amazonaws.com/photos/7984388/medium.jpeg,,,,unknown,,,,,,,,,
53136,47604,Madia,tarweeds,genus,https://inaturalist-open-data.s3.amazonaws.com/photos/17593/medium.jpg,,,,unknown,,,,,,,,,
53141,47604,Anisocarpus,"",genus,https://inaturalist-open-data.s3.amazonaws.com/photos/5245/medium.jpg,,,,unknown,,,,,,,,,
53152,47122,Medicago,medicks,genus,https://static.inaturalist.org/photos/114442803/medium.jpg,,,,unknown,,,,,,,,,
53196,48382,Rumex,docks and sorrels,genus,https://inaturalist-open-data.s3.amazonaws.com/photos/14989/medium.jpg,,,,unknown,,,,,,,,,
53199,47122,Rupertia,"",genus,https://inaturalist-open-data.s3.amazonaws.com/photos/73805727/medium.jpg,,,,unknown,,,,,,,,,
53202,48699,Sanicula,sanicles,genus,https://inaturalist-open-data.s3.amazonaws.com/photos/30100058/medium.jpeg,,,,unknown,,,,,,,,,
53315,51886,Urtica urens,Dwarf Nettle,species,https://inaturalist-open-data.s3.amazonaws.com/photos/346153612/medium.jpg,Urtica urens,species,non-infrataxon,voucher,unknown,exotic,new,0,urens,"","",accepted,1
53368,53373,Corylus cornuta californica,California hazelnut,subspecies,https://inaturalist-open-data.s3.amazonaws.com/photos/295770866/medium.jpg,Corylus cornuta ssp. californica,subspecies,non-infrataxon,no_voucher,secure,native,confirmed,0.007,cornuta,Corylus cornuta californica,"",accepted,1
53376,47148,Cotoneaster,Cotoneasters,genus,https://inaturalist-open-data.s3.amazonaws.com/photos/87746968/medium.jpeg,,,,unknown,,,,,,,,,
53387,47193,Cornus sericea,red osier dogwood,species,https://static.inaturalist.org/photos/16633753/medium.jpg,Cornus stolonifera,species,non-infrataxon,voucher,secure,native,confirmed,0,sericea,"","",unaccepted,1
53415,47148,Holodiscus,"",genus,https://inaturalist-open-data.s3.amazonaws.com/photos/5390/medium.jpg,,,,unknown,,,,,,,,,
53420,47148,Oemleria,"",genus,https://inaturalist-open-data.s3.amazonaws.com/photos/5409/medium.jpg,,,,unknown,,,,,,,,,
53438,47148,Rosa,roses,genus,https://inaturalist-open-data.s3.amazonaws.com/photos/128386918/medium.jpeg,,,,unknown,,,,,,,,,
53449,47130,Ribes divaricatum divaricatum,"",variety,https://inaturalist-open-data.s3.amazonaws.com/photos/70367393/medium.jpeg,Ribes divaricatum var. divaricatum,variety,non-infrataxon,unknown,secure,native,confirmed,0.006,divaricatum,"",Ribes divaricatum divaricatum,accepted,1
53597,55849,Narcissus,daffodils,genus,https://static.inaturalist.org/photos/119190821/medium.jpg,,,,unknown,,,,,,,,,
53787,47332,Fumaria,Fumitories,genus,https://inaturalist-open-data.s3.amazonaws.com/photos/199736592/medium.jpeg,,,,unknown,,,,,,,,,
53856,53854,Ilex aquifolium,European holly,species,https://inaturalist-open-data.s3.amazonaws.com/photos/117929954/medium.jpg,Ilex aquifolium,species,non-infrataxon,voucher,unknown,exotic,confirmed,0,aquifolium,"","",accepted,1
54052,47148,Pyracantha,firethorns,genus,https://inaturalist-open-data.s3.amazonaws.com/photos/6798/medium.jpg,,,,unknown,,,,,,,,,
54500,47148,Malus,apples and crabapples,genus,https://inaturalist-open-data.s3.amazonaws.com/photos/14004/medium.jpg,,,,unknown,,,,,,,,,
54523,47122,Pisum,Peas,genus,https://inaturalist-open-data.s3.amazonaws.com/photos/313782726/medium.jpg,,,,unknown,,,,,,,,,
54604,48623,Marrubium,Horehounds,genus,https://inaturalist-open-data.s3.amazonaws.com/photos/10810/medium.jpg,,,,unknown,,,,,,,,,
54808,54806,Fraxinus pennsylvanica,green ash,species,https://inaturalist-open-data.s3.amazonaws.com/photos/201680198/medium.jpg,Fraxinus pennsylvanica,species,non-infrataxon,voucher,unknown,exotic,new,0.049,pennsylvanica,"","",accepted,1
54840,47566,Populus tremuloides,quaking aspen,species,https://inaturalist-open-data.s3.amazonaws.com/photos/706118724/medium.jpg,Populus tremuloides,species,non-infrataxon,voucher,secure,native,confirmed,0,tremuloides,"","",accepted,1
55343,48699,Lomatium,Biscuitroots,genus,https://inaturalist-open-data.s3.amazonaws.com/photos/8867/medium.jpg,,,,unknown,,,,,,,,,
55460,48623,Lamium,deadnettles and archangels,genus,https://static.inaturalist.org/photos/138606452/medium.jpeg,,,,unknown,,,,,,,,,
55461,50651,Nemophila pedunculata,Meadow Baby-blue-eyes,species,https://inaturalist-open-data.s3.amazonaws.com/photos/625785059/medium.jpg,Nemophila pedunculata,species,non-infrataxon,voucher,secure,native,confirmed,0,pedunculata,"","",accepted,1
55667,55677,Sagina procumbens,Procumbent Pearlwort,species,https://static.inaturalist.org/photos/122935534/medium.jpeg,Sagina procumbens,species,non-infrataxon,voucher,unknown,native,confirmed,0,procumbens,"","",accepted,1
55730,55731,Spergularia rubra,Red Sand Spurrey,species,https://inaturalist-open-data.s3.amazonaws.com/photos/63647774/medium.jpg,Spergularia rubra,species,non-infrataxon,voucher,unknown,exotic,confirmed,0,rubra,"","",accepted,1
55735,51890,Sedum,stonecrops,genus,https://inaturalist-open-data.s3.amazonaws.com/photos/137304118/medium.jpeg,,,,unknown,,,,,,,,,
55751,47148,Geum,avens,genus,https://static.inaturalist.org/photos/28198687/medium.jpg,,,,unknown,,,,,,,,,
55752,55754,Valerianella locusta,common cornsalad,species,https://inaturalist-open-data.s3.amazonaws.com/photos/74123736/medium.jpeg,Valerianella locusta,species,non-infrataxon,no_voucher,unknown,exotic,new,0.006,locusta,"","",accepted,1
55767,52995,Claytonia sibirica,Candy Flower,species,https://inaturalist-open-data.s3.amazonaws.com/photos/104700784/medium.jpg,Claytonia sibirica,species,non-infrataxon,voucher,secure,native,confirmed,0,sibirica,"","",accepted,1
55818,47332,Corydalis,Corydalises,genus,https://inaturalist-open-data.s3.amazonaws.com/photos/105543052/medium.jpg,,,,unknown,,,,,,,,,
55820,48064,Primula,Primroses,genus,https://inaturalist-open-data.s3.amazonaws.com/photos/64504107/medium.jpg,,,,unknown,,,,,,,,,
55882,55883,Hedera helix,common ivy,species,https://inaturalist-open-data.s3.amazonaws.com/photos/38428455/medium.jpeg,Hedera helix,species,non-infrataxon,voucher,unknown,exotic,confirmed,0,helix,"","",accepted,1
55969,54774,Viburnum opulus,guelder-rose,species,https://inaturalist-open-data.s3.amazonaws.com/photos/600790807/medium.jpg,Viburnum opulus,species,non-infrataxon,no_voucher,unknown,native,new,0.019,opulus,"","",accepted,1
55978,48797,Malva,Mallows,genus,https://inaturalist-open-data.s3.amazonaws.com/photos/7691700/medium.jpg,,,,unknown,,,,,,,,,
56002,53030,Dipsacus fullonum,wild teasel,species,https://static.inaturalist.org/photos/4385824/medium.jpg,Dipsacus fullonum,species,non-infrataxon,voucher,unknown,exotic,new,0,fullonum,"","",accepted,1
56031,52345,Calystegia,false bindweeds,genus,https://inaturalist-open-data.s3.amazonaws.com/photos/139750094/medium.jpeg,,,,unknown,,,,,,,,,
56089,47122,Robinia,Locust Trees,genus,https://static.inaturalist.org/photos/146377889/medium.jpeg,,,,unknown,,,,,,,,,
56095,47599,Hyacinthoides,Bluebells,genus,https://inaturalist-open-data.s3.amazonaws.com/photos/34750997/medium.jpg,,,,unknown,,,,,,,,,
56138,47599,Ornithogalum,star-of-Bethlehem,genus,https://inaturalist-open-data.s3.amazonaws.com/photos/53046914/medium.jpeg,,,,unknown,,,,,,,,,
56155,48567,Saponaria,Soapworts,genus,https://static.inaturalist.org/photos/46054291/medium.jpg,,,,unknown,,,,,,,,,
56175,48150,Echium,Viper's-buglosses,genus,https://inaturalist-open-data.s3.amazonaws.com/photos/17865712/medium.jpg,,,,unknown,,,,,,,,,
56234,56235,Centaurium,Centauries,genus,https://inaturalist-open-data.s3.amazonaws.com/photos/109916552/medium.jpeg,,,,unknown,,,,,,,,,
56839,48699,Perideridia,yampahs,genus,https://inaturalist-open-data.s3.amazonaws.com/photos/22636/medium.jpg,,,,unknown,,,,,,,,,
56855,47604,Adenocaulon,trailplants,genus,https://inaturalist-open-data.s3.amazonaws.com/photos/46132350/medium.jpg,,,,unknown,,,,,,,,,
57005,57006,Spergula arvensis,Corn spurrey,species,https://inaturalist-open-data.s3.amazonaws.com/photos/62210573/medium.jpeg,Spergula arvensis,species,non-infrataxon,voucher,unknown,exotic,confirmed,0.006,arvensis,"","",accepted,1
57007,49389,Stellaria nitens,shining chickweed,species,https://inaturalist-open-data.s3.amazonaws.com/photos/195838589/medium.jpg,Stellaria nitens,species,non-infrataxon,voucher,secure,native,confirmed,0.006,nitens,"","",accepted,1
57022,47161,Eleocharis,spikerushes,genus,https://inaturalist-open-data.s3.amazonaws.com/photos/33564882/medium.jpeg,,,,unknown,,,,,,,,,
57067,47122,Melilotus,melilots and sweetclovers,genus,https://inaturalist-open-data.s3.amazonaws.com/photos/11727/medium.jpg,,,,unknown,,,,,,,,,
57126,51753,Brodiaea coronaria,crown brodiaea,species,https://inaturalist-open-data.s3.amazonaws.com/photos/96888150/medium.jpeg,Brodiaea coronaria,species,non-infrataxon,voucher,secure,native,confirmed,0.063,coronaria,"","",accepted,1
57132,51086,Triteleia hyacinthina,white brodiaea,species,https://inaturalist-open-data.s3.amazonaws.com/photos/284864787/medium.jpeg,Triteleia hyacinthina,species,non-infrataxon,voucher,secure,native,confirmed,0.042,hyacinthina,"","",accepted,1
57149,52972,Epilobium densiflorum,denseflower willowherb,species,https://inaturalist-open-data.s3.amazonaws.com/photos/42287785/medium.jpg,Epilobium densiflorum,species,non-infrataxon,voucher,concern,native,confirmed,0.007,densiflorum,"","",accepted,1
57150,52972,Epilobium minutum,little willowherb,species,https://inaturalist-open-data.s3.amazonaws.com/photos/121052854/medium.jpeg,Epilobium minutum,"",non-infrataxon,voucher,secure,native,confirmed,0,minutum,"","",accepted,1
57166,47434,Danthonia,Oatgrasses,genus,https://inaturalist-open-data.s3.amazonaws.com/photos/11803/medium.jpg,,,,unknown,,,,,,,,,
57233,52995,Claytonia exigua,Pale Springbeauty,species,https://inaturalist-open-data.s3.amazonaws.com/photos/64303517/medium.jpeg,Claytonia exigua,species,non-infrataxon,voucher,unknown,native,confirmed,0,exigua,"","",accepted,1
57251,47148,Physocarpus,ninebarks,genus,https://inaturalist-open-data.s3.amazonaws.com/photos/20478/medium.jpg,,,,unknown,,,,,,,,,
57276,50793,Triphysaria pusilla,dwarf owl's-clover,species,https://inaturalist-open-data.s3.amazonaws.com/photos/464624719/medium.jpeg,Triphysaria pusilla,species,non-infrataxon,voucher,secure,native,confirmed,0,pusilla,"","",accepted,1
57283,57286,Centranthus ruber,Red Valerian,species,https://inaturalist-open-data.s3.amazonaws.com/photos/524544102/medium.jpg,Centranthus ruber,species,non-infrataxon,voucher,unknown,exotic,new,0,ruber,"","",accepted,1
57287,57285,Plectritis macrocera,Longhorn Seablush,species,https://inaturalist-open-data.s3.amazonaws.com/photos/481001266/medium.jpg,Plectritis macrocera,species,non-infrataxon,voucher,secure,native,confirmed,0,macrocera,"","",accepted,1
57786,57285,Plectritis congesta,shortspur seablush,species,https://static.inaturalist.org/photos/638592125/medium.jpg,Plectritis congesta,species,non-infrataxon,voucher,secure,native,confirmed,0,congesta,"","",accepted,1
57798,50837,Gilia capitata capitata,Blue Field Gilia,subspecies,https://inaturalist-open-data.s3.amazonaws.com/photos/359653/medium.jpeg,Gilia capitata var. capitata,species,non-infrataxon,voucher,unknown,native,confirmed,0.006,capitata,Gilia capitata capitata,"",accepted,1
57863,47161,Rhynchospora,Beaksedges,genus,https://inaturalist-open-data.s3.amazonaws.com/photos/50977623/medium.jpg,,,,unknown,,,,,,,,,
57867,57869,Spirodela polyrhiza,greater duckweed,species,https://inaturalist-open-data.s3.amazonaws.com/photos/8810628/medium.jpeg,Spirodela polyrrhiza,species,non-infrataxon,no_voucher,secure,native,new,0.006,polyrhiza,"","",unaccepted,1
57893,52326,Amaranthus albus,prostrate pigweed,species,https://static.inaturalist.org/photos/2165585/medium.jpg,Amaranthus albus,species,non-infrataxon,voucher,unknown,exotic,unconfirmed,0.784,albus,"","",accepted,1
58093,58096,Callitriche marginata,Winged Water-starwort,species,https://inaturalist-open-data.s3.amazonaws.com/photos/71393068/medium.jpg,Callitriche marginata,species,non-infrataxon,voucher,concern,native,confirmed,0.013,marginata,"","",accepted,1
58112,52327,Atriplex,Saltbushes,genus,https://inaturalist-open-data.s3.amazonaws.com/photos/29710887/medium.jpeg,,,,unknown,,,,,,,,,
58307,48231,Myosurus,Mousetail,genus,https://static.inaturalist.org/photos/191268659/medium.jpg,,,,unknown,,,,,,,,,
58346,47161,Bolboschoenus,Clubrushes,genus,https://inaturalist-open-data.s3.amazonaws.com/photos/85389480/medium.jpg,,,,unknown,,,,,,,,,
58725,47574,Juniperus communis,common juniper,species,https://inaturalist-open-data.s3.amazonaws.com/photos/61660329/medium.jpg,Juniperus communis,species,non-infrataxon,voucher,unknown,native,confirmed,0.006,communis,"","",accepted,1
58728,49289,Berberis,Barberries,genus,https://inaturalist-open-data.s3.amazonaws.com/photos/48462428/medium.jpg,,,,unknown,,,,,,,,,
58759,48437,Aspidotis,lace ferns,genus,https://inaturalist-open-data.s3.amazonaws.com/photos/23009/medium.jpg,,,,unknown,,,,,,,,,
58774,52326,Amaranthus blitoides,procumbent pigweed,species,https://static.inaturalist.org/photos/2479833/medium.jpg,Amaranthus blitoides,species,non-infrataxon,voucher,unknown,exotic,unconfirmed,0.585,blitoides,"","",accepted,1
58867,58869,Githopsis specularioides,common bluecup,species,https://inaturalist-open-data.s3.amazonaws.com/photos/13997/medium.jpg,Githopsis specularioides,species,non-infrataxon,voucher,concern,native,unconfirmed,0.289,specularioides,"","",accepted,1
58949,52972,Epilobium torreyi,Torrey's willowherb,species,https://static.inaturalist.org/photos/129867399/medium.jpeg,Epilobium torreyi,species,non-infrataxon,voucher,unknown,native,unconfirmed,0.422,torreyi,"","",accepted,1
58991,58992,Portulaca oleracea,Common Purslane,species,https://inaturalist-open-data.s3.amazonaws.com/photos/157729445/medium.jpeg,Portulaca oleracea,species,non-infrataxon,voucher,unknown,exotic,new,0.007,oleracea,"","",accepted,1
59013,47324,Collinsia parviflora,small-flowered blue-eyed mary,species,https://inaturalist-open-data.s3.amazonaws.com/photos/184717231/medium.jpg,Collinsia parviflora,species,non-infrataxon,voucher,secure,native,confirmed,0,parviflora,"","",accepted,1
59029,56165,Verbascum thapsus,great mullein,species,https://static.inaturalist.org/photos/44885369/medium.jpg,Verbascum thapsus,species,non-infrataxon,voucher,unknown,exotic,confirmed,0,thapsus,"","",accepted,1
59261,47604,Calendula,marigolds,genus,https://inaturalist-open-data.s3.amazonaws.com/photos/182596247/medium.jpeg,,,,unknown,,,,,,,,,
59986,49478,Monotropa hypopitys,pinesap,species,https://inaturalist-open-data.s3.amazonaws.com/photos/144813215/medium.jpg,Monotropa hypopitys,species,non-infrataxon,voucher,secure,native,confirmed,0.031,hypopitys,"","",accepted,1
60001,48567,Dianthus,carnations,genus,https://inaturalist-open-data.s3.amazonaws.com/photos/141115670/medium.jpg,,,,unknown,,,,,,,,,
60124,48699,Lilaeopsis,grassworts,genus,https://inaturalist-open-data.s3.amazonaws.com/photos/64231404/medium.jpeg,,,,unknown,,,,,,,,,
60126,48699,Cicuta,water hemlocks,genus,https://inaturalist-open-data.s3.amazonaws.com/photos/14180/medium.jpg,,,,unknown,,,,,,,,,
60128,48699,Oenanthe,Water-dropworts,genus,https://static.inaturalist.org/photos/280545779/medium.jpg,,,,unknown,,,,,,,,,
60221,50339,Ludwigia palustris,Water Purslane,species,https://inaturalist-open-data.s3.amazonaws.com/photos/425242/medium.jpg,Ludwigia palustris,species,non-infrataxon,voucher,secure,native,confirmed,0.012,palustris,"","",accepted,1
60258,47161,Isolepis,"",genus,https://inaturalist-open-data.s3.amazonaws.com/photos/23889158/medium.jpeg,,,,unknown,,,,,,,,,
60265,60271,Asparagus officinalis,wild asparagus,species,https://inaturalist-open-data.s3.amazonaws.com/photos/285678052/medium.jpg,Asparagus officinalis,species,non-infrataxon,voucher,unknown,exotic,confirmed,0.006,officinalis,"","",accepted,1
60306,47434,Pleuropogon,"",genus,https://inaturalist-open-data.s3.amazonaws.com/photos/183008/medium.jpg,,,,unknown,,,,,,,,,
60476,60479,Armeria maritima,Sea Thrift,species,https://static.inaturalist.org/photos/176790677/medium.jpeg,Armeria maritima,species,non-infrataxon,voucher,unknown,native,confirmed,0,maritima,"","",accepted,1
60848,47332,Meconella,"",genus,https://inaturalist-open-data.s3.amazonaws.com/photos/15087/medium.jpg,,,,unknown,,,,,,,,,
60970,47604,Jaumea,"",genus,https://inaturalist-open-data.s3.amazonaws.com/photos/16764/medium.jpg,,,,unknown,,,,,,,,,
61064,47434,Glyceria,Sweet Grasses,genus,https://inaturalist-open-data.s3.amazonaws.com/photos/87781838/medium.jpeg,,,,unknown,,,,,,,,,
61305,47604,Doronicum,Leopard's-banes,genus,https://inaturalist-open-data.s3.amazonaws.com/photos/34068716/medium.jpg,,,,unknown,,,,,,,,,
61884,61885,Moehringia macrophylla,Largeleaf Sandwort,species,https://inaturalist-open-data.s3.amazonaws.com/photos/3908325/medium.jpg,Moehringia macrophylla,species,non-infrataxon,voucher,secure,native,confirmed,0,macrophylla,"","",accepted,1
62220,62219,Camassia quamash,small camas,species,https://inaturalist-open-data.s3.amazonaws.com/photos/460622533/medium.jpg,Camassia quamash,species,non-infrataxon,voucher,unknown,native,confirmed,0,quamash,"","",accepted,1
62238,62232,Chimaphila menziesii,Little Prince's Pine,species,https://inaturalist-open-data.s3.amazonaws.com/photos/40940597/medium.jpg,Chimaphila menziesii,"",non-infrataxon,no_voucher,secure,native,unconfirmed,0.405,menziesii,"","",accepted,1
62256,47217,Neottia,"",genus,https://inaturalist-open-data.s3.amazonaws.com/photos/33732/medium.jpg,,,,unknown,,,,,,,,,
62481,62482,Allotropa virgata,sugarstick,species,https://inaturalist-open-data.s3.amazonaws.com/photos/596570317/medium.jpg,Allotropa virgata,species,non-infrataxon,voucher,secure,native,confirmed,0.007,virgata,"","",accepted,1
63690,54262,Abies grandis,grand fir,species,https://inaturalist-open-data.s3.amazonaws.com/photos/83838154/medium.jpeg,Abies grandis,species,non-infrataxon,voucher,secure,native,confirmed,0,grandis,"","",accepted,1
63875,58771,Selaginella wallacei,Wallace's spikemoss,species,https://inaturalist-open-data.s3.amazonaws.com/photos/78629207/medium.jpg,Selaginella wallacei,species,non-infrataxon,voucher,secure,native,confirmed,0,wallacei,"","",accepted,1
63878,54806,Fraxinus latifolia,Oregon Ash,species,https://inaturalist-open-data.s3.amazonaws.com/photos/475505/medium.jpg,Fraxinus latifolia,species,non-infrataxon,voucher,unknown,exotic,confirmed,0.007,latifolia,"","",accepted,1
63910,48257,Pseudotsuga menziesii menziesii,Coast Douglas-fir,variety,https://inaturalist-open-data.s3.amazonaws.com/photos/641410/medium.jpg,Pseudotsuga menziesii var. menziesii,variety,non-infrataxon,voucher,secure,native,confirmed,0,menziesii,"",Pseudotsuga menziesii menziesii,accepted,1
64184,52995,Claytonia rubra,Redstem Springbeauty,species,https://inaturalist-open-data.s3.amazonaws.com/photos/195128757/medium.jpeg,Claytonia rubra,"",non-infrataxon,voucher,secure,native,confirmed,0,rubra,"","",accepted,1
64276,47434,Phragmites,"",genus,https://inaturalist-open-data.s3.amazonaws.com/photos/2676655/medium.jpg,,,,unknown,,,,,,,,,
64293,64292,Triodanis perfoliata,clasping Venus's looking glass,species,https://inaturalist-open-data.s3.amazonaws.com/photos/7717458/medium.jpg,Triodanis perfoliata ssp. perfoliata,species,non-infrataxon,voucher,secure,native,unconfirmed,0.224,perfoliata,"","",unaccepted,1
64318,64322,Cistus creticus,Hoary Rock-rose,species,https://inaturalist-open-data.s3.amazonaws.com/photos/337336536/medium.jpeg,Cistus creticus,species,non-infrataxon,voucher,unknown,exotic,new,0.066,creticus,"","",accepted,1
64332,64192,Kickxia elatine,Sharp-leaved Fluellen,species,https://inaturalist-open-data.s3.amazonaws.com/photos/67389310/medium.jpeg,Kickxia elatine,species,non-infrataxon,voucher,unknown,exotic,confirmed,0.006,elatine,"","",accepted,1
64336,47122,Acmispon,deervetch,genus,https://inaturalist-open-data.s3.amazonaws.com/photos/72627742/medium.jpg,,,,unknown,,,,,,,,,
68049,47179,Arctostaphylos uva-ursi,bearberry,species,https://static.inaturalist.org/photos/181302737/medium.jpeg,Arctostaphylos uva-ursi,species,non-infrataxon,voucher,secure,native,confirmed,0,uva-ursi,"","",accepted,1
68213,68214,Boykinia occidentalis,coastal brookfoam,species,https://static.inaturalist.org/photos/20491076/medium.jpg,Boykinia occidentalis,species,non-infrataxon,voucher,secure,native,confirmed,0.012,occidentalis,"","",accepted,1
71943,49289,Achlys,Sweet-after-deaths,genus,https://static.inaturalist.org/photos/121126/medium.JPG,,,,unknown,,,,,,,,,
71989,47148,Aruncus,"",genus,https://inaturalist-open-data.s3.amazonaws.com/photos/272575/medium.jpg,,,,unknown,,,,,,,,,
72077,48437,Cryptogramma,parsley ferns,genus,https://inaturalist-open-data.s3.amazonaws.com/photos/218335491/medium.jpeg,,,,unknown,,,,,,,,,
72105,47161,Dulichium,"",genus,https://inaturalist-open-data.s3.amazonaws.com/photos/85982806/medium.jpeg,,,,unknown,,,,,,,,,
72113,133387,Empetrum,crowberries,genus,https://inaturalist-open-data.s3.amazonaws.com/photos/53111037/medium.jpeg,,,,unknown,,,,,,,,,
72146,48699,Glehnia,"",genus,https://inaturalist-open-data.s3.amazonaws.com/photos/772204/medium.jpg,,,,unknown,,,,,,,,,
72262,47781,Olsynium,"",genus,https://inaturalist-open-data.s3.amazonaws.com/photos/99896857/medium.jpg,,,,unknown,,,,,,,,,
72276,47122,Oxytropis,Locoweeds,genus,https://inaturalist-open-data.s3.amazonaws.com/photos/109974425/medium.jpeg,,,,unknown,,,,,,,,,
72365,48699,Sium,water parsnips,genus,https://inaturalist-open-data.s3.amazonaws.com/photos/216012266/medium.jpeg,,,,unknown,,,,,,,,,
72433,56235,Zeltnera,Zeltneras,genus,https://inaturalist-open-data.s3.amazonaws.com/photos/385956919/medium.jpeg,,,,unknown,,,,,,,,,
75240,54262,Abies amabilis,Pacific silver fir,species,https://inaturalist-open-data.s3.amazonaws.com/photos/18000782/medium.jpeg,Abies amabilis,species,non-infrataxon,voucher,secure,native,unconfirmed,0.467,amabilis,"","",accepted,1
75505,47179,Arctostaphylos columbiana,hairy manzanita,species,https://inaturalist-open-data.s3.amazonaws.com/photos/814361/medium.jpg,Arctostaphylos columbiana,species,non-infrataxon,voucher,secure,native,confirmed,0,columbiana,"","",accepted,1
75609,71992,Asplenium trichomanes,maidenhair spleenwort,species,https://inaturalist-open-data.s3.amazonaws.com/photos/511602695/medium.jpg,Asplenium trichomanes,species,non-infrataxon,voucher,unknown,native,confirmed,0.006,trichomanes,"","",accepted,1
75916,64571,Buddleja davidii,Butterfly bush,species,https://inaturalist-open-data.s3.amazonaws.com/photos/411134966/medium.jpeg,Buddleja davidii,species,non-infrataxon,voucher,unknown,exotic,confirmed,0,davidii,"","",accepted,1
75991,48596,Campanula scouleri,scouler's harebell,species,https://inaturalist-open-data.s3.amazonaws.com/photos/1707988/medium.jpg,Campanula scouleri,species,non-infrataxon,voucher,secure,native,confirmed,0,scouleri,"","",accepted,1
76197,49674,Ceanothus sanguineus,redstem ceanothus,species,https://inaturalist-open-data.s3.amazonaws.com/photos/340465/medium.jpg,Ceanothus sanguineus,species,non-infrataxon,no_voucher,secure,native,new,0.019,sanguineus,"","",accepted,1
76392,52995,Claytonia washingtoniana,Washington Springbeauty,species,https://inaturalist-open-data.s3.amazonaws.com/photos/490660299/medium.jpg,Claytonia washingtoniana,species,non-infrataxon,no_voucher,concern,native,new,0.031,washingtoniana,"","",accepted,1
76409,47324,Collinsia grandiflora,Giant Blue-eyed Mary,species,https://inaturalist-open-data.s3.amazonaws.com/photos/62149408/medium.jpg,Collinsia grandiflora,species,non-infrataxon,voucher,secure,native,confirmed,0,grandiflora,"","",accepted,1
76447,47193,Cornus nuttallii,Pacific Dogwood,species,https://static.inaturalist.org/photos/641238063/medium.jpg,Cornus nuttallii,species,non-infrataxon,voucher,secure,native,confirmed,0,nuttallii,"","",accepted,1
76831,52972,Epilobium hallianum,Hall's willowherb,species,https://inaturalist-open-data.s3.amazonaws.com/photos/413039245/medium.jpeg,Epilobium hallianum,species,non-infrataxon,voucher,secure,native,confirmed,0.006,hallianum,"","",accepted,1
77300,60250,Gratiola ebracteata,bractless hedge-hyssop,species,https://inaturalist-open-data.s3.amazonaws.com/photos/512133370/medium.jpg,Gratiola ebracteata,species,non-infrataxon,voucher,secure,native,confirmed,0.026,ebracteata,"","",accepted,1
77301,60250,Gratiola neglecta,clammy hedge-hyssop,species,https://inaturalist-open-data.s3.amazonaws.com/photos/66899863/medium.jpeg,Gratiola neglecta,"",non-infrataxon,no_voucher,secure,native,unconfirmed,0.278,neglecta,"","",accepted,1
77422,72177,Hippuris vulgaris,Common Mare's Tail,species,https://inaturalist-open-data.s3.amazonaws.com/photos/50186912/medium.jpg,Hippuris vulgaris,species,non-infrataxon,voucher,secure,native,confirmed,0.007,vulgaris,"","",accepted,1
77472,72187,Hydrophyllum tenuipes,Pacific Waterleaf,species,https://static.inaturalist.org/photos/8008230/medium.jpg,Hydrophyllum tenuipes,species,non-infrataxon,voucher,concern,native,confirmed,0,tenuipes,"","",accepted,1
77611,72206,Kopsiopsis hookeri,small ground-cone,species,https://inaturalist-open-data.s3.amazonaws.com/photos/814356/medium.jpg,Kopsiopsis hookeri,species,non-infrataxon,no_voucher,secure,native,new,0.007,hookeri,"","",accepted,1
77789,50800,Lithophragma glabrum,Bulbous woodland star,species,https://inaturalist-open-data.s3.amazonaws.com/photos/467905882/medium.jpeg,Lithophragma glabrum,species,non-infrataxon,voucher,secure,native,confirmed,0,glabrum,"","",accepted,1
77791,50800,Lithophragma parviflorum,smallflower woodland star,species,https://inaturalist-open-data.s3.amazonaws.com/photos/385035827/medium.jpg,Lithophragma parviflorum,species,non-infrataxon,voucher,secure,native,confirmed,0,parviflorum,"","",accepted,1
77960,53145,Marah oregana,coastal manroot,species,https://inaturalist-open-data.s3.amazonaws.com/photos/8255920/medium.jpg,Marah oreganus,species,non-infrataxon,voucher,concern,native,confirmed,0.006,oregana,"","",unaccepted,1
78088,72240,Moenchia erecta,Upright Chickweed,species,https://inaturalist-open-data.s3.amazonaws.com/photos/236895552/medium.jpeg,Moenchia erecta ssp. erecta,species,non-infrataxon,voucher,unknown,exotic,confirmed,0,erecta,"","",unaccepted,1
78231,72258,Nothochelone nemorosa,Woodland Beardtongue,species,https://inaturalist-open-data.s3.amazonaws.com/photos/95144790/medium.jpeg,Nothochelone nemorosa,species,non-infrataxon,voucher,secure,native,unknown,0.43,nemorosa,"","",accepted,1
78288,72270,Orthilia secunda,one-sided wintergreen,species,https://static.inaturalist.org/photos/216938573/medium.jpg,Orthilia secunda,species,non-infrataxon,no_voucher,secure,native,confirmed,0.012,secunda,"","",accepted,1
78289,50646,Orthocarpus bracteosus,Rosy Owl's-clover,species,https://inaturalist-open-data.s3.amazonaws.com/photos/203926491/medium.jpg,Orthocarpus bracteosus,species,non-infrataxon,voucher,concern,native,confirmed,0.007,bracteosus,"","",accepted,1
78699,47566,Populus trichocarpa,black cottonwood,species,https://static.inaturalist.org/photos/19455945/medium.jpg,Populus trichocarpa,species,non-infrataxon,no_voucher,secure,native,new,0,trichocarpa,"","",accepted,1
78793,60369,Pyrola asarifolia,bog wintergreen,species,https://inaturalist-open-data.s3.amazonaws.com/photos/4298940/medium.jpeg,Pyrola asarifolia,species,non-infrataxon,no_voucher,unknown,native,confirmed,0.007,asarifolia,"","",accepted,1
78872,57857,Romanzoffia sitchensis,Sitka Mistmaiden,species,https://inaturalist-open-data.s3.amazonaws.com/photos/146969911/medium.jpeg,Romanzoffia sitchensis,species,non-infrataxon,no_voucher,secure,native,new,0.006,sitchensis,"","",accepted,1
78873,57857,Romanzoffia tracyi,tracy's romanzoffia,species,https://static.inaturalist.org/photos/488606980/medium.jpg,Romanzoffia tracyi,species,non-infrataxon,voucher,secure,native,confirmed,0,tracyi,"","",accepted,1
78922,55677,Sagina maxima,Sticky-stem Pearlwort,species,https://inaturalist-open-data.s3.amazonaws.com/photos/278318082/medium.jpg,Sagina maxima,species,non-infrataxon,voucher,unknown,native,new,0.018,maxima,"","",accepted,1
78990,851026,Sceptridium multifidum,leathery grapefern,species,https://static.inaturalist.org/photos/321143810/medium.jpeg,Sceptridium multifidum,species,non-infrataxon,voucher,secure,native,confirmed,0.147,multifidum,"","",accepted,1
79016,53914,Scutellaria galericulata,Marsh Skullcap,species,https://inaturalist-open-data.s3.amazonaws.com/photos/143255406/medium.jpg,Scutellaria galericulata,species,non-infrataxon,voucher,secure,native,unconfirmed,0.89,galericulata,"","",accepted,1
79169,55731,Spergularia marina,Saltmarsh Sand Spurry,species,https://inaturalist-open-data.s3.amazonaws.com/photos/188027075/medium.jpeg,Spergularia salina,species,non-infrataxon,voucher,unknown,native,confirmed,0.012,marina,"","",unaccepted,1
79201,49389,Stellaria crispa,Crisp Starwort,species,https://inaturalist-open-data.s3.amazonaws.com/photos/41500310/medium.jpg,Stellaria crispa,species,non-infrataxon,voucher,secure,native,confirmed,0.013,crispa,"","",accepted,1
79273,72380,Streptopus amplexifolius,white twisted-stalk,species,https://inaturalist-open-data.s3.amazonaws.com/photos/109161220/medium.jpg,Streptopus amplexifolius,species,non-infrataxon,voucher,secure,native,confirmed,0.012,amplexifolius,"","",accepted,1
79343,53300,Thalictrum occidentale,Western Meadow-rue,species,https://inaturalist-open-data.s3.amazonaws.com/photos/632498/medium.JPG,Thalictrum occidentale,species,non-infrataxon,no_voucher,secure,native,confirmed,0,occidentale,"","",accepted,1
79452,51086,Triteleia grandiflora,large-flowered triteleia,species,https://inaturalist-open-data.s3.amazonaws.com/photos/471689354/medium.jpg,Triteleia grandiflora,species,non-infrataxon,voucher,unknown,native,confirmed,0.007,grandiflora,"","",accepted,1
79527,72427,Wolffia brasiliensis,Brazilian watermeal,species,https://inaturalist-open-data.s3.amazonaws.com/photos/226212359/medium.jpg,Wolffia brasiliensis,species,non-infrataxon,no_voucher,unknown,exotic,new,0.019,brasiliensis,"","",accepted,1
79528,72427,Wolffia columbiana,Columbian Watermeal,species,https://inaturalist-open-data.s3.amazonaws.com/photos/28423169/medium.jpg,Wolffia columbiana,species,non-infrataxon,voucher,concern,native,confirmed,0.019,columbiana,"","",accepted,1
79729,47933,Circaea alpina pacifica,Pacific enchanter's-nightshade,subspecies,https://inaturalist-open-data.s3.amazonaws.com/photos/948194/medium.jpg,Circaea alpina ssp. pacifica,subspecies,non-infrataxon,unknown,secure,native,confirmed,0,alpina,Circaea alpina pacifica,"",accepted,1
79754,59993,Comandra umbellata californica,California Comandra,subspecies,https://inaturalist-open-data.s3.amazonaws.com/photos/4216448/medium.jpeg,Comandra umbellata ssp. californica,subspecies,non-infrataxon,voucher,concern,native,confirmed,0,umbellata,Comandra umbellata californica,"",accepted,1
80050,52942,Navarretia intertexta propinqua,Great Basin navarretia,subspecies,https://inaturalist-open-data.s3.amazonaws.com/photos/42548457/medium.jpeg,Navarretia propinqua,variety,non-infrataxon,voucher,concern,native,confirmed,0.006,intertexta,Navarretia intertexta propinqua,"",unaccepted,1
81349,47130,Ribes sanguineum sanguineum,Winter Currant,variety,https://inaturalist-open-data.s3.amazonaws.com/photos/1499583/medium.jpg,Ribes sanguineum var. sanguineum,species,non-infrataxon,voucher,secure,native,confirmed,0,sanguineum,"",Ribes sanguineum sanguineum,accepted,1
81439,60270,Triglochin concinna concinna,"",variety,https://inaturalist-open-data.s3.amazonaws.com/photos/184379790/medium.jpg,Triglochin concinna var. concinna,variety,non-infrataxon,voucher,concern,native,unconfirmed,0.382,concinna,"",Triglochin concinna concinna,accepted,1
83914,83915,Oplopanax horridus,Devil's Club,species,https://inaturalist-open-data.s3.amazonaws.com/photos/88963272/medium.jpg,Oplopanax horridus,species,non-infrataxon,no_voucher,secure,native,confirmed,0,horridus,"","",accepted,1
84517,52972,Epilobium hirsutum,Great Willowherb,species,https://inaturalist-open-data.s3.amazonaws.com/photos/83743780/medium.jpg,Epilobium hirsutum,species,non-infrataxon,voucher,unknown,exotic,confirmed,0.013,hirsutum,"","",accepted,1
85321,48596,Campanula rapunculoides,Creeping Bellflower,species,https://inaturalist-open-data.s3.amazonaws.com/photos/144795941/medium.jpeg,Campanula rapunculoides,species,non-infrataxon,voucher,unknown,exotic,confirmed,0.007,rapunculoides,"","",accepted,1
120491,63054,Gymnocarpium disjunctum,Pacific oak fern,species,https://inaturalist-open-data.s3.amazonaws.com/photos/76822841/medium.jpg,Gymnocarpium disjunctum,species,non-infrataxon,no_voucher,secure,native,new,0.018,disjunctum,"","",accepted,1
125440,54806,Fraxinus excelsior,European ash,species,https://inaturalist-open-data.s3.amazonaws.com/photos/218128525/medium.jpeg,Fraxinus excelsior,species,non-infrataxon,voucher,unknown,exotic,confirmed,0.006,excelsior,"","",accepted,1
128077,49340,Castilleja levisecta,Golden Paintbrush,species,https://inaturalist-open-data.s3.amazonaws.com/photos/124717453/medium.jpg,Castilleja levisecta,species,non-infrataxon,voucher,concern,native,confirmed,0,levisecta,"","",accepted,1
128848,53303,Tolmiea menziesii,Youth-on-Age,species,https://inaturalist-open-data.s3.amazonaws.com/photos/381398891/medium.jpeg,Tolmiea menziesii,species,non-infrataxon,voucher,secure,native,confirmed,0,menziesii,"","",accepted,1
129267,55731,Spergularia rupicola,Rock Sea-spurrey,species,https://inaturalist-open-data.s3.amazonaws.com/photos/22853774/medium.jpg,Spergularia rupicola,species,non-infrataxon,voucher,unknown,exotic,new,0.083,rupicola,"","",accepted,1
135883,47574,Juniperus scopulorum,Rocky Mountain Juniper,species,https://static.inaturalist.org/photos/53827887/medium.jpeg,Juniperus scopulorum,"",non-infrataxon,voucher,secure,native,confirmed,0,scopulorum,"","",accepted,1
143799,52689,Sambucus cerulea,blue elder,species,https://inaturalist-open-data.s3.amazonaws.com/photos/136505248/medium.jpg,Sambucus cerulea,species,non-infrataxon,no_voucher,secure,native,confirmed,0.006,cerulea,"","",accepted,1
156250,47332,Roemeria,"",genus,https://static.inaturalist.org/photos/52012592/medium.jpeg,,,,unknown,,,,,,,,,
156438,47434,Pseudosasa,Arrow Bamboos,genus,https://inaturalist-open-data.s3.amazonaws.com/photos/1490229/medium.jpg,,,,unknown,,,,,,,,,
157614,47204,Ionopsidium,"",genus,https://inaturalist-open-data.s3.amazonaws.com/photos/247186804/medium.jpg,,,,unknown,,,,,,,,,
159761,48596,Campanula medium,Canterbury-bells,species,https://inaturalist-open-data.s3.amazonaws.com/photos/571010/medium.jpg,Campanula medium,species,non-infrataxon,voucher,unknown,exotic,confirmed,0.006,medium,"","",accepted,1
159764,48596,Campanula persicifolia,Peach-leaved Bellflower,species,https://inaturalist-open-data.s3.amazonaws.com/photos/136715790/medium.jpeg,Campanula persicifolia,species,non-infrataxon,voucher,unknown,exotic,new,0.006,persicifolia,"","",accepted,1
160227,49340,Castilleja victoriae,Victoria's Paintbrush,species,https://inaturalist-open-data.s3.amazonaws.com/photos/41444174/medium.jpg,Castilleja victoriae,species,non-infrataxon,voucher,concern,native,confirmed,0,victoriae,"","",accepted,1
160343,50853,Cerastium semidecandrum,Little Mouse-ear,species,https://inaturalist-open-data.s3.amazonaws.com/photos/34524574/medium.jpeg,Cerastium semidecandrum,species,non-infrataxon,voucher,unknown,exotic,confirmed,0.021,semidecandrum,"","",accepted,1
160347,50853,Cerastium tomentosum,Snow-in-summer,species,https://inaturalist-open-data.s3.amazonaws.com/photos/130033375/medium.jpg,Cerastium tomentosum,species,non-infrataxon,voucher,unknown,exotic,confirmed,0,tomentosum,"","",accepted,1
160830,72066,Conioselinum gmelinii,Western Hemlock-parsley,species,https://inaturalist-open-data.s3.amazonaws.com/photos/8822486/medium.jpeg,Conioselinum pacificum,species,non-infrataxon,voucher,secure,native,confirmed,0.013,gmelinii,"","",unaccepted,1
162366,52972,Epilobium obscurum,Short-fruited Willowherb,species,https://inaturalist-open-data.s3.amazonaws.com/photos/506113999/medium.jpg,Epilobium obscurum,species,non-infrataxon,voucher,unknown,exotic,new,0.111,obscurum,"","",accepted,1
163549,55883,Hedera hibernica,Atlantic Ivy,species,https://inaturalist-open-data.s3.amazonaws.com/photos/236581363/medium.jpg,Hedera hibernica,species,non-infrataxon,voucher,unknown,exotic,new,0,hibernica,"","",accepted,1
181436,47179,Arctostaphylos × media,Medium Manzanita,hybrid,https://inaturalist-open-data.s3.amazonaws.com/photos/116099168/medium.jpeg,Arctostaphylos media,hybrid,non-infrataxon,no_voucher,unknown,native,confirmed,0.018,"","","",invalid,1
204204,48567,Atocion,"",genus,https://inaturalist-open-data.s3.amazonaws.com/photos/20412978/medium.jpeg,,,,unknown,,,,,,,,,
204212,48231,Ficaria,Fig Buttercups,genus,https://inaturalist-open-data.s3.amazonaws.com/photos/115612911/medium.jpg,,,,unknown,,,,,,,,,
204353,48063,Lysimachia minima,Chaffweed,species,https://inaturalist-open-data.s3.amazonaws.com/photos/214915358/medium.jpeg,Lysimachia minima,species,non-infrataxon,voucher,secure,native,unconfirmed,0.441,minima,"","",accepted,1
234559,49156,Betula pubescens pubescens,"",variety,https://static.inaturalist.org/photos/94642697/medium.jpeg,Betula pubescens ssp. pubescens,species,non-infrataxon,voucher,unknown,exotic,confirmed,0.006,pubescens,"",Betula pubescens pubescens,accepted,1
237322,48790,Montia parvifolia parvifolia,"",variety,https://inaturalist-open-data.s3.amazonaws.com/photos/4141389/medium.png,Montia parvifolia var. flagellaris,species,non-infrataxon,voucher,secure,native,confirmed,0,parvifolia,"",Montia parvifolia parvifolia,unaccepted,1
319281,54806,Fraxinus ornus,Manna ash,species,https://inaturalist-open-data.s3.amazonaws.com/photos/72201155/medium.jpg,Fraxinus ornus,species,non-infrataxon,voucher,unknown,exotic,new,0.019,ornus,"","",accepted,1
430685,47122,Argyrocytisus,"",genus,https://inaturalist-open-data.s3.amazonaws.com/photos/1537876/medium.jpg,,,,unknown,,,,,,,,,
446668,52327,Oxybasis,Goosefoots,genus,https://inaturalist-open-data.s3.amazonaws.com/photos/49715256/medium.jpg,,,,unknown,,,,,,,,,
453644,319976,Erythranthe moschata,musk monkeyflower,species,https://inaturalist-open-data.s3.amazonaws.com/photos/19171/medium.jpg,Erythranthe moschata,species,non-infrataxon,voucher,secure,native,confirmed,0,moschata,"","",accepted,1
453717,319976,Erythranthe microphylla,Small-leaf Monkeyflower,species,https://inaturalist-open-data.s3.amazonaws.com/photos/600934274/medium.jpg,Erythranthe microphylla,species,non-infrataxon,voucher,secure,native,confirmed,0,microphylla,"","",accepted,1
470643,319976,Erythranthe guttata,seep monkeyflower,species,https://inaturalist-open-data.s3.amazonaws.com/photos/80360799/medium.jpeg,Erythranthe guttata,species,non-infrataxon,voucher,secure,native,confirmed,0,guttata,"","",accepted,1
481693,48437,Myriopteris,lip ferns,genus,https://inaturalist-open-data.s3.amazonaws.com/photos/7672580/medium.jpg,,,,unknown,,,,,,,,,
489239,49912,Calandrinia ciliata,fringed redmaids,species,https://inaturalist-open-data.s3.amazonaws.com/photos/2001/medium.jpg,Calandrinia ciliata,"",non-infrataxon,unknown,concern,native,confirmed,0,ciliata,"","",accepted,1
514011,52327,Chenopodiastrum,maple and nettle-leaved goosefoots,genus,https://inaturalist-open-data.s3.amazonaws.com/photos/32073392/medium.jpg,,,,unknown,,,,,,,,,
537967,51287,Bellardia viscosa,Yellow Glandweed,species,https://static.inaturalist.org/photos/31449/medium.jpg,Bellardia viscosa,species,non-infrataxon,voucher,unknown,exotic,confirmed,0.008,viscosa,"","",accepted,1
543175,52689,Sambucus racemosa arborescens,Coastal Red Elder,variety,https://inaturalist-open-data.s3.amazonaws.com/photos/7357995/medium.jpeg,Sambucus racemosa var. arborescens,variety,non-infrataxon,unknown,secure,native,confirmed,0,racemosa,"",Sambucus racemosa arborescens,accepted,1
545973,319976,Erythranthe nasuta,shy monkeyflower,species,https://inaturalist-open-data.s3.amazonaws.com/photos/117995360/medium.jpeg,Erythranthe sookensis,"",non-infrataxon,unknown,secure,native,confirmed,0,nasuta,"","",accepted,1
564969,564913,Chamaenerion angustifolium,fireweed,species,https://inaturalist-open-data.s3.amazonaws.com/photos/619007051/medium.jpg,Chamaenerion angustifolium,species,non-infrataxon,voucher,secure,native,confirmed,0,angustifolium,"","",accepted,1
734821,51890,Petrosedum,"",genus,https://inaturalist-open-data.s3.amazonaws.com/photos/105160533/medium.jpeg,,,,unknown,,,,,,,,,
771653,47122,Ulex,Gorses,genus,https://static.inaturalist.org/photos/2107349/medium.jpg,,,,unknown,,,,,,,,,
771843,319976,Erythranthe alsinoides,wingstem monkeyflower,species,https://inaturalist-open-data.s3.amazonaws.com/photos/119194864/medium.jpg,Erythranthe alsinoides,species,non-infrataxon,voucher,secure,native,confirmed,0,alsinoides,"","",accepted,1
771908,319976,Erythranthe ptilota,wing-leaf monkeyflower,species,https://static.inaturalist.org/photos/144748228/medium.jpg,Erythranthe ptilota,species,non-infrataxon,no_voucher,secure,native,new,0.012,ptilota,"","",accepted,1
774894,489052,Struthiopteris spicant,deer fern,species,https://inaturalist-open-data.s3.amazonaws.com/photos/53091615/medium.jpg,Struthiopteris spicant,species,non-infrataxon,voucher,secure,native,confirmed,0,spicant,"","",accepted,1
836878,514665,Sabulina macra,Slender Stitchwort,species,https://inaturalist-open-data.s3.amazonaws.com/photos/502604506/medium.jpg,Sabulina macra,species,non-infrataxon,voucher,secure,native,confirmed,0.006,macra,"","",accepted,1
836888,514665,Sabulina pusilla,annual sandwort,species,https://inaturalist-open-data.s3.amazonaws.com/photos/148507/medium.jpg,Sabulina pusilla,species,non-infrataxon,voucher,concern,native,unconfirmed,0.289,pusilla,"","",accepted,1
836893,514665,Sabulina rubella,Beautiful Sandwort,species,https://inaturalist-open-data.s3.amazonaws.com/photos/207222249/medium.jpg,Sabulina rubella,species,non-infrataxon,no_voucher,secure,native,confirmed,0.018,rubella,"","",accepted,1
878738,48231,Halerpestes,"",genus,https://inaturalist-open-data.s3.amazonaws.com/photos/65832406/medium.jpeg,,,,unknown,,,,,,,,,
939032,53352,Alnus alnobetula sinuata,Sitka Alder,subspecies,https://inaturalist-open-data.s3.amazonaws.com/photos/144379283/medium.jpeg,Alnus viridis ssp. sinuata,subspecies,non-infrataxon,voucher,secure,native,confirmed,0.038,alnobetula,Alnus alnobetula sinuata,"",unaccepted,1
950583,48231,Anemonoides,"",genus,https://inaturalist-open-data.s3.amazonaws.com/photos/620917016/medium.jpg,,,,unknown,,,,,,,,,
962562,47434,Eriocoma,Western Needlegrasses,genus,https://static.inaturalist.org/photos/95159703/medium.jpg,,,,unknown,,,,,,,,,
1417248,49389,Stellaria sitchana,Sitka starwort,species,https://inaturalist-open-data.s3.amazonaws.com/photos/9000132/medium.jpg,Stellaria borealis ssp. sitchana,subspecies,non-infrataxon,unknown,secure,native,unconfirmed,0.935,sitchana,"","",unaccepted,1
1424143,1424141,Brewerimitella ovalis,coastal miterwort,species,https://inaturalist-open-data.s3.amazonaws.com/photos/276935121/medium.jpg,Pectiantia ovalis,species,non-infrataxon,voucher,unknown,native,confirmed,0.006,ovalis,"","",unaccepted,1
1639004,58871,Heterocodon rariflorus,western pearlflower,species,https://inaturalist-open-data.s3.amazonaws.com/photos/42067859/medium.jpeg,Heterocodon rariflorus,species,non-infrataxon,voucher,secure,native,confirmed,0.007,rariflorus,"","",accepted,1
47203,47204,Lepidium,Pepperweeds,genus,https://inaturalist-open-data.s3.amazonaws.com/photos/59023843/medium.jpg,,,,unknown,,,,,,,,,
47216,47217,Calypso,fairy-slippers,genus,https://static.inaturalist.org/photos/358/medium.jpg,,,,unknown,,,,,,,,,
47361,47362,Apocynum,dogbanes,genus,https://inaturalist-open-data.s3.amazonaws.com/photos/353214749/medium.jpeg,,,,unknown,,,,,,,,,
47603,47604,Taraxacum,dandelions,genus,https://inaturalist-open-data.s3.amazonaws.com/photos/357067554/medium.jpg,,,,unknown,,,,,,,,,
47691,47692,Sherardia arvensis,Field madder,species,https://inaturalist-open-data.s3.amazonaws.com/photos/426141892/medium.jpg,Sherardia arvensis,species,non-infrataxon,voucher,unknown,exotic,confirmed,0,arvensis,"","",accepted,1
47696,47434,Cynosurus,Dog's Tail,genus,https://inaturalist-open-data.s3.amazonaws.com/photos/283098/medium.jpg,,,,unknown,,,,,,,,,
47698,47204,Hesperis,"",genus,https://inaturalist-open-data.s3.amazonaws.com/photos/40906909/medium.jpg,,,,unknown,,,,,,,,,
47751,47752,Polystichum munitum,western sword fern,species,https://inaturalist-open-data.s3.amazonaws.com/photos/412744739/medium.jpeg,Polystichum munitum,species,non-infrataxon,voucher,secure,native,confirmed,0,munitum,"","",accepted,1
47757,47758,Oxalis oregana,Oregon woodsorrel,species,https://inaturalist-open-data.s3.amazonaws.com/photos/257059959/medium.jpg,Oxalis oregana,species,non-infrataxon,voucher,concern,native,new,0,oregana,"","",accepted,1
47888,47889,Impatiens capensis,common jewelweed,species,https://inaturalist-open-data.s3.amazonaws.com/photos/419410578/medium.jpg,Impatiens capensis,species,non-infrataxon,voucher,unknown,native,new,0.114,capensis,"","",accepted,1
48016,47204,Arabidopsis,"",genus,https://inaturalist-open-data.s3.amazonaws.com/photos/68183236/medium.jpg,,,,unknown,,,,,,,,,
48031,47217,Platanthera,Bog Orchids,genus,https://inaturalist-open-data.s3.amazonaws.com/photos/78592990/medium.jpeg,,,,unknown,,,,,,,,,
48070,48071,Sagittaria latifolia,broadleaf arrowhead,species,https://inaturalist-open-data.s3.amazonaws.com/photos/89848802/medium.jpg,Sagittaria latifolia,variety,non-infrataxon,voucher,secure,native,unconfirmed,0.259,latifolia,"","",accepted,1
48160,47604,Centaurea,knapweeds,genus,https://static.inaturalist.org/photos/28956867/medium.jpg,,,,unknown,,,,,,,,,
48225,48226,Eschscholzia californica,California poppy,species,https://inaturalist-open-data.s3.amazonaws.com/photos/67227218/medium.jpg,Eschscholzia californica,"",non-infrataxon,unknown,unknown,exotic,confirmed,0,californica,"","",accepted,1
48251,48245,Aquilegia formosa formosa,crimson columbine,variety,https://inaturalist-open-data.s3.amazonaws.com/photos/379852/medium.jpg,Aquilegia formosa var. formosa,species,non-infrataxon,voucher,secure,native,confirmed,0,formosa,"",Aquilegia formosa formosa,accepted,1
48441,48442,Gaultheria shallon,salal,species,https://inaturalist-open-data.s3.amazonaws.com/photos/271254015/medium.jpg,Gaultheria shallon,species,non-infrataxon,voucher,secure,native,confirmed,0,shallon,"","",accepted,1
48538,48539,Cytisus scoparius,Scotch Broom,species,https://inaturalist-open-data.s3.amazonaws.com/photos/70985676/medium.jpg,Cytisus scoparius,species,non-infrataxon,voucher,unknown,exotic,confirmed,0,scoparius,"","",accepted,1
48544,47604,Mycelis,"",genus,https://inaturalist-open-data.s3.amazonaws.com/photos/295924851/medium.jpg,,,,unknown,,,,,,,,,
48561,47604,Cirsium,Plume Thistles,genus,https://static.inaturalist.org/photos/59587162/medium.jpg,,,,unknown,,,,,,,,,
48678,47604,Solidago,goldenrods,genus,https://inaturalist-open-data.s3.amazonaws.com/photos/57467655/medium.jpeg,,,,unknown,,,,,,,,,
48972,48382,Polygonum,knotweeds,genus,https://inaturalist-open-data.s3.amazonaws.com/photos/227072695/medium.jpg,,,,unknown,,,,,,,,,
49130,49131,Myosotis scorpioides,water forget-me-not,species,https://inaturalist-open-data.s3.amazonaws.com/photos/199155526/medium.jpg,Myosotis scorpioides,species,non-infrataxon,voucher,unknown,exotic,confirmed,0.012,scorpioides,"","",accepted,1
49445,47217,Corallorhiza,Coralroots,genus,https://inaturalist-open-data.s3.amazonaws.com/photos/72829209/medium.jpeg,,,,unknown,,,,,,,,,
49652,47204,Cardamine,Bittercresses and Toothworts,genus,https://inaturalist-open-data.s3.amazonaws.com/photos/17401/medium.jpg,,,,unknown,,,,,,,,,
49870,49871,Actaea rubra,red baneberry,species,https://inaturalist-open-data.s3.amazonaws.com/photos/7495811/medium.jpeg,Actaea rubra,species,non-infrataxon,no_voucher,secure,native,confirmed,0.012,rubra,"","",accepted,1
50299,47148,Fragaria,strawberries,genus,https://inaturalist-open-data.s3.amazonaws.com/photos/56019786/medium.jpg,,,,unknown,,,,,,,,,
50614,47121,Lupinus bicolor,Miniature Lupine,species,https://inaturalist-open-data.s3.amazonaws.com/photos/187175731/medium.jpeg,Lupinus bicolor,"",non-infrataxon,voucher,secure,native,confirmed,0,bicolor,"","",accepted,1
50630,47204,Erysimum,Wallflowers,genus,https://static.inaturalist.org/photos/63101390/medium.jpeg,,,,unknown,,,,,,,,,
50707,47217,Cephalanthera,"",genus,https://inaturalist-open-data.s3.amazonaws.com/photos/39297872/medium.jpg,,,,unknown,,,,,,,,,
50716,47217,Epipactis,Helleborines,genus,https://inaturalist-open-data.s3.amazonaws.com/photos/4811198/medium.jpeg,,,,unknown,,,,,,,,,
50718,47217,Goodyera,rattlesnake plantains,genus,https://inaturalist-open-data.s3.amazonaws.com/photos/150468053/medium.jpeg,,,,unknown,,,,,,,,,
50741,47217,Spiranthes,Ladies'-tresses,genus,https://inaturalist-open-data.s3.amazonaws.com/photos/14572/medium.jpg,,,,unknown,,,,,,,,,
50790,50791,Linaria vulgaris,common toadflax,species,https://inaturalist-open-data.s3.amazonaws.com/photos/542354433/medium.jpg,Linaria vulgaris,species,non-infrataxon,no_voucher,unknown,exotic,new,0.006,vulgaris,"","",accepted,1
50807,47604,Uropappus,"",genus,https://inaturalist-open-data.s3.amazonaws.com/photos/7016134/medium.jpeg,,,,unknown,,,,,,,,,
50841,50842,Hosackia gracilis,witch's-teeth,species,https://static.inaturalist.org/photos/1895532/medium.jpg,Hosackia gracilis,species,non-infrataxon,voucher,concern,native,confirmed,0.007,gracilis,"","",accepted,1
50847,50853,Cerastium arvense strictum,field mouse-ear chickweed,subspecies,https://inaturalist-open-data.s3.amazonaws.com/photos/42426739/medium.jpeg,Cerastium arvense ssp. strictum,subspecies,non-infrataxon,voucher,secure,native,confirmed,0,arvense,Cerastium arvense strictum,"",accepted,1
50879,47604,Erigeron,fleabanes and horseweeds,genus,https://inaturalist-open-data.s3.amazonaws.com/photos/471076045/medium.jpg,,,,unknown,,,,,,,,,
50988,47604,Lasthenia,goldfields,genus,https://inaturalist-open-data.s3.amazonaws.com/photos/261982606/medium.jpeg,,,,unknown,,,,,,,,,
51048,51051,Dicentra formosa,Pacific Bleeding Heart,species,https://inaturalist-open-data.s3.amazonaws.com/photos/76022505/medium.jpg,Dicentra formosa ssp. Formosa,species,non-infrataxon,voucher,unknown,native,confirmed,0,formosa,"","",invalid,1
51610,51611,Veronica chamaedrys,Germander Speedwell,species,https://inaturalist-open-data.s3.amazonaws.com/photos/291786073/medium.jpg,Veronica chamaedrys,species,non-infrataxon,voucher,unknown,exotic,new,0,chamaedrys,"","",accepted,1
51649,51644,Tiarella trifoliata trifoliata,Threeleaf Foamflower,variety,https://inaturalist-open-data.s3.amazonaws.com/photos/134228715/medium.jpg,Tiarella trifoliata var. trifoliata,variety,infrataxon,no_voucher,secure,native,confirmed,0.007,trifoliata,"",Tiarella trifoliata trifoliata,accepted,1
51650,51644,Tiarella trifoliata laciniata,Lace Foamflower,variety,https://inaturalist-open-data.s3.amazonaws.com/photos/156807242/medium.jpeg,Tiarella trifoliata var. laciniata,variety,infrataxon,no_voucher,secure,native,confirmed,0.006,trifoliata,"",Tiarella trifoliata laciniata,accepted,1
51726,49131,Myosotis arvensis,field forget-me-not,species,https://static.inaturalist.org/photos/388154277/medium.jpeg,Myosotis arvensis,species,non-infrataxon,voucher,unknown,exotic,confirmed,0.019,arvensis,"","",accepted,1
51736,47889,Impatiens parviflora,small balsam,species,https://inaturalist-open-data.s3.amazonaws.com/photos/52078988/medium.jpeg,Impatiens parviflora,species,non-infrataxon,voucher,unknown,exotic,confirmed,0.006,parviflora,"","",accepted,1
51741,51742,Aegopodium podagraria,Goutweed,species,https://static.inaturalist.org/photos/229844810/medium.jpeg,Aegopodium podagraria,species,non-infrataxon,no_voucher,unknown,exotic,new,0,podagraria,"","",accepted,1
51751,771653,Ulex europaeus,gorse,species,https://inaturalist-open-data.s3.amazonaws.com/photos/459991680/medium.jpg,Ulex europaeus,species,non-infrataxon,voucher,unknown,exotic,confirmed,0,europaeus,"","",accepted,1
51808,48063,Lysimachia punctata,Dotted Loosestrife,species,https://static.inaturalist.org/photos/42493882/medium.jpg,Lysimachia punctata,species,non-infrataxon,no_voucher,unknown,exotic,new,0.007,punctata,"","",accepted,1
51809,48063,Lysimachia nummularia,creeping Jenny,species,https://inaturalist-open-data.s3.amazonaws.com/photos/519657907/medium.jpg,Lysimachia nummularia,species,non-infrataxon,no_voucher,unknown,exotic,confirmed,0,nummularia,"","",accepted,1
51810,51811,Laburnum anagyroides,Common Laburnum,species,https://inaturalist-open-data.s3.amazonaws.com/photos/73007670/medium.jpeg,Laburnum anagyroides,species,non-infrataxon,voucher,unknown,exotic,confirmed,0,anagyroides,"","",accepted,1
51822,51821,Euphorbia,Spurges,genus,https://inaturalist-open-data.s3.amazonaws.com/photos/10222514/medium.jpg,,,,unknown,,,,,,,,,
51900,47604,Hypochaeris,Cat's-Ears,genus,https://inaturalist-open-data.s3.amazonaws.com/photos/2280301/medium.jpg,,,,unknown,,,,,,,,,
51901,47604,Antennaria,pussytoes,genus,https://static.inaturalist.org/photos/284838018/medium.jpg,,,,unknown,,,,,,,,,
52163,47204,Cakile,Searockets,genus,https://inaturalist-open-data.s3.amazonaws.com/photos/39469/medium.jpg,,,,unknown,,,,,,,,,
52173,48230,Ranunculus californicus,California buttercup,species,https://inaturalist-open-data.s3.amazonaws.com/photos/268067607/medium.jpg,Ranunculus californicus,species,non-infrataxon,voucher,concern,native,confirmed,0.007,californicus,"","",accepted,1
52587,47604,Silybum,"",genus,https://static.inaturalist.org/photos/99604692/medium.jpeg,,,,unknown,,,,,,,,,
52658,51935,Drosera rotundifolia,round-leaved sundew,species,https://inaturalist-open-data.s3.amazonaws.com/photos/775538/medium.jpg,Drosera rotundifolia,species,non-infrataxon,voucher,secure,native,confirmed,0.013,rotundifolia,"","",accepted,1
52684,52683,Pteridium aquilinum pubescens,Hairy brackenfern,variety,https://inaturalist-open-data.s3.amazonaws.com/photos/567097516/medium.jpg,Pteridium aquilinum var. pubescens,variety,infrataxon,voucher,secure,native,confirmed,0,aquilinum,"",Pteridium aquilinum pubescens,accepted,1
52693,47434,Agrostis,bent grass,genus,https://inaturalist-open-data.s3.amazonaws.com/photos/97758056/medium.jpeg,,,,unknown,,,,,,,,,
52695,47434,Aira,Hair Grass,genus,https://static.inaturalist.org/photos/364292/medium.jpg,,,,unknown,,,,,,,,,
52697,47434,Avena,Oats,genus,https://inaturalist-open-data.s3.amazonaws.com/photos/186577585/medium.jpeg,,,,unknown,,,,,,,,,
52713,47434,Calamagrostis,Reedgrasses,genus,https://inaturalist-open-data.s3.amazonaws.com/photos/154503428/medium.jpeg,,,,unknown,,,,,,,,,
52721,47434,Dactylis,cocks-foot and orchard grasses,genus,https://inaturalist-open-data.s3.amazonaws.com/photos/14604/medium.jpg,,,,unknown,,,,,,,,,
52723,47434,Deschampsia,Hair Grass,genus,https://inaturalist-open-data.s3.amazonaws.com/photos/11801/medium.jpg,,,,unknown,,,,,,,,,
52765,48623,Prunella,selfheals,genus,https://inaturalist-open-data.s3.amazonaws.com/photos/658288592/medium.jpg,,,,unknown,,,,,,,,,
52792,47434,Elymus,wild ryes and wheatgrasses,genus,https://inaturalist-open-data.s3.amazonaws.com/photos/91198864/medium.jpg,,,,unknown,,,,,,,,,
52794,47434,Holcus,"",genus,https://static.inaturalist.org/photos/22314776/medium.jpeg,,,,unknown,,,,,,,,,
52797,47434,Hordeum,Barleys,genus,https://inaturalist-open-data.s3.amazonaws.com/photos/71926845/medium.jpg,,,,unknown,,,,,,,,,
52800,47434,Lolium,Ryegrasses,genus,https://inaturalist-open-data.s3.amazonaws.com/photos/17441417/medium.jpg,,,,unknown,,,,,,,,,
52809,47434,Poa,Meadow-grasses,genus,https://static.inaturalist.org/photos/78126788/medium.jpeg,,,,unknown,,,,,,,,,
52818,47604,Achillea,yarrows,genus,https://static.inaturalist.org/photos/19971995/medium.jpeg,,,,unknown,,,,,,,,,
52829,47604,Agoseris,mountain dandelions,genus,https://inaturalist-open-data.s3.amazonaws.com/photos/90108749/medium.jpg,,,,unknown,,,,,,,,,
52834,47604,Anaphalis,everlastings,genus,https://static.inaturalist.org/photos/300017666/medium.jpeg,,,,unknown,,,,,,,,,
52842,47604,Anthemis,Chamomiles,genus,https://inaturalist-open-data.s3.amazonaws.com/photos/174802475/medium.jpg,,,,unknown,,,,,,,,,
52843,47604,Tripleurospermum,"",genus,https://inaturalist-open-data.s3.amazonaws.com/photos/9823/medium.jpg,,,,unknown,,,,,,,,,
52845,47604,Matricaria,German chamomiles and pineapple-weeds,genus,https://inaturalist-open-data.s3.amazonaws.com/photos/10253/medium.jpg,,,,unknown,,,,,,,,,
52847,48699,Anthriscus,Chervils,genus,https://static.inaturalist.org/photos/39295509/medium.jpg,,,,unknown,,,,,,,,,
52855,47604,Artemisia,wormwoods and sagebrushes,genus,https://inaturalist-open-data.s3.amazonaws.com/photos/142854263/medium.jpeg,,,,unknown,,,,,,,,,
52858,52861,Asarum caudatum,Western Wild Ginger,species,https://inaturalist-open-data.s3.amazonaws.com/photos/511529038/medium.jpg,Asarum caudatum,species,non-infrataxon,voucher,secure,native,confirmed,0.006,caudatum,"","",accepted,1
52914,47604,Cichorium,chicories and endives,genus,https://inaturalist-open-data.s3.amazonaws.com/photos/283894255/medium.jpg,,,,unknown,,,,,,,,,
52975,47604,Eurybia,wood asters,genus,https://inaturalist-open-data.s3.amazonaws.com/photos/50377570/medium.jpg,,,,unknown,,,,,,,,,
52977,47204,Barbarea,wintercresses,genus,https://inaturalist-open-data.s3.amazonaws.com/photos/38482827/medium.jpg,,,,unknown,,,,,,,,,
52979,47204,Capsella,Shepherd's-purses,genus,https://inaturalist-open-data.s3.amazonaws.com/photos/126658471/medium.jpeg,,,,unknown,,,,,,,,,
52998,52999,Conium maculatum,poison hemlock,species,https://inaturalist-open-data.s3.amazonaws.com/photos/18903781/medium.jpg,Conium maculatum,species,non-infrataxon,voucher,unknown,exotic,confirmed,0,maculatum,"","",accepted,1
53002,52995,Claytonia perfoliata perfoliata,"",subspecies,https://static.inaturalist.org/photos/26614/medium.JPG,Claytonia perfoliata ssp. perfoliata,subspecies,non-infrataxon,voucher,secure,native,confirmed,0,perfoliata,Claytonia perfoliata perfoliata,"",accepted,1
53021,53022,Convolvulus arvensis,field bindweed,species,https://inaturalist-open-data.s3.amazonaws.com/photos/209325684/medium.jpg,Convolvulus arvensis,species,non-infrataxon,voucher,unknown,exotic,confirmed,0.013,arvensis,"","",accepted,1
53026,47604,Cotula,Buttons,genus,https://inaturalist-open-data.s3.amazonaws.com/photos/64997138/medium.jpg,,,,unknown,,,,,,,,,
53036,47604,Ambrosia,Ragweeds,genus,https://inaturalist-open-data.s3.amazonaws.com/photos/110847951/medium.jpeg,,,,unknown,,,,,,,,,
53052,53053,Foeniculum vulgare,fennel,species,https://static.inaturalist.org/photos/50868492/medium.jpg,Foeniculum vulgare,species,non-infrataxon,no_voucher,unknown,exotic,confirmed,0,vulgare,"","",accepted,1
53075,47701,Geranium dissectum,Cut-leaved crane's-bill,species,https://static.inaturalist.org/photos/39432181/medium.jpg,Geranium dissectum,species,non-infrataxon,voucher,unknown,exotic,confirmed,0,dissectum,"","",accepted,1
53078,47604,Pseudognaphalium,rabbit-tobaccos,genus,https://inaturalist-open-data.s3.amazonaws.com/photos/49732889/medium.jpg,,,,unknown,,,,,,,,,
53082,47604,Gnaphalium,cudweeds,genus,https://inaturalist-open-data.s3.amazonaws.com/photos/170939479/medium.jpg,,,,unknown,,,,,,,,,
53093,47604,Helenium,sneezeweeds,genus,https://inaturalist-open-data.s3.amazonaws.com/photos/88727490/medium.jpg,,,,unknown,,,,,,,,,
53094,53095,Heracleum maximum,common cowparsnip,species,https://inaturalist-open-data.s3.amazonaws.com/photos/137558496/medium.jpg,Heracleum maximum,species,non-infrataxon,voucher,secure,native,confirmed,0,maximum,"","",accepted,1
53106,47604,Lactuca,wild lettuces,genus,https://inaturalist-open-data.s3.amazonaws.com/photos/91403681/medium.jpg,,,,unknown,,,,,,,,,
53113,47204,Brassica,cabbages and mustards,genus,https://inaturalist-open-data.s3.amazonaws.com/photos/6441380/medium.jpg,,,,unknown,,,,,,,,,
53135,53136,Madia gracilis,grassy tarweed,species,https://inaturalist-open-data.s3.amazonaws.com/photos/272767956/medium.jpg,Madia gracilis,species,non-infrataxon,voucher,secure,native,confirmed,0.021,gracilis,"","",accepted,1
53137,53141,Anisocarpus madioides,woodland madia,species,https://inaturalist-open-data.s3.amazonaws.com/photos/3533149/medium.jpg,Anisocarpus madioides,species,non-infrataxon,voucher,secure,native,confirmed,0,madioides,"","",accepted,1
53143,53136,Madia sativa,coast tarweed,species,https://static.inaturalist.org/photos/214033351/medium.jpg,Madia sativa,species,non-infrataxon,voucher,unknown,exotic,confirmed,0.007,sativa,"","",accepted,1
53167,48699,Osmorhiza,sweet cicelies,genus,https://inaturalist-open-data.s3.amazonaws.com/photos/4817759/medium.jpeg,,,,unknown,,,,,,,,,
53168,47758,Oxalis corniculata,Creeping Woodsorrel,species,https://inaturalist-open-data.s3.amazonaws.com/photos/279196/medium.jpg,Oxalis corniculata,species,non-infrataxon,voucher,unknown,exotic,new,0.007,corniculata,"","",accepted,1
53186,47148,Potentilla,cinquefoils,genus,https://inaturalist-open-data.s3.amazonaws.com/photos/29778840/medium.jpg,,,,unknown,,,,,,,,,
53189,47604,Psilocarphus,Woolly-Marbles,genus,https://inaturalist-open-data.s3.amazonaws.com/photos/176157768/medium.jpeg,,,,unknown,,,,,,,,,
53198,53199,Rupertia physodes,forest scurfpea,species,https://inaturalist-open-data.s3.amazonaws.com/photos/205115033/medium.jpg,Rupertia physodes,species,non-infrataxon,voucher,concern,native,confirmed,0.006,physodes,"","",accepted,1
53204,48623,Clinopodium,Calamints,genus,https://inaturalist-open-data.s3.amazonaws.com/photos/82741061/medium.jpg,,,,unknown,,,,,,,,,
53207,47604,Senecio,groundsels,genus,https://inaturalist-open-data.s3.amazonaws.com/photos/176575697/medium.jpeg,,,,unknown,,,,,,,,,
53267,47204,Sisymbrium,Hedgemustards,genus,https://inaturalist-open-data.s3.amazonaws.com/photos/56156876/medium.jpg,,,,unknown,,,,,,,,,
53268,50249,Maianthemum stellatum,star-flowered lily-of-the-valley,species,https://inaturalist-open-data.s3.amazonaws.com/photos/5315/medium.jpg,Maianthemum stellatum,species,non-infrataxon,voucher,secure,native,confirmed,0,stellatum,"","",accepted,1
53270,47604,Sonchus,sow thistles,genus,https://inaturalist-open-data.s3.amazonaws.com/photos/258014392/medium.jpg,,,,unknown,,,,,,,,,
53298,49389,Stellaria media,common chickweed,species,https://inaturalist-open-data.s3.amazonaws.com/photos/183922286/medium.jpeg,Stellaria media,species,non-infrataxon,voucher,unknown,exotic,confirmed,0,media,"","",accepted,1
53305,48699,Torilis,hedge parsleys,genus,https://inaturalist-open-data.s3.amazonaws.com/photos/176506656/medium.jpg,,,,unknown,,,,,,,,,
53322,52472,Vicia gigantea,giant vetch,species,https://inaturalist-open-data.s3.amazonaws.com/photos/33871080/medium.jpeg,Vicia nigricans var. gigantea,species,non-infrataxon,no_voucher,secure,native,new,0,gigantea,"","",unaccepted,1
53327,47362,Vinca,periwinkles,genus,https://inaturalist-open-data.s3.amazonaws.com/photos/94954066/medium.jpeg,,,,unknown,,,,,,,,,
53396,47604,Eriophyllum,Woolly sunflowers,genus,https://inaturalist-open-data.s3.amazonaws.com/photos/200883682/medium.jpg,,,,unknown,,,,,,,,,
53416,51874,Lonicera hispidula,Pink Honeysuckle,species,https://inaturalist-open-data.s3.amazonaws.com/photos/91736943/medium.jpeg,Lonicera hispidula,species,non-infrataxon,voucher,secure,native,confirmed,0,hispidula,"","",accepted,1
53419,53420,Oemleria cerasiformis,Osoberry,species,https://inaturalist-open-data.s3.amazonaws.com/photos/5410/medium.jpg,Oemleria cerasiformis,species,non-infrataxon,voucher,secure,native,confirmed,0,cerasiformis,"","",accepted,1
53771,53376,Cotoneaster horizontalis,Wall cotoneaster,species,https://inaturalist-open-data.s3.amazonaws.com/photos/1680590/medium.jpg,Cotoneaster horizontalis,species,non-infrataxon,voucher,unknown,exotic,confirmed,0,horizontalis,"","",accepted,1
53910,47746,Equisetum hyemale affine,western scouringrush,subspecies,https://inaturalist-open-data.s3.amazonaws.com/photos/615460/medium.jpg,Equisetum hyemale ssp. affine,subspecies,non-infrataxon,voucher,secure,native,confirmed,0,hyemale,Equisetum hyemale affine,"",accepted,1
53983,53984,Digitalis purpurea,purple foxglove,species,https://inaturalist-open-data.s3.amazonaws.com/photos/179728943/medium.jpeg,Digitalis purpurea,species,non-infrataxon,voucher,unknown,exotic,new,0,purpurea,"","",accepted,1
54047,47604,Microseris,silverpuffs,genus,https://inaturalist-open-data.s3.amazonaws.com/photos/30757058/medium.jpeg,,,,unknown,,,,,,,,,
54051,47604,Crepis,hawksbeards,genus,https://inaturalist-open-data.s3.amazonaws.com/photos/1185795/medium.jpg,,,,unknown,,,,,,,,,
54142,47604,Tragopogon,Salsifies,genus,https://inaturalist-open-data.s3.amazonaws.com/photos/384473289/medium.jpeg,,,,unknown,,,,,,,,,
54332,47204,Nasturtium,Watercresses,genus,https://inaturalist-open-data.s3.amazonaws.com/photos/40694653/medium.jpg,,,,unknown,,,,,,,,,
54518,54519,Lemna minor,Common Duckweed,species,https://static.inaturalist.org/photos/489422668/medium.jpg,Lemna minor,species,non-infrataxon,voucher,secure,native,confirmed,0,minor,"","",accepted,1
54521,47604,Tanacetum,tansies,genus,https://static.inaturalist.org/photos/86915918/medium.jpeg,,,,unknown,,,,,,,,,
54522,54523,Pisum sativum,Common Pea,species,https://static.inaturalist.org/photos/135114132/medium.jpeg,Pisum sativum,species,non-infrataxon,voucher,unknown,exotic,new,0.025,sativum,"","",accepted,1
54570,48623,Mentha,mints,genus,https://inaturalist-open-data.s3.amazonaws.com/photos/1186003/medium.jpg,,,,unknown,,,,,,,,,
54605,54604,Marrubium vulgare,White Horehound,species,https://inaturalist-open-data.s3.amazonaws.com/photos/34608821/medium.jpg,Marrubium vulgare,species,non-infrataxon,voucher,unknown,exotic,confirmed,0.006,vulgare,"","",accepted,1
54677,47204,Rorippa,yellowcresses,genus,https://inaturalist-open-data.s3.amazonaws.com/photos/90030042/medium.jpeg,,,,unknown,,,,,,,,,
54923,47604,Packera,American groundsels and ragworts,genus,https://inaturalist-open-data.s3.amazonaws.com/photos/13243258/medium.jpg,,,,unknown,,,,,,,,,
55104,52680,Polypodium glycyrrhiza,licorice fern,species,https://inaturalist-open-data.s3.amazonaws.com/photos/112316556/medium.jpeg,Polypodium glycyrrhiza,species,non-infrataxon,voucher,secure,native,confirmed,0,glycyrrhiza,"","",accepted,1
55326,47204,Lunaria,honesties,genus,https://inaturalist-open-data.s3.amazonaws.com/photos/9865/medium.jpg,,,,unknown,,,,,,,,,
55365,47604,Grindelia,gumplants,genus,https://inaturalist-open-data.s3.amazonaws.com/photos/195833808/medium.jpg,,,,unknown,,,,,,,,,
55412,47204,Raphanus,Radishes,genus,https://inaturalist-open-data.s3.amazonaws.com/photos/61669677/medium.jpeg,,,,unknown,,,,,,,,,
55458,47204,Thysanocarpus,Fringepods,genus,https://inaturalist-open-data.s3.amazonaws.com/photos/13050/medium.jpg,,,,unknown,,,,,,,,,
55466,53202,Sanicula arctopoides,Footsteps of spring,species,https://inaturalist-open-data.s3.amazonaws.com/photos/631846661/medium.jpg,Sanicula arctopoides,species,non-infrataxon,voucher,concern,native,confirmed,0,arctopoides,"","",accepted,1
55564,47604,Bellis,"",genus,https://inaturalist-open-data.s3.amazonaws.com/photos/3908816/medium.jpg,,,,unknown,,,,,,,,,
55620,50641,Solanum dulcamara,bittersweet nightshade,species,https://inaturalist-open-data.s3.amazonaws.com/photos/70860715/medium.jpeg,Solanum dulcamara var. dulcamara,species,non-infrataxon,no_voucher,unknown,exotic,confirmed,0.029,dulcamara,"","",unaccepted,1
55725,48150,Symphytum,Comfreys,genus,https://inaturalist-open-data.s3.amazonaws.com/photos/2031387/medium.JPG,,,,unknown,,,,,,,,,
55737,47148,Sanguisorba,burnets,genus,https://inaturalist-open-data.s3.amazonaws.com/photos/21536938/medium.jpg,,,,unknown,,,,,,,,,
55748,51611,Veronica arvensis,corn speedwell,species,https://static.inaturalist.org/photos/70848855/medium.jpg,Veronica arvensis,species,non-infrataxon,voucher,unknown,exotic,confirmed,0,arvensis,"","",accepted,1
55749,51611,Veronica serpyllifolia,thyme-leaved speedwell,species,https://inaturalist-open-data.s3.amazonaws.com/photos/7749660/medium.jpg,Veronica serpyllifolia,species,non-infrataxon,voucher,unknown,exotic,confirmed,0,serpyllifolia,"","",accepted,1
55779,47604,Petasites,Butterburs,genus,https://inaturalist-open-data.s3.amazonaws.com/photos/180164398/medium.jpeg,,,,unknown,,,,,,,,,
55824,47204,Draba,Drabas,genus,https://inaturalist-open-data.s3.amazonaws.com/photos/267431236/medium.jpeg,,,,unknown,,,,,,,,,
55826,49131,Myosotis sylvatica,Wood Forget-me-not,species,https://inaturalist-open-data.s3.amazonaws.com/photos/363401670/medium.jpeg,Myosotis sylvatica,species,non-infrataxon,voucher,unknown,exotic,confirmed,0,sylvatica,"","",accepted,1
55854,48943,Datura stramonium,jimsonweed,species,https://static.inaturalist.org/photos/153860760/medium.jpeg,Datura stramonium,species,non-infrataxon,voucher,unknown,exotic,confirmed,0.006,stramonium,"","",accepted,1
55910,47604,Hieracium,hawkweeds,genus,https://inaturalist-open-data.s3.amazonaws.com/photos/72202962/medium.jpeg,,,,unknown,,,,,,,,,
55925,47701,Geranium robertianum,Herb Robert,species,https://inaturalist-open-data.s3.amazonaws.com/photos/70283020/medium.jpg,Geranium robertianum,species,non-infrataxon,voucher,unknown,exotic,confirmed,0,robertianum,"","",accepted,1
55977,55978,Malva moschata,musk mallow,species,https://inaturalist-open-data.s3.amazonaws.com/photos/138963389/medium.jpg,Malva moschata,species,non-infrataxon,voucher,unknown,exotic,confirmed,0.006,moschata,"","",accepted,1
55979,55968,Galeopsis tetrahit,Common hemp-nettle,species,https://inaturalist-open-data.s3.amazonaws.com/photos/346446221/medium.jpeg,Galeopsis tetrahit,"",non-infrataxon,no_voucher,unknown,exotic,new,0.03,tetrahit,"","",accepted,1
55982,47604,Lapsana,Nippleworts,genus,https://inaturalist-open-data.s3.amazonaws.com/photos/10127/medium.jpg,,,,unknown,,,,,,,,,
56023,47148,Alchemilla,Lady's-mantles,genus,https://static.inaturalist.org/photos/200085309/medium.jpeg,,,,unknown,,,,,,,,,
56058,47604,Leucanthemum,Oxeye Daisies,genus,https://inaturalist-open-data.s3.amazonaws.com/photos/73086618/medium.jpg,,,,unknown,,,,,,,,,
56062,47204,Alliaria,garlic mustards,genus,https://static.inaturalist.org/photos/195172644/medium.jpg,,,,unknown,,,,,,,,,
56063,48582,Sorbus aucuparia,European mountain ash,species,https://inaturalist-open-data.s3.amazonaws.com/photos/10450/medium.jpg,Sorbus aucuparia,species,non-infrataxon,voucher,unknown,exotic,confirmed,0,aucuparia,"","",accepted,1
56088,56089,Robinia pseudoacacia,black locust,species,https://inaturalist-open-data.s3.amazonaws.com/photos/37431398/medium.jpeg,Robinia pseudoacacia,species,non-infrataxon,voucher,unknown,exotic,confirmed,0.007,pseudoacacia,"","",accepted,1
56112,47604,Symphyotrichum,American asters,genus,https://inaturalist-open-data.s3.amazonaws.com/photos/5044116/medium.jpg,,,,unknown,,,,,,,,,
56132,56095,Hyacinthoides non-scripta,bluebell,species,https://inaturalist-open-data.s3.amazonaws.com/photos/10647/medium.jpg,Hyacinthoides non-scripta,species,non-infrataxon,voucher,unknown,exotic,confirmed,0,non-scripta,"","",accepted,1
56154,56155,Saponaria officinalis,common soapwort,species,https://inaturalist-open-data.s3.amazonaws.com/photos/83287876/medium.jpeg,Saponaria officinalis,species,non-infrataxon,voucher,unknown,exotic,confirmed,0.02,officinalis,"","",accepted,1
56162,55978,Malva sylvestris,Common Mallow,species,https://inaturalist-open-data.s3.amazonaws.com/photos/608220986/medium.jpg,Malva sylvestris,species,non-infrataxon,voucher,unknown,exotic,new,0.007,sylvestris,"","",accepted,1
56174,56175,Echium vulgare,viper's-bugloss,species,https://inaturalist-open-data.s3.amazonaws.com/photos/130825766/medium.jpg,Echium vulgare,species,non-infrataxon,voucher,unknown,exotic,confirmed,0.007,vulgare,"","",accepted,1
56236,56234,Centaurium erythraea,Common centaury,species,https://inaturalist-open-data.s3.amazonaws.com/photos/606419153/medium.jpg,Centaurium erythraea,species,non-infrataxon,no_voucher,unknown,exotic,new,0.024,erythraea,"","",accepted,1
56620,52972,Epilobium tetragonum tetragonum,"",subspecies,https://inaturalist-open-data.s3.amazonaws.com/photos/59123369/medium.jpg,Epilobium tetragonum ssp. tetragonum,species,non-infrataxon,voucher,unknown,exotic,new,0.117,tetragonum,Epilobium tetragonum tetragonum,"",accepted,1
56727,48699,Daucus,carrots,genus,https://static.inaturalist.org/photos/56882175/medium.jpeg,,,,unknown,,,,,,,,,
56827,55343,Lomatium utriculatum,Foothill desert-parsley,species,https://inaturalist-open-data.s3.amazonaws.com/photos/119730003/medium.jpg,Lomatium utriculatum,species,non-infrataxon,voucher,secure,native,confirmed,0,utriculatum,"","",accepted,1
56840,53202,Sanicula bipinnatifida,Purple Sanicle,species,https://inaturalist-open-data.s3.amazonaws.com/photos/260889818/medium.jpg,Sanicula bipinnatifida,species,non-infrataxon,voucher,concern,native,confirmed,0,bipinnatifida,"","",accepted,1
56848,48699,Yabea,"",genus,https://inaturalist-open-data.s3.amazonaws.com/photos/258617/medium.jpg,,,,unknown,,,,,,,,,
56854,56855,Adenocaulon bicolor,American trailplant,species,https://inaturalist-open-data.s3.amazonaws.com/photos/3471018/medium.jpeg,Adenocaulon bicolor,species,non-infrataxon,voucher,secure,native,confirmed,0,bicolor,"","",accepted,1
56955,47604,Helianthus,sunflowers,genus,https://inaturalist-open-data.s3.amazonaws.com/photos/112547785/medium.jpg,,,,unknown,,,,,,,,,
56971,53136,Madia exigua,small tarweed,species,https://inaturalist-open-data.s3.amazonaws.com/photos/198254770/medium.jpeg,Madia exigua,species,non-infrataxon,voucher,secure,native,confirmed,0.033,exigua,"","",accepted,1
56993,47204,Lobularia,"",genus,https://inaturalist-open-data.s3.amazonaws.com/photos/1187855/medium.jpg,,,,unknown,,,,,,,,,
56998,55677,Sagina apetala,Annual Pearlwort,species,https://inaturalist-open-data.s3.amazonaws.com/photos/97704316/medium.jpg,Sagina apetala,species,non-infrataxon,voucher,unknown,exotic,confirmed,0.162,apetala,"","",accepted,1
57000,55677,Sagina decumbens occidentalis,western pearlwort,subspecies,https://inaturalist-open-data.s3.amazonaws.com/photos/33104549/medium.jpeg,Sagina decumbens ssp. occidentalis,subspecies,non-infrataxon,voucher,secure,native,confirmed,0.183,decumbens,Sagina decumbens occidentalis,"",accepted,1
57032,47746,Equisetum telmateia braunii,Braun's Giant Horsetail,subspecies,https://static.inaturalist.org/photos/66893591/medium.jpg,Equisetum telmateia ssp. braunii,subspecies,non-infrataxon,voucher,unknown,native,confirmed,0,telmateia,Equisetum telmateia braunii,"",accepted,1
57048,64336,Acmispon parviflorus,Short-flower Deervetch,species,https://inaturalist-open-data.s3.amazonaws.com/photos/147260/medium.jpg,Acmispon parviflorus,species,non-infrataxon,voucher,secure,native,confirmed,0,parviflorus,"","",accepted,1
57066,57067,Melilotus officinalis,Yellow Sweetclover,species,https://inaturalist-open-data.s3.amazonaws.com/photos/79309141/medium.jpg,Melilotus officinalis,species,non-infrataxon,no_voucher,unknown,exotic,new,0.006,officinalis,"","",accepted,1
57069,47121,Lupinus microcarpus,chick lupine,species,https://inaturalist-open-data.s3.amazonaws.com/photos/70038146/medium.jpg,Lupinus microcarpus,"",non-infrataxon,voucher,concern,native,confirmed,0,microcarpus,"","",accepted,1
57107,52643,Juncus bufonius,Toad rush,species,https://inaturalist-open-data.s3.amazonaws.com/photos/530438230/medium.jpg,Juncus bufonius var. bufonius,species,non-infrataxon,voucher,secure,native,confirmed,0.007,bufonius,"","",unaccepted,1
57111,55796,Luzula comosa,Pacific Woodrush,species,https://inaturalist-open-data.s3.amazonaws.com/photos/376275332/medium.jpeg,Luzula comosa,species,non-infrataxon,no_voucher,unknown,native,new,0,comosa,"","",accepted,1
57146,47789,Clarkia purpurea quadrivulnera,four-spot,subspecies,https://inaturalist-open-data.s3.amazonaws.com/photos/12650408/medium.jpeg,Clarkia quadrivulnera,"",non-infrataxon,unknown,concern,native,new,0.006,purpurea,Clarkia purpurea quadrivulnera,"",accepted,1
57160,47434,Briza,Rattlesnake Grasses,genus,https://inaturalist-open-data.s3.amazonaws.com/photos/32507/medium.jpg,,,,unknown,,,,,,,,,
57165,57166,Danthonia californica,California oatgrass,species,https://inaturalist-open-data.s3.amazonaws.com/photos/431713/medium.jpg,Danthonia californica,species,non-infrataxon,voucher,secure,native,confirmed,0.008,californica,"","",accepted,1
57170,47434,Festuca,Fescues,genus,https://inaturalist-open-data.s3.amazonaws.com/photos/41600338/medium.jpeg,,,,unknown,,,,,,,,,
57185,47434,Leymus,"",genus,https://inaturalist-open-data.s3.amazonaws.com/photos/11813/medium.jpg,,,,unknown,,,,,,,,,
57187,47434,Koeleria,Junegrasses,genus,https://inaturalist-open-data.s3.amazonaws.com/photos/79378658/medium.jpg,,,,unknown,,,,,,,,,
57189,47434,Phalaris,Canarygrasses,genus,https://inaturalist-open-data.s3.amazonaws.com/photos/11818/medium.jpg,,,,unknown,,,,,,,,,
57193,47434,Phleum,Timothies,genus,https://inaturalist-open-data.s3.amazonaws.com/photos/209619890/medium.jpg,,,,unknown,,,,,,,,,
57200,47434,Polypogon,"",genus,https://inaturalist-open-data.s3.amazonaws.com/photos/18998186/medium.jpeg,,,,unknown,,,,,,,,,
57229,52995,Claytonia exigua glauca,Glaucous Springbeauty,subspecies,https://inaturalist-open-data.s3.amazonaws.com/photos/12359172/medium.jpeg,Claytonia exigua ssp. glauca,subspecies,infrataxon,voucher,secure,native,confirmed,0.007,exigua,Claytonia exigua glauca,"",accepted,1
57234,52995,Claytonia exigua exigua,"",subspecies,https://inaturalist-open-data.s3.amazonaws.com/photos/6527551/medium.jpg,Claytonia exigua ssp. exigua,species,infrataxon,voucher,secure,native,confirmed,0.006,exigua,Claytonia exigua exigua,"",accepted,1
57249,57251,Physocarpus capitatus,Pacific ninebark,species,https://static.inaturalist.org/photos/133641026/medium.jpeg,Physocarpus capitatus,species,non-infrataxon,voucher,secure,native,confirmed,0.012,capitatus,"","",accepted,1
57254,54052,Pyracantha coccinea,Firethorn,species,https://inaturalist-open-data.s3.amazonaws.com/photos/334597305/medium.jpeg,Pyracantha coccinea,species,non-infrataxon,voucher,unknown,exotic,confirmed,0.006,coccinea,"","",accepted,1
57481,56031,Calystegia sepium,hedge bindweed,species,https://inaturalist-open-data.s3.amazonaws.com/photos/5313410/medium.jpg,Calystegia sepium,species,non-infrataxon,voucher,unknown,exotic,confirmed,0.013,sepium,"","",accepted,1
57514,51607,Galanthus elwesii,greater snowdrop,species,https://inaturalist-open-data.s3.amazonaws.com/photos/185154764/medium.jpg,Galanthus elwesii,species,non-infrataxon,voucher,unknown,exotic,new,0,elwesii,"","",accepted,1
57525,47604,Crocidium,"",genus,https://inaturalist-open-data.s3.amazonaws.com/photos/6743475/medium.jpg,,,,unknown,,,,,,,,,
57635,56095,Hyacinthoides hispanica,Spanish Bluebell,species,https://static.inaturalist.org/photos/22062607/medium.jpeg,Hyacinthoides hispanica,species,non-infrataxon,voucher,unknown,exotic,confirmed,0,hispanica,"","",accepted,1
57787,57285,Plectritis congesta brachystemon,Pink Plectritis,subspecies,https://inaturalist-open-data.s3.amazonaws.com/photos/197028733/medium.jpg,Plectritis brachystemon,subspecies,non-infrataxon,no_voucher,secure,native,confirmed,0.006,congesta,Plectritis congesta brachystemon,"",unaccepted,1
57862,57863,Rhynchospora alba,white beak-sedge,species,https://inaturalist-open-data.s3.amazonaws.com/photos/439968923/medium.jpeg,Rhynchospora alba,"",non-infrataxon,no_voucher,secure,native,unconfirmed,0.31,alba,"","",accepted,1
57976,47604,Filago,cudweeds,genus,https://inaturalist-open-data.s3.amazonaws.com/photos/73639992/medium.jpeg,,,,unknown,,,,,,,,,
58066,49139,Plagiobothrys tenellus,Pacific popcornflower,species,https://inaturalist-open-data.s3.amazonaws.com/photos/117919798/medium.jpg,Plagiobothrys tenellus,species,non-infrataxon,voucher,concern,native,confirmed,0.013,tenellus,"","",accepted,1
58068,47204,Arabis,Rock-cresses,genus,https://inaturalist-open-data.s3.amazonaws.com/photos/15158/medium.jpg,,,,unknown,,,,,,,,,
58070,47204,Athysanus,"",genus,https://inaturalist-open-data.s3.amazonaws.com/photos/264032231/medium.jpeg,,,,unknown,,,,,,,,,
58073,47204,Descurainia,Tansymustards,genus,https://static.inaturalist.org/photos/90963163/medium.jpeg,,,,unknown,,,,,,,,,
58127,48439,Chenopodium album,Common Lambsquarters,species,https://inaturalist-open-data.s3.amazonaws.com/photos/234299048/medium.jpeg,Chenopodium album,"",non-infrataxon,unknown,unknown,exotic,confirmed,0.006,album,"","",accepted,1
58296,52995,Claytonia parviflora parviflora,Little-flower Springbeauty,subspecies,https://inaturalist-open-data.s3.amazonaws.com/photos/1876989/medium.jpg,Claytonia parviflora ssp. parviflora,species,non-infrataxon,voucher,secure,native,confirmed,0,parviflora,Claytonia parviflora parviflora,"",accepted,1
58306,58307,Myosurus minimus,Tiny Mousetail,species,https://inaturalist-open-data.s3.amazonaws.com/photos/512040887/medium.jpg,Myosurus minimus,species,non-infrataxon,voucher,secure,native,confirmed,0.007,minimus,"","",accepted,1
58365,47434,Alopecurus,Foxtail grasses,genus,https://inaturalist-open-data.s3.amazonaws.com/photos/42036458/medium.jpeg,,,,unknown,,,,,,,,,
58373,47434,Distichlis,"",genus,https://inaturalist-open-data.s3.amazonaws.com/photos/12854/medium.jpg,,,,unknown,,,,,,,,,
58374,47434,Echinochloa,Barnyard Grasses,genus,https://inaturalist-open-data.s3.amazonaws.com/photos/58692437/medium.jpeg,,,,unknown,,,,,,,,,
58390,47434,Triticum,Wheats,genus,https://inaturalist-open-data.s3.amazonaws.com/photos/75684/medium.jpg,,,,unknown,,,,,,,,,
58755,58756,Cystopteris fragilis,brittle bladderfern,species,https://inaturalist-open-data.s3.amazonaws.com/photos/76902942/medium.jpg,Cystopteris fragilis,species,non-infrataxon,voucher,secure,native,confirmed,0,fragilis,"","",accepted,1
58776,52326,Amaranthus retroflexus,Redroot Amaranth,species,https://inaturalist-open-data.s3.amazonaws.com/photos/92981720/medium.jpeg,Amaranthus retroflexus,species,non-infrataxon,voucher,unknown,exotic,confirmed,0.026,retroflexus,"","",accepted,1
58907,57067,Melilotus albus,White Sweetclover,species,https://inaturalist-open-data.s3.amazonaws.com/photos/88013456/medium.jpg,Melilotus albus,species,non-infrataxon,no_voucher,unknown,exotic,new,0.007,albus,"","",accepted,1
58917,47701,Geranium carolinianum,Carolina crane's-bill,species,https://static.inaturalist.org/photos/116546288/medium.jpg,Geranium carolinianum,species,non-infrataxon,voucher,secure,native,confirmed,0,carolinianum,"","",accepted,1
58921,50651,Nemophila parviflora parviflora,Small-flower Nemophila,variety,https://static.inaturalist.org/photos/4130721/medium.jpg,Nemophila parviflora var. parviflora,variety,non-infrataxon,voucher,secure,native,confirmed,0,parviflora,"",Nemophila parviflora parviflora,accepted,1
59068,49371,Scirpus microcarpus,Panicled Bulrush,species,https://inaturalist-open-data.s3.amazonaws.com/photos/8626608/medium.jpg,Scirpus microcarpus,species,non-infrataxon,voucher,secure,native,confirmed,0.021,microcarpus,"","",accepted,1
59205,47160,Schoenoplectus acutus,hardstem bulrush,species,https://inaturalist-open-data.s3.amazonaws.com/photos/17377005/medium.jpeg,Schoenoplectus acutus,species,non-infrataxon,voucher,secure,native,confirmed,0.012,acutus,"","",accepted,1
59520,48241,Erythronium oregonum,giant white fawn lily,species,https://inaturalist-open-data.s3.amazonaws.com/photos/186145929/medium.jpeg,Erythronium oregonum ssp. oregonum,species,non-infrataxon,voucher,secure,native,confirmed,0,oregonum,"","",unaccepted,1
59549,47121,Lupinus polyphyllus,Large-leaved lupine,species,https://inaturalist-open-data.s3.amazonaws.com/photos/135866080/medium.jpg,Lupinus polyphyllus,species,non-infrataxon,no_voucher,unknown,native,confirmed,0,polyphyllus,"","",accepted,1
59571,47604,Arctium,burdocks,genus,https://inaturalist-open-data.s3.amazonaws.com/photos/13564/medium.jpg,,,,unknown,,,,,,,,,
59902,48623,Melissa,Melissas,genus,https://inaturalist-open-data.s3.amazonaws.com/photos/147050685/medium.jpg,,,,unknown,,,,,,,,,
60127,60128,Oenanthe sarmentosa,water parsley,species,https://inaturalist-open-data.s3.amazonaws.com/photos/425425036/medium.jpg,Oenanthe sarmentosa,species,non-infrataxon,voucher,secure,native,confirmed,0,sarmentosa,"","",accepted,1
60145,47604,Leontodon,hawkbits,genus,https://inaturalist-open-data.s3.amazonaws.com/photos/52320808/medium.jpeg,,,,unknown,,,,,,,,,
60151,47604,Soliva,burweeds and allies,genus,https://inaturalist-open-data.s3.amazonaws.com/photos/49618845/medium.jpg,,,,unknown,,,,,,,,,
60158,58096,Callitriche heterophylla bolanderi,Large Water-starwort,subspecies,https://inaturalist-open-data.s3.amazonaws.com/photos/35167682/medium.jpg,Callitriche heterophylla var. bolanderi,variety,non-infrataxon,unknown,secure,native,unconfirmed,0.277,heterophylla,Callitriche heterophylla bolanderi,"",accepted,1
60175,58112,Atriplex patula,Common Orache,species,https://inaturalist-open-data.s3.amazonaws.com/photos/223445688/medium.jpg,Atriplex patula,species,non-infrataxon,voucher,unknown,exotic,confirmed,0.013,patula,"","",accepted,1
60176,58112,Atriplex prostrata,Creeping Saltbush,species,https://static.inaturalist.org/photos/83925401/medium.jpeg,Atriplex prostrata,species,non-infrataxon,no_voucher,unknown,exotic,confirmed,0.006,prostrata,"","",accepted,1
60194,64336,Acmispon denticulatus,riverbar bird's-foot trefoil,species,https://static.inaturalist.org/photos/213130635/medium.jpeg,Acmispon denticulatus,species,non-infrataxon,voucher,secure,native,confirmed,0.013,denticulatus,"","",accepted,1
60204,47701,Geranium pusillum,Small-flowered Crane's-bill,species,https://inaturalist-open-data.s3.amazonaws.com/photos/78496116/medium.jpg,Geranium pusillum,species,non-infrataxon,voucher,unknown,exotic,confirmed,0.006,pusillum,"","",accepted,1
60208,48623,Lycopus,water horehounds,genus,https://inaturalist-open-data.s3.amazonaws.com/photos/17792/medium.jpg,,,,unknown,,,,,,,,,
60257,60258,Isolepis cernua,Slender Clubrush,species,https://inaturalist-open-data.s3.amazonaws.com/photos/80142233/medium.jpeg,Isolepis cernua,species,non-infrataxon,voucher,secure,native,confirmed,0.025,cernua,"","",accepted,1
60301,47434,Panicum,panicgrasses,genus,https://inaturalist-open-data.s3.amazonaws.com/photos/22271340/medium.jpg,,,,unknown,,,,,,,,,
60311,47434,Puccinellia,Salt Grass,genus,https://inaturalist-open-data.s3.amazonaws.com/photos/457467/medium.jpg,,,,unknown,,,,,,,,,
60736,50793,Triphysaria versicolor versicolor,Varicolored Owl's-clover,subspecies,https://inaturalist-open-data.s3.amazonaws.com/photos/14934/medium.jpg,Triphysaria versicolor ssp. versicolor,subspecies,non-infrataxon,voucher,concern,native,confirmed,0,versicolor,Triphysaria versicolor versicolor,"",accepted,1
60880,56031,Calystegia soldanella,Sea Bindweed,species,https://static.inaturalist.org/photos/38934714/medium.jpg,Calystegia soldanella,species,non-infrataxon,voucher,concern,native,confirmed,0.007,soldanella,"","",accepted,1
60969,60970,Jaumea carnosa,Marsh Jaumea,species,https://inaturalist-open-data.s3.amazonaws.com/photos/83365382/medium.jpeg,Jaumea carnosa,species,non-infrataxon,voucher,concern,native,confirmed,0.007,carnosa,"","",accepted,1
61005,50321,Lathyrus littoralis,silky beach pea,species,https://inaturalist-open-data.s3.amazonaws.com/photos/71426184/medium.jpg,Lathyrus littoralis,species,non-infrataxon,voucher,concern,native,confirmed,0.007,littoralis,"","",accepted,1
61048,47789,Clarkia amoena,Farewell-To-Spring,species,https://inaturalist-open-data.s3.amazonaws.com/photos/397513326/medium.jpg,Clarkia amoena,species,non-infrataxon,voucher,unknown,native,confirmed,0,amoena,"","",accepted,1
61060,61064,Glyceria occidentalis,western manna grass,species,https://static.inaturalist.org/photos/292512566/medium.jpg,Glyceria occidentalis,"",non-infrataxon,unknown,unknown,native,unconfirmed,0.529,occidentalis,"","",accepted,1
61086,53196,Rumex occidentalis,western dock,species,https://inaturalist-open-data.s3.amazonaws.com/photos/489826508/medium.jpeg,Rumex occidentalis,species,non-infrataxon,voucher,secure,native,confirmed,0,occidentalis,"","",accepted,1
61100,53453,Salix sitchensis,Sitka willow,species,https://inaturalist-open-data.s3.amazonaws.com/photos/531030735/medium.jpg,Salix sitchensis,species,non-infrataxon,voucher,secure,native,confirmed,0,sitchensis,"","",accepted,1
61112,51611,Veronica scutellata,Marsh Speedwell,species,https://inaturalist-open-data.s3.amazonaws.com/photos/156209118/medium.jpeg,Veronica scutellata,species,non-infrataxon,voucher,secure,native,confirmed,0.006,scutellata,"","",accepted,1
61168,51609,Arum italicum,Italian arum,species,https://inaturalist-open-data.s3.amazonaws.com/photos/459227620/medium.jpeg,Arum italicum,species,non-infrataxon,voucher,unknown,exotic,new,0,italicum,"","",accepted,1
61397,48623,Origanum,Marjorams,genus,https://static.inaturalist.org/photos/139527030/medium.jpg,,,,unknown,,,,,,,,,
61474,55731,Spergularia macrotheca macrotheca,Beach Sandspurry,variety,https://static.inaturalist.org/photos/208461/medium.jpg,Spergularia macrotheca var. macrotheca,variety,non-infrataxon,voucher,secure,native,confirmed,0,macrotheca,"",Spergularia macrotheca macrotheca,accepted,1
61521,61305,Doronicum pardalianches,Leopard's-bane,species,https://inaturalist-open-data.s3.amazonaws.com/photos/102902/medium.jpg,Doronicum pardalianches,species,non-infrataxon,no_voucher,unknown,exotic,new,0.006,pardalianches,"","",accepted,1
61787,48382,Persicaria,"knotweeds, smartweeds, and waterpeppers",genus,https://inaturalist-open-data.s3.amazonaws.com/photos/31165463/medium.jpg,,,,unknown,,,,,,,,,
61789,48150,Anchusa,Alkanets,genus,https://inaturalist-open-data.s3.amazonaws.com/photos/3359951/medium.jpg,,,,unknown,,,,,,,,,
61826,52643,Juncus occidentalis,western rush,species,https://inaturalist-open-data.s3.amazonaws.com/photos/513675817/medium.jpg,Juncus occidentalis,species,non-infrataxon,voucher,concern,exotic,confirmed,0.021,occidentalis,"","",accepted,1
62207,48626,Oenothera biennis,common evening-primrose,species,https://inaturalist-open-data.s3.amazonaws.com/photos/149646914/medium.jpg,Oenothera biennis,species,non-infrataxon,voucher,unknown,exotic,new,0.108,biennis,"","",accepted,1
62208,48626,Oenothera glazioviana,Large-flowered Evening-primrose,species,https://inaturalist-open-data.s3.amazonaws.com/photos/212657466/medium.jpg,Oenothera glazioviana,species,non-infrataxon,voucher,unknown,exotic,confirmed,0.121,glazioviana,"","",accepted,1
62215,47148,Comarum,"",genus,https://inaturalist-open-data.s3.amazonaws.com/photos/399193/medium.jpg,,,,unknown,,,,,,,,,
62239,60369,Pyrola picta,white-veined wintergreen,species,https://inaturalist-open-data.s3.amazonaws.com/photos/2183784/medium.JPG,Pyrola picta ssp. dentata,species,non-infrataxon,no_voucher,secure,native,new,0.006,picta,"","",accepted,1
62267,47604,Balsamorhiza,balsamroots,genus,https://inaturalist-open-data.s3.amazonaws.com/photos/30540/medium.jpg,,,,unknown,,,,,,,,,
62312,48596,Campanula rotundifolia,Common Harebell,species,https://inaturalist-open-data.s3.amazonaws.com/photos/65358586/medium.jpg,Campanula rotundifolia,species,non-infrataxon,voucher,secure,native,unconfirmed,0.295,rotundifolia,"","",accepted,1
62338,48063,Lysimachia vulgaris,Yellow Loosestrife,species,https://inaturalist-open-data.s3.amazonaws.com/photos/80592838/medium.jpg,Lysimachia vulgaris,species,non-infrataxon,voucher,unknown,exotic,confirmed,0.014,vulgaris,"","",accepted,1
62474,47902,Opuntia fragilis,Brittle Pricklypear,species,https://inaturalist-open-data.s3.amazonaws.com/photos/134988395/medium.jpg,Opuntia fragilis,species,non-infrataxon,voucher,secure,native,confirmed,0,fragilis,"","",accepted,1
62493,48681,Spiraea douglasii,Rose Spirea,species,https://inaturalist-open-data.s3.amazonaws.com/photos/293367164/medium.jpeg,Spiraea douglasii,species,non-infrataxon,voucher,unknown,native,confirmed,0,douglasii,"","",accepted,1
62499,47604,Jacobaea,ragworts,genus,https://inaturalist-open-data.s3.amazonaws.com/photos/48635936/medium.jpeg,,,,unknown,,,,,,,,,
63868,58759,Aspidotis densa,serpentine fern,species,https://inaturalist-open-data.s3.amazonaws.com/photos/419008916/medium.jpeg,Aspidotis densa,species,non-infrataxon,voucher,secure,native,confirmed,0,densa,"","",accepted,1
64055,52672,Dryopteris expansa,spreading wood fern,species,https://static.inaturalist.org/photos/21824168/medium.jpg,Dryopteris expansa,species,non-infrataxon,voucher,secure,native,confirmed,0,expansa,"","",accepted,1
64186,52643,Juncus kelloggii,kellogg's dwarf rush,species,https://inaturalist-open-data.s3.amazonaws.com/photos/3818183/medium.jpg,Juncus kelloggii,species,non-infrataxon,voucher,concern,native,confirmed,0.02,kelloggii,"","",accepted,1
64237,64276,Phragmites australis,common reed,species,https://static.inaturalist.org/photos/32409466/medium.jpg,Phragmites australis,species,non-infrataxon,voucher,unknown,native,unconfirmed,0.669,australis,"","",accepted,1
64541,60001,Dianthus armeria,Deptford pink,species,https://static.inaturalist.org/photos/108051453/medium.jpg,Dianthus armeria ssp. armeria,species,non-infrataxon,voucher,unknown,exotic,confirmed,0.013,armeria,"","",unaccepted,1
69930,52643,Juncus tenuis,Slender Path Rush,species,https://inaturalist-open-data.s3.amazonaws.com/photos/32809281/medium.jpg,Juncus tenuis var. tenuis,species,non-infrataxon,voucher,secure,native,confirmed,0.013,tenuis,"","",unaccepted,1
71076,53453,Salix scouleriana,Scouler's willow,species,https://inaturalist-open-data.s3.amazonaws.com/photos/311172740/medium.jpg,Salix scouleriana,species,non-infrataxon,voucher,secure,native,confirmed,0.007,scouleriana,"","",accepted,1
71973,47434,Anthoxanthum,sweetgrasses,genus,https://inaturalist-open-data.s3.amazonaws.com/photos/168398572/medium.jpeg,,,,unknown,,,,,,,,,
71988,47434,Arrhenatherum,"",genus,https://inaturalist-open-data.s3.amazonaws.com/photos/510996447/medium.jpg,,,,unknown,,,,,,,,,
71995,47204,Aubrieta,"",genus,https://inaturalist-open-data.s3.amazonaws.com/photos/1150161/medium.jpg,,,,unknown,,,,,,,,,
72073,47604,Cota,"",genus,https://inaturalist-open-data.s3.amazonaws.com/photos/10700/medium.jpg,,,,unknown,,,,,,,,,
72097,47204,Diplotaxis,Wall-Rockets,genus,https://inaturalist-open-data.s3.amazonaws.com/photos/208253/medium.jpg,,,,unknown,,,,,,,,,
72104,47148,Drymocallis,"",genus,https://inaturalist-open-data.s3.amazonaws.com/photos/4402140/medium.jpg,,,,unknown,,,,,,,,,
72123,47204,Eruca,"",genus,https://inaturalist-open-data.s3.amazonaws.com/photos/3031599/medium.JPG,,,,unknown,,,,,,,,,
72133,48382,Fallopia,Fallopias,genus,https://inaturalist-open-data.s3.amazonaws.com/photos/46628104/medium.jpg,,,,unknown,,,,,,,,,
72191,47204,Idahoa,"",genus,https://inaturalist-open-data.s3.amazonaws.com/photos/290598/medium.jpg,,,,unknown,,,,,,,,,
72221,47604,Luina,"",genus,https://inaturalist-open-data.s3.amazonaws.com/photos/211812335/medium.jpg,,,,unknown,,,,,,,,,
72264,47604,Onopordum,cotton thistles,genus,https://inaturalist-open-data.s3.amazonaws.com/photos/162256300/medium.jpg,,,,unknown,,,,,,,,,
72355,47434,Secale,ryes,genus,https://inaturalist-open-data.s3.amazonaws.com/photos/75687/medium.jpg,,,,unknown,,,,,,,,,
72357,47604,Sericocarpus,White-topped Asters,genus,https://inaturalist-open-data.s3.amazonaws.com/photos/72487398/medium.jpg,,,,unknown,,,,,,,,,
72390,47204,Teesdalia,Shepherdscress,genus,https://inaturalist-open-data.s3.amazonaws.com/photos/110848702/medium.jpg,,,,unknown,,,,,,,,,
72396,47204,Thlaspi,penny cresses,genus,https://inaturalist-open-data.s3.amazonaws.com/photos/114726/medium.jpg,,,,unknown,,,,,,,,,
72402,47434,Torreyochloa,"",genus,https://inaturalist-open-data.s3.amazonaws.com/photos/977562/medium.jpg,,,,unknown,,,,,,,,,
72416,47204,Turritis,tower mustards,genus,https://inaturalist-open-data.s3.amazonaws.com/photos/290604/medium.jpg,,,,unknown,,,,,,,,,
75263,71943,Achlys triphylla,vanilla leaf,species,https://static.inaturalist.org/photos/58369712/medium.jpg,Achlys triphylla,species,non-infrataxon,voucher,secure,native,confirmed,0,triphylla,"","",accepted,1
75398,52326,Amaranthus powellii,powell's amaranth,species,https://inaturalist-open-data.s3.amazonaws.com/photos/310633623/medium.jpg,Amaranthus powellii,species,non-infrataxon,voucher,unknown,exotic,confirmed,0.127,powellii,"","",accepted,1
75450,52836,Angelica genuflexa,Kneeling Angelica,species,https://inaturalist-open-data.s3.amazonaws.com/photos/58970790/medium.jpg,Angelica genuflexa,species,non-infrataxon,voucher,secure,native,confirmed,0,genuflexa,"","",accepted,1
75453,52836,Angelica lucida,sea-watch,species,https://static.inaturalist.org/photos/293983117/medium.jpeg,Angelica lucida,species,non-infrataxon,no_voucher,secure,native,new,0,lucida,"","",accepted,1
75701,58112,Atriplex dioica,thickleaf orach,species,https://inaturalist-open-data.s3.amazonaws.com/photos/2982149/medium.jpg,Atriplex dioica,species,non-infrataxon,voucher,secure,native,unconfirmed,0.345,dioica,"","",accepted,1
75756,58728,Berberis nervosa,Cascade Oregon-grape,species,https://inaturalist-open-data.s3.amazonaws.com/photos/127348129/medium.jpg,Berberis nervosa,species,non-infrataxon,voucher,secure,native,confirmed,0,nervosa,"","",accepted,1
75765,50204,Bidens cernua,Nodding Beggarticks,species,https://inaturalist-open-data.s3.amazonaws.com/photos/110532/medium.jpg,Bidens cernua,species,non-infrataxon,voucher,secure,native,confirmed,0.007,cernua,"","",accepted,1
75931,59261,Calendula officinalis,pot marigold,species,https://static.inaturalist.org/photos/181570145/medium.jpg,Calendula officinalis,species,non-infrataxon,voucher,unknown,exotic,confirmed,0.006,officinalis,"","",accepted,1
75937,58096,Callitriche palustris,Narrow-fruited Water-starwort,species,https://inaturalist-open-data.s3.amazonaws.com/photos/86124739/medium.jpg,Callitriche palustris,species,non-infrataxon,voucher,secure,native,confirmed,0.032,palustris,"","",accepted,1
75938,58096,Callitriche stagnalis,Pond water-starwort,species,https://inaturalist-open-data.s3.amazonaws.com/photos/306557901/medium.jpeg,Callitriche stagnalis,species,non-infrataxon,voucher,unknown,exotic,confirmed,0,stagnalis,"","",accepted,1
76338,60126,Cicuta douglasii,Western Water Hemlock,species,https://inaturalist-open-data.s3.amazonaws.com/photos/46886647/medium.jpeg,Cicuta douglasii,species,non-infrataxon,voucher,secure,native,confirmed,0.006,douglasii,"","",accepted,1
76461,53376,Cotoneaster simonsii,Himalayan cotoneaster,species,https://inaturalist-open-data.s3.amazonaws.com/photos/88086681/medium.jpeg,Cotoneaster simonsii,species,non-infrataxon,voucher,unknown,exotic,new,0,simonsii,"","",accepted,1
76605,57166,Danthonia unispicata,one-spike oat grass,species,https://static.inaturalist.org/photos/210002873/medium.jpg,Danthonia unispicata,species,non-infrataxon,voucher,secure,native,unconfirmed,0.301,unispicata,"","",accepted,1
76779,57022,Eleocharis obtusa,Blunt Spikerush,species,https://inaturalist-open-data.s3.amazonaws.com/photos/385967845/medium.jpeg,Eleocharis obtusa,species,non-infrataxon,voucher,secure,native,confirmed,0.135,obtusa,"","",accepted,1
76783,57022,Eleocharis parvula,Small Spikerush,species,https://static.inaturalist.org/photos/527882938/medium.jpg,Eleocharis parvula,"",non-infrataxon,no_voucher,secure,native,unconfirmed,0.231,parvula,"","",accepted,1
76812,72113,Empetrum nigrum,black crowberry,species,https://inaturalist-open-data.s3.amazonaws.com/photos/53111037/medium.jpeg,Empetrum nigrum,"",non-infrataxon,no_voucher,secure,native,unconfirmed,0.484,nigrum,"","",accepted,1
77081,48241,Erythronium revolutum,Coast Fawn Lily,species,https://static.inaturalist.org/photos/270339152/medium.jpg,Erythronium revolutum,species,non-infrataxon,no_voucher,secure,native,confirmed,0,revolutum,"","",accepted,1
77251,47701,Geranium bicknellii,Northern Cranesbill,species,https://inaturalist-open-data.s3.amazonaws.com/photos/96524/medium.jpg,Geranium bicknellii,species,non-infrataxon,voucher,secure,native,confirmed,0.053,bicknellii,"","",accepted,1
77255,47701,Geranium lucidum,Shining Crane's-bill,species,https://inaturalist-open-data.s3.amazonaws.com/photos/123333936/medium.jpg,Geranium lucidum,species,non-infrataxon,voucher,unknown,exotic,confirmed,0,lucidum,"","",accepted,1
77289,61064,Glyceria elata,Tufted Tall Mannagrass,species,https://inaturalist-open-data.s3.amazonaws.com/photos/405081647/medium.jpg,Glyceria elata,species,non-infrataxon,voucher,secure,native,unconfirmed,0.474,elata,"","",accepted,1
77480,52761,Hypericum androsaemum,Tutsan,species,https://inaturalist-open-data.s3.amazonaws.com/photos/4032719/medium.jpg,Hypericum androsaemum,species,non-infrataxon,voucher,unknown,exotic,confirmed,0,androsaemum,"","",accepted,1
77481,52761,Hypericum calycinum,Rose-of-sharon,species,https://inaturalist-open-data.s3.amazonaws.com/photos/229098021/medium.jpeg,Hypericum calycinum,species,non-infrataxon,voucher,unknown,exotic,confirmed,0,calycinum,"","",accepted,1
77549,52643,Juncus acuminatus,tapered rush,species,https://inaturalist-open-data.s3.amazonaws.com/photos/86104195/medium.jpg,Juncus acuminatus,species,non-infrataxon,voucher,secure,native,unconfirmed,0.501,acuminatus,"","",accepted,1
77552,52643,Juncus articulatus,Jointed rush,species,https://inaturalist-open-data.s3.amazonaws.com/photos/61718017/medium.jpg,Juncus articulatus,species,non-infrataxon,voucher,secure,native,confirmed,0.029,articulatus,"","",accepted,1
77553,52643,Juncus bolanderi,bolander's rush,species,https://inaturalist-open-data.s3.amazonaws.com/photos/42665398/medium.jpeg,Juncus bolanderi,species,non-infrataxon,voucher,secure,native,confirmed,0.044,bolanderi,"","",accepted,1
77561,52643,Juncus covillei,coville's rush,species,https://inaturalist-open-data.s3.amazonaws.com/photos/306300702/medium.jpg,Juncus covillei,species,non-infrataxon,voucher,secure,native,unconfirmed,0.296,covillei,"","",accepted,1
77569,52643,Juncus ensifolius,dagger rush,species,https://inaturalist-open-data.s3.amazonaws.com/photos/87054436/medium.jpg,Juncus ensifolius var. ensifolius,species,non-infrataxon,voucher,secure,native,confirmed,0.006,ensifolius,"","",unaccepted,1
77638,50321,Lathyrus japonicus,seaside pea,species,https://inaturalist-open-data.s3.amazonaws.com/photos/521090845/medium.jpg,Lathyrus japonicus,"",non-infrataxon,unknown,secure,native,confirmed,0,japonicus,"","",accepted,1
77655,54519,Lemna trisulca,Ivy-leaved Duckweed,species,https://inaturalist-open-data.s3.amazonaws.com/photos/7955723/medium.jpeg,Lemna trisulca,species,non-infrataxon,no_voucher,secure,native,unconfirmed,0.278,trisulca,"","",accepted,1
77742,60124,Lilaeopsis occidentalis,western grasswort,species,https://inaturalist-open-data.s3.amazonaws.com/photos/8985275/medium.jpeg,Lilaeopsis occidentalis,species,non-infrataxon,voucher,secure,native,confirmed,0.006,occidentalis,"","",accepted,1
77776,50791,Linaria dalmatica,Balkan toadflax,species,https://static.inaturalist.org/photos/280137127/medium.jpeg,Linaria dalmatica ssp. dalmatica,species,non-infrataxon,voucher,unknown,exotic,new,0.007,dalmatica,"","",invalid,1
77778,50791,Linaria purpurea,Purple Toadflax,species,https://static.inaturalist.org/photos/591592360/medium.jpg,Linaria purpurea,species,non-infrataxon,voucher,unknown,exotic,confirmed,0,purpurea,"","",accepted,1
77805,55343,Lomatium dissectum,Fernleaf Biscuitroot,species,https://inaturalist-open-data.s3.amazonaws.com/photos/345539788/medium.jpeg,Lomatium dissectum,species,non-infrataxon,voucher,concern,native,confirmed,0,dissectum,"","",accepted,1
77818,55343,Lomatium nudicaule,Barestem Biscuitroot,species,https://static.inaturalist.org/photos/39813251/medium.jpeg,Lomatium nudicaule,species,non-infrataxon,voucher,secure,native,confirmed,0,nudicaule,"","",accepted,1
77832,51874,Lonicera ciliosa,orange honeysuckle,species,https://inaturalist-open-data.s3.amazonaws.com/photos/42551323/medium.jpg,Lonicera ciliosa,species,non-infrataxon,voucher,secure,native,confirmed,0,ciliosa,"","",accepted,1
77872,47121,Lupinus littoralis,Seashore Lupine,species,https://inaturalist-open-data.s3.amazonaws.com/photos/516571477/medium.jpg,Lupinus littoralis var. littoralis,species,non-infrataxon,no_voucher,secure,native,confirmed,0.006,littoralis,"","",invalid,1
77901,55796,Luzula subsessilis,short-stalked woodrush,species,https://inaturalist-open-data.s3.amazonaws.com/photos/480161509/medium.jpeg,Luzula subsessilis,species,non-infrataxon,voucher,secure,native,confirmed,0.006,subsessilis,"","",accepted,1
77917,48063,Lysimachia thyrsiflora,Tufted Loosestrife,species,https://inaturalist-open-data.s3.amazonaws.com/photos/290259277/medium.jpg,Lysimachia thyrsiflora,species,non-infrataxon,no_voucher,secure,native,confirmed,0.006,thyrsiflora,"","",accepted,1
77923,53136,Madia glomerata,mountain tarweed,species,https://inaturalist-open-data.s3.amazonaws.com/photos/341719/medium.jpg,Madia glomerata,species,non-infrataxon,voucher,secure,native,confirmed,0.013,glomerata,"","",accepted,1
77948,54500,Malus fusca,Pacific Crab Apple,species,https://inaturalist-open-data.s3.amazonaws.com/photos/3101906/medium.JPG,Malus fusca,species,non-infrataxon,voucher,secure,native,confirmed,0,fusca,"","",accepted,1
77952,55978,Malva neglecta,dwarf mallow,species,https://inaturalist-open-data.s3.amazonaws.com/photos/674938663/medium.jpg,Malva neglecta,species,non-infrataxon,voucher,unknown,exotic,confirmed,0,neglecta,"","",accepted,1
77970,60848,Meconella oregana,Oregon Fairypoppy,species,https://inaturalist-open-data.s3.amazonaws.com/photos/119583819/medium.jpg,Meconella oregana,species,non-infrataxon,voucher,concern,native,confirmed,0,oregana,"","",accepted,1
77983,52803,Melica harfordii,Harford's oniongrass,species,https://inaturalist-open-data.s3.amazonaws.com/photos/438866199/medium.jpeg,Melica harfordii,species,non-infrataxon,voucher,secure,native,unconfirmed,0.19,harfordii,"","",accepted,1
77986,52803,Melica subulata,Alaska Oniongrass,species,https://inaturalist-open-data.s3.amazonaws.com/photos/74886261/medium.jpg,Melica subulata,species,non-infrataxon,voucher,secure,native,confirmed,0,subulata,"","",accepted,1
78024,72236,Micranthes ferruginea,Russethair Saxifrage,species,https://inaturalist-open-data.s3.amazonaws.com/photos/73248965/medium.jpeg,Micranthes ferruginea,species,non-infrataxon,no_voucher,secure,native,confirmed,0.012,ferruginea,"","",accepted,1
78027,72236,Micranthes integrifolia,Wholeleaf Saxifrage,species,https://static.inaturalist.org/photos/193444128/medium.jpg,Micranthes integrifolia,species,non-infrataxon,voucher,secure,native,confirmed,0,integrifolia,"","",accepted,1
78150,49131,Myosotis laxa,bay forget-me-not,species,https://static.inaturalist.org/photos/152439045/medium.jpeg,Myosotis laxa,species,non-infrataxon,voucher,secure,native,confirmed,0.025,laxa,"","",accepted,1
78434,56839,Perideridia gairdneri,Gairdner's Yampah,species,https://inaturalist-open-data.s3.amazonaws.com/photos/420953222/medium.jpeg,Perideridia montana,"",non-infrataxon,voucher,secure,native,confirmed,0,gairdneri,"","",unaccepted,1
78629,60306,Pleuropogon refractus,nodding semaphore grass,species,https://inaturalist-open-data.s3.amazonaws.com/photos/285705179/medium.jpeg,Pleuropogon refractus,species,non-infrataxon,voucher,secure,native,confirmed,0.012,refractus,"","",accepted,1
78693,52680,Polypodium hesperium,western polypody,species,https://static.inaturalist.org/photos/52045542/medium.jpeg,Polypodium hesperium,species,non-infrataxon,voucher,secure,native,unconfirmed,0.347,hesperium,"","",accepted,1
78903,53196,Rumex fueginus,golden dock,species,https://inaturalist-open-data.s3.amazonaws.com/photos/422756409/medium.jpeg,Rumex maritimus ssp. fueginus,subspecies,non-infrataxon,unknown,secure,native,unconfirmed,0.467,fueginus,"","",unaccepted,1
78930,52617,Salicornia depressa,Virginia Glasswort,species,https://inaturalist-open-data.s3.amazonaws.com/photos/23010186/medium.jpg,Salicornia depressa,species,non-infrataxon,voucher,secure,native,confirmed,0.277,depressa,"","",accepted,1
78940,53453,Salix geyeriana,Geyer's willow,species,https://inaturalist-open-data.s3.amazonaws.com/photos/2269966/medium.jpeg,Salix geyeriana,species,non-infrataxon,voucher,secure,native,confirmed,0.382,geyeriana,"","",accepted,1
78941,53453,Salix hookeriana,coastal willow,species,https://inaturalist-open-data.s3.amazonaws.com/photos/131374502/medium.jpg,Salix hookeriana,species,non-infrataxon,voucher,secure,native,confirmed,0,hookeriana,"","",accepted,1
78952,53453,Salix prolixa,mackenzie's willow,species,https://inaturalist-open-data.s3.amazonaws.com/photos/128996958/medium.jpeg,Salix prolixa,species,non-infrataxon,voucher,secure,native,confirmed,0.052,prolixa,"","",accepted,1
78979,53202,Sanicula graveolens,northern sanicle,species,https://inaturalist-open-data.s3.amazonaws.com/photos/516450464/medium.jpg,Sanicula graveolens,species,non-infrataxon,voucher,secure,native,confirmed,0,graveolens,"","",accepted,1
78997,47160,Schoenoplectus subterminalis,water bulrush,species,https://inaturalist-open-data.s3.amazonaws.com/photos/296176233/medium.jpeg,Schoenoplectus subterminalis,species,non-infrataxon,no_voucher,secure,native,confirmed,0.024,subterminalis,"","",accepted,1
78998,47160,Schoenoplectus tabernaemontani,soft-stemmed bulrush,species,https://inaturalist-open-data.s3.amazonaws.com/photos/341177034/medium.jpeg,Schoenoplectus tabernaemontani,species,non-infrataxon,voucher,secure,native,confirmed,0.018,tabernaemontani,"","",accepted,1
79131,72365,Sium suave,water parsnip,species,https://inaturalist-open-data.s3.amazonaws.com/photos/44286732/medium.jpeg,Sium suave,species,non-infrataxon,voucher,secure,native,confirmed,0.021,suave,"","",accepted,1
79204,49389,Stellaria neglecta,Greater Chickweed,species,https://inaturalist-open-data.s3.amazonaws.com/photos/354433130/medium.jpg,Stellaria neglecta,species,non-infrataxon,voucher,unknown,exotic,new,0.046,neglecta,"","",accepted,1
79464,57861,Utricularia gibba,humped bladderwort,species,https://static.inaturalist.org/photos/33952087/medium.jpeg,Utricularia gibba,species,non-infrataxon,voucher,secure,native,unconfirmed,0.655,gibba,"","",accepted,1
79503,52472,Vicia lathyroides,spring vetch,species,https://inaturalist-open-data.s3.amazonaws.com/photos/194303251/medium.jpg,Vicia lathyroides,species,non-infrataxon,voucher,unknown,exotic,confirmed,0,lathyroides,"","",accepted,1
79550,72433,Zeltnera muehlenbergii,Muehlenberg's Centaury,species,https://inaturalist-open-data.s3.amazonaws.com/photos/394478388/medium.jpeg,Zeltnera muehlenbergii,species,non-infrataxon,voucher,concern,native,confirmed,0.006,muehlenbergii,"","",accepted,1
79659,62219,Camassia leichtlinii suksdorfii,Suksdorf's Large Camas,subspecies,https://inaturalist-open-data.s3.amazonaws.com/photos/266443961/medium.jpg,Camassia leichtlinii ssp. suksdorfii,subspecies,non-infrataxon,unknown,secure,native,confirmed,0,leichtlinii,Camassia leichtlinii suksdorfii,"",accepted,1
79856,53424,Frangula purshiana purshiana,"",subspecies,https://inaturalist-open-data.s3.amazonaws.com/photos/99150898/medium.jpg,Frangula purshiana ssp. purshiana,species,non-infrataxon,voucher,secure,native,confirmed,0,purshiana,Frangula purshiana purshiana,"",accepted,1
80178,55677,Sagina maxima crassicaulis,thick-stemmed pearlwort,subspecies,https://inaturalist-open-data.s3.amazonaws.com/photos/27645848/medium.jpg,Sagina maxima ssp. crassicaulis,subspecies,infrataxon,voucher,secure,native,confirmed,0.031,maxima,Sagina maxima crassicaulis,"",accepted,1
80182,61936,Scleranthus annuus annuus,Annual Knawel,subspecies,https://inaturalist-open-data.s3.amazonaws.com/photos/594438/medium.jpg,Scleranthus annuus ssp. annuus,subspecies,non-infrataxon,unknown,unknown,exotic,confirmed,0.019,annuus,Scleranthus annuus annuus,"",accepted,1
80266,56161,Valeriana sitchensis scouleri,Scouler's Valerian,subspecies,https://inaturalist-open-data.s3.amazonaws.com/photos/3908415/medium.jpg,Valeriana scouleri,"",non-infrataxon,voucher,secure,native,confirmed,0.006,sitchensis,Valeriana sitchensis scouleri,"",unaccepted,1
81026,63137,Linnaea borealis longiflora,Longtube Twinflower,variety,https://inaturalist-open-data.s3.amazonaws.com/photos/225140133/medium.jpg,Linnaea borealis ssp. longiflora,subspecies,non-infrataxon,unknown,secure,native,confirmed,0,borealis,"",Linnaea borealis longiflora,accepted,1
81277,58875,Polycarpon tetraphyllum tetraphyllum,four-leaved allseed,subspecies,https://inaturalist-open-data.s3.amazonaws.com/photos/69348234/medium.jpg,Polycarpon tetraphyllum ssp. tetraphyllum,species,non-infrataxon,voucher,unknown,exotic,confirmed,0.019,tetraphyllum,Polycarpon tetraphyllum tetraphyllum,"",accepted,1
81378,55731,Spergularia canadensis occidentalis,western sand-spurrey,variety,https://inaturalist-open-data.s3.amazonaws.com/photos/8726127/medium.jpeg,Spergularia canadensis var. occidentalis,variety,non-infrataxon,voucher,secure,native,unconfirmed,0.59,canadensis,"",Spergularia canadensis occidentalis,accepted,1
81427,51644,Tiarella trifoliata unifoliata,Oneleaf Foamflower,variety,https://inaturalist-open-data.s3.amazonaws.com/photos/215563590/medium.jpeg,Tiarella trifoliata var. unifoliata,variety,infrataxon,no_voucher,secure,native,unconfirmed,0.592,trifoliata,"",Tiarella trifoliata unifoliata,accepted,1
81432,49650,Toxicoscordion venenosum venenosum,"",variety,https://inaturalist-open-data.s3.amazonaws.com/photos/286053222/medium.jpg,Toxicoscordion venenosum var. venenosum,variety,non-infrataxon,voucher,secure,native,confirmed,0,venenosum,"",Toxicoscordion venenosum venenosum,accepted,1
84772,47758,Oxalis dillenii,slender yellow woodsorrel,species,https://inaturalist-open-data.s3.amazonaws.com/photos/250700916/medium.jpg,Oxalis dillenii,species,non-infrataxon,voucher,unknown,exotic,unconfirmed,0.193,dillenii,"","",accepted,1
118435,62219,Camassia quamash quamash,"",subspecies,https://static.inaturalist.org/photos/7368202/medium.jpg,Camassia quamash ssp. quamash,subspecies,infrataxon,voucher,secure,native,confirmed,0.04,quamash,Camassia quamash quamash,"",accepted,1
119791,47727,Acer pseudoplatanus,sycamore maple,species,https://static.inaturalist.org/photos/72573830/medium.jpg,Acer pseudoplatanus,species,non-infrataxon,no_voucher,unknown,exotic,new,0,pseudoplatanus,"","",accepted,1
126887,58728,Berberis aquifolium,Oregon grape,species,https://static.inaturalist.org/photos/33215492/medium.jpeg,Berberis aquifolium,species,non-infrataxon,voucher,secure,native,confirmed,0,aquifolium,"","",accepted,1
127355,55869,Cyclamen hederifolium,Ivy-leaved cyclamen,species,https://inaturalist-open-data.s3.amazonaws.com/photos/110836055/medium.jpg,Cyclamen hederifolium,species,non-infrataxon,voucher,unknown,exotic,confirmed,0,hederifolium,"","",accepted,1
128807,47434,Dichanthelium,rosette grasses,genus,https://inaturalist-open-data.s3.amazonaws.com/photos/88945229/medium.jpeg,,,,unknown,,,,,,,,,
129020,51611,Veronica officinalis,heath speedwell,species,https://inaturalist-open-data.s3.amazonaws.com/photos/3867971/medium.JPG,Veronica officinalis,species,non-infrataxon,no_voucher,unknown,exotic,new,0.006,officinalis,"","",accepted,1
129075,53787,Fumaria muralis,common ramping-fumitory,species,https://inaturalist-open-data.s3.amazonaws.com/photos/16104053/medium.jpg,Fumaria muralis,species,non-infrataxon,no_voucher,unknown,exotic,new,0,muralis,"","",accepted,1
129448,129449,Honckenya peploides major,Pacific Sea Sandwort,subspecies,https://inaturalist-open-data.s3.amazonaws.com/photos/412901298/medium.jpeg,Honckenya peploides ssp. major,subspecies,non-infrataxon,unknown,secure,native,confirmed,0.006,peploides,Honckenya peploides major,"",accepted,1
130174,57166,Danthonia spicata,Poverty oatgrass,species,https://static.inaturalist.org/photos/18564686/medium.jpeg,Danthonia spicata,species,non-infrataxon,no_voucher,secure,native,unconfirmed,0.146,spicata,"","",accepted,1
132323,52643,Juncus bulbosus,Bulbous Rush,species,https://inaturalist-open-data.s3.amazonaws.com/photos/47757915/medium.jpg,Juncus bulbosus,species,non-infrataxon,voucher,unknown,exotic,unconfirmed,0.324,bulbosus,"","",accepted,1
154238,72276,Oxytropis campestris,field locoweed,species,https://inaturalist-open-data.s3.amazonaws.com/photos/32728338/medium.jpg,Oxytropis campestris,"",non-infrataxon,unknown,secure,native,confirmed,0.007,campestris,"","",accepted,1
156638,48150,Pentaglottis,"",genus,https://static.inaturalist.org/photos/390096990/medium.jpeg,,,,unknown,,,,,,,,,
156879,47148,Argentina,Silverweeds,genus,https://inaturalist-open-data.s3.amazonaws.com/photos/54317947/medium.jpeg,,,,unknown,,,,,,,,,
156963,47604,Canadanthus,great northern asters,genus,https://inaturalist-open-data.s3.amazonaws.com/photos/29085036/medium.jpeg,,,,unknown,,,,,,,,,
159233,50204,Bidens amplissima,Vancouver Island beggarticks,species,https://inaturalist-open-data.s3.amazonaws.com/photos/720284185/medium.jpg,Bidens amplissima,species,non-infrataxon,voucher,concern,native,confirmed,0.007,amplissima,"","",accepted,1
160947,53376,Cotoneaster divaricatus,Spreading Cotoneaster,species,https://inaturalist-open-data.s3.amazonaws.com/photos/340541156/medium.jpg,Cotoneaster divaricatus,species,non-infrataxon,voucher,unknown,exotic,new,0.013,divaricatus,"","",accepted,1
160951,53376,Cotoneaster rehderi,Bullate Cotoneaster,species,https://static.inaturalist.org/photos/51324471/medium.jpg,Cotoneaster rehderi,species,non-infrataxon,voucher,unknown,exotic,confirmed,0.128,rehderi,"","",accepted,1
163336,61064,Glyceria maxima,reed meadowgrass,species,https://inaturalist-open-data.s3.amazonaws.com/photos/81753172/medium.jpeg,Glyceria maxima,species,non-infrataxon,voucher,unknown,exotic,confirmed,0.026,maxima,"","",accepted,1
163682,53095,Heracleum sphondylium,hogweed,species,https://static.inaturalist.org/photos/298976196/medium.jpg,Heracleum sphondylium,species,non-infrataxon,voucher,unknown,exotic,new,0.044,sphondylium,"","",accepted,1
164074,157614,Ionopsidium acaule,Violet Cress,species,https://inaturalist-open-data.s3.amazonaws.com/photos/343907878/medium.jpeg,Ionopsidium acaule,species,non-infrataxon,voucher,unknown,exotic,confirmed,0.078,acaule,"","",accepted,1
164915,47121,Lupinus oreganus,Kincaid's Lupine,species,https://inaturalist-open-data.s3.amazonaws.com/photos/8010639/medium.jpg,Lupinus oreganus var. kincaidii,subspecies,non-infrataxon,voucher,unknown,native,unconfirmed,0.992,oreganus,"","",unaccepted,1
166953,49139,Plagiobothrys scouleri,Scouler's popcornflower,species,https://inaturalist-open-data.s3.amazonaws.com/photos/214046427/medium.jpeg,Plagiobothrys scouleri,species,non-infrataxon,voucher,secure,native,confirmed,0,scouleri,"","",accepted,1
167508,156438,Pseudosasa japonica,Arrow Bamboo,species,https://inaturalist-open-data.s3.amazonaws.com/photos/181582821/medium.jpg,Pseudosasa japonica,species,non-infrataxon,no_voucher,unknown,exotic,new,0.012,japonica,"","",accepted,1
168412,53202,Sanicula europaea,wood sanicle,species,https://inaturalist-open-data.s3.amazonaws.com/photos/72102200/medium.jpeg,Sanicula europaea,species,non-infrataxon,voucher,unknown,exotic,confirmed,0.006,europaea,"","",accepted,1
168942,48798,Sidalcea hendersonii,Henderson's Checker-mallow,species,https://inaturalist-open-data.s3.amazonaws.com/photos/5416298/medium.jpeg,Sidalcea hendersonii,species,non-infrataxon,voucher,concern,native,confirmed,0.007,hendersonii,"","",accepted,1
169309,51229,Stachys arvensis,Field woundwort,species,https://inaturalist-open-data.s3.amazonaws.com/photos/1219408/medium.,Stachys arvensis,species,non-infrataxon,voucher,unknown,exotic,confirmed,0,arvensis,"","",accepted,1
181694,47727,Acer glabrum douglasii,Douglas maple,variety,https://inaturalist-open-data.s3.amazonaws.com/photos/913182/medium.jpg,Acer glabrum var. douglasii,variety,non-infrataxon,unknown,secure,native,confirmed,0.008,glabrum,"",Acer glabrum douglasii,accepted,1
181942,47604,Scorzoneroides,"",genus,https://static.inaturalist.org/photos/359304196/medium.jpg,,,,unknown,,,,,,,,,
203680,47604,Pilosella,mouse-ear hawkweeds,genus,https://static.inaturalist.org/photos/42518355/medium.jpg,,,,unknown,,,,,,,,,
204175,48063,Lysimachia maritima,Sea Milkwort,species,https://static.inaturalist.org/photos/20740872/medium.jpg,Lysimachia maritima,species,non-infrataxon,no_voucher,secure,native,confirmed,0.013,maritima,"","",accepted,1
204214,47434,Graphephorum,"",genus,https://inaturalist-open-data.s3.amazonaws.com/photos/30904990/medium.jpeg,,,,unknown,,,,,,,,,
204246,204204,Atocion armeria,Sweet William Catchfly,species,https://static.inaturalist.org/photos/83401547/medium.jpg,Atocion armeria,species,non-infrataxon,voucher,unknown,exotic,new,0.006,armeria,"","",accepted,1
209238,50791,Linaria texana,Texas toadflax,species,https://inaturalist-open-data.s3.amazonaws.com/photos/116771/medium.jpg,Nuttallanthus texanus,"",non-infrataxon,no_voucher,unknown,native,unconfirmed,0.161,texana,"","",unaccepted,1
234429,60479,Armeria maritima sibirica,Siberian sea thrift,subspecies,https://inaturalist-open-data.s3.amazonaws.com/photos/5049096/medium.jpg,Armeria maritima ssp. sibirica,subspecies,infrataxon,voucher,unknown,exotic,confirmed,0.012,maritima,Armeria maritima sibirica,"",accepted,1
234790,62219,Camassia quamash maxima,common camas,subspecies,https://inaturalist-open-data.s3.amazonaws.com/photos/7221920/medium.jpg,Camassia quamash ssp. maxima,subspecies,infrataxon,voucher,secure,native,confirmed,0,quamash,Camassia quamash maxima,"",accepted,1
234938,49340,Castilleja hispida hispida,Harsh Paintbrush,variety,https://inaturalist-open-data.s3.amazonaws.com/photos/6902721/medium.jpg,Castilleja hispida var. hispida,variety,non-infrataxon,voucher,secure,native,confirmed,0.007,hispida,"",Castilleja hispida hispida,accepted,1
234941,49340,Castilleja miniata dixonii,Dixon's Paintbrush,variety,https://static.inaturalist.org/photos/111354519/medium.jpeg,Castilleja miniata var. dixonii,variety,non-infrataxon,no_voucher,concern,native,unconfirmed,0.6,miniata,"",Castilleja miniata dixonii,accepted,1
238339,55677,Sagina maxima maxima,Sticky-stem Pearlwort,subspecies,https://inaturalist-open-data.s3.amazonaws.com/photos/41458058/medium.jpg,Sagina maxima ssp. maxima,subspecies,infrataxon,no_voucher,secure,native,new,0.03,maxima,Sagina maxima maxima,"",accepted,1
316609,62232,Chimaphila umbellata umbellata,Eurasian Umbellate Wintergreen,subspecies,https://static.inaturalist.org/photos/2016628/medium.jpg,Chimaphila umbellata ssp. umbellata,subspecies,non-infrataxon,unknown,secure,native,confirmed,0.013,umbellata,Chimaphila umbellata umbellata,"",accepted,1
319936,55728,Cymbalaria muralis muralis,"",subspecies,https://inaturalist-open-data.s3.amazonaws.com/photos/354203915/medium.jpeg,Cymbalaria muralis ssp. muralis,species,non-infrataxon,no_voucher,unknown,exotic,new,0,muralis,Cymbalaria muralis muralis,"",accepted,1
357949,72236,Micranthes rufidula,Rustyhair Saxifrage,species,https://inaturalist-open-data.s3.amazonaws.com/photos/186915327/medium.jpeg,Micranthes rufidula,species,non-infrataxon,voucher,secure,native,confirmed,0,rufidula,"","",accepted,1
357953,72236,Micranthes occidentalis,Western Saxifrage,species,https://inaturalist-open-data.s3.amazonaws.com/photos/530044101/medium.jpg,Micranthes occidentalis,species,non-infrataxon,voucher,secure,native,new,0.025,occidentalis,"","",accepted,1
360545,60502,Veratrum viride eschscholtzianum,western green false hellebore,variety,https://inaturalist-open-data.s3.amazonaws.com/photos/491949/medium.JPG,Veratrum viride var. eschscholzianum,species,non-infrataxon,voucher,unknown,native,unconfirmed,0.506,viride,"",Veratrum viride eschscholtzianum,unaccepted,1
379255,48382,Reynoutria,Rhizomatous Knotweeds,genus,https://static.inaturalist.org/photos/7065992/medium.jpg,,,,unknown,,,,,,,,,
406080,50641,Solanum nitidibaccatum,Green Nightshade,species,https://inaturalist-open-data.s3.amazonaws.com/photos/184772306/medium.jpeg,Solanum physalifolium var. nitidibaccatum,variety,non-infrataxon,unknown,unknown,exotic,confirmed,0.006,nitidibaccatum,"","",unaccepted,1
430682,430685,Argyrocytisus battandieri,Pineapple Broom,species,https://static.inaturalist.org/photos/452954165/medium.jpg,Argyrocytisus battandieri,species,non-infrataxon,voucher,unknown,exotic,unconfirmed,0.223,battandieri,"","",accepted,1
469472,54500,Malus domestica,apple,species,https://inaturalist-open-data.s3.amazonaws.com/photos/268437/medium.jpg,Malus pumila,species,non-infrataxon,voucher,unknown,exotic,confirmed,0,domestica,"","",unaccepted,1
496537,48063,Lysimachia latifolia,Western Starflower,species,https://inaturalist-open-data.s3.amazonaws.com/photos/82441036/medium.jpg,Lysimachia latifolia,species,non-infrataxon,voucher,secure,native,confirmed,0,latifolia,"","",accepted,1
498529,53376,Cotoneaster dielsianus,Diels' Cotoneaster,species,https://inaturalist-open-data.s3.amazonaws.com/photos/83066219/medium.jpeg,Cotoneaster dielsianus,species,non-infrataxon,voucher,unknown,exotic,new,0.108,dielsianus,"","",accepted,1
514012,514011,Chenopodiastrum murale,nettle-leaved goosefoot,species,https://inaturalist-open-data.s3.amazonaws.com/photos/282853405/medium.jpeg,Chenopodiastrum murale,species,non-infrataxon,voucher,unknown,exotic,new,0.096,murale,"","",accepted,1
630966,60369,Pyrola aphylla,Leafless wintergreen,species,https://inaturalist-open-data.s3.amazonaws.com/photos/299622427/medium.jpeg,Pyrola aphylla,species,non-infrataxon,no_voucher,secure,native,confirmed,0.006,aphylla,"","",accepted,1
716947,48063,Lysimachia europaea,Arctic Starflower,species,https://inaturalist-open-data.s3.amazonaws.com/photos/8051870/medium.jpeg,Lysimachia europaea,"",non-infrataxon,voucher,unknown,native,confirmed,0.092,europaea,"","",accepted,1
734805,734821,Petrosedum rupestre,Reflexed Stonecrop,species,https://inaturalist-open-data.s3.amazonaws.com/photos/148595193/medium.jpg,Sedum rupestre,"",non-infrataxon,no_voucher,unknown,unknown,new,0,rupestre,"","",unaccepted,1
739040,273241,Aphyllon purpureum,oneflower broomrape,species,https://inaturalist-open-data.s3.amazonaws.com/photos/628699173/medium.jpg,Aphyllon purpureum,"",non-infrataxon,voucher,secure,native,confirmed,0,purpureum,"","",accepted,1
778403,48528,Symphoricarpos mollis hesperius,Spreading Snowberry,variety,https://inaturalist-open-data.s3.amazonaws.com/photos/8677765/medium.jpeg,Symphoricarpos mollis var. hesperius,species,non-infrataxon,voucher,secure,native,confirmed,0.006,mollis,"",Symphoricarpos mollis hesperius,accepted,1
791928,48063,Lysimachia arvensis,scarlet pimpernel,species,https://inaturalist-open-data.s3.amazonaws.com/photos/223278664/medium.jpg,Lysimachia arvensis,species,non-infrataxon,voucher,unknown,exotic,confirmed,0,arvensis,"","",accepted,1
867483,49389,Stellaria apetala,lesser chickweed,species,https://inaturalist-open-data.s3.amazonaws.com/photos/66236079/medium.jpeg,Stellaria pallida,species,non-infrataxon,voucher,unknown,exotic,new,0.095,apetala,"","",unaccepted,1
890625,55796,Luzula macrantha,Prairie Woodrush,species,https://inaturalist-open-data.s3.amazonaws.com/photos/186508323/medium.jpeg,Luzula macrantha,species,non-infrataxon,voucher,secure,native,confirmed,0.025,macrantha,"","",accepted,1
897622,48539,Cytisus procumbens,"",species,https://static.inaturalist.org/photos/63813686/medium.jpeg,Cytisus procumbens,species,non-infrataxon,voucher,unknown,exotic,new,0.051,procumbens,"","",accepted,1
941891,878738,Halerpestes cymbalaria,Alkali Buttercup,species,https://inaturalist-open-data.s3.amazonaws.com/photos/65832931/medium.jpeg,Halerpestes cymbalaria,species,non-infrataxon,no_voucher,secure,native,unconfirmed,0.525,cymbalaria,"","",accepted,1
950603,950583,Anemonoides nemorosa,wood anemone,species,https://inaturalist-open-data.s3.amazonaws.com/photos/732011/medium.jpg,Anemone nemorosa,species,non-infrataxon,no_voucher,unknown,exotic,new,0,nemorosa,"","",unaccepted,1
988455,50853,Cerastium pumilum glutinosum,"",variety,https://inaturalist-open-data.s3.amazonaws.com/photos/37928985/medium.jpeg,Cerastium pumilum ssp. glutinosum,species,non-infrataxon,voucher,unknown,exotic,confirmed,0.019,pumilum,"",Cerastium pumilum glutinosum,accepted,1
993678,53376,Cotoneaster qungbixiensis,truncate-leaved cotoneaster,species,"",Cotoneaster qungbixiensis,species,non-infrataxon,voucher,unknown,unknown,new,0.121,qungbixiensis,"","",accepted,1
1005385,50853,Cerastium holosteoides,Common mouse-ear chickweed,species,https://inaturalist-open-data.s3.amazonaws.com/photos/245986323/medium.jpg,Cerastium fontanum ssp. vulgare,subspecies,non-infrataxon,voucher,unknown,exotic,confirmed,0,holosteoides,"","",unaccepted,1
1221562,962562,Eriocoma nelsonii,Columbia needlegrass,species,https://inaturalist-open-data.s3.amazonaws.com/photos/154441980/medium.jpg,Achnatherum nelsonii,species,non-infrataxon,voucher,unknown,native,unconfirmed,0.919,nelsonii,"","",unaccepted,1
1319212,53376,Cotoneaster franchetii,Franchet's cotoneaster,species,https://inaturalist-open-data.s3.amazonaws.com/photos/33337608/medium.jpg,Cotoneaster franchetii,species,non-infrataxon,voucher,unknown,exotic,new,0.008,franchetii,"","",accepted,1
1426020,51753,Brodiaea rosea rosea,"",subspecies,https://inaturalist-open-data.s3.amazonaws.com/photos/105538552/medium.jpeg,Brodiaea rosea var. rosea,variety,non-infrataxon,unknown,concern,native,confirmed,0.006,rosea,Brodiaea rosea rosea,"",accepted,1
1453825,156250,Roemeria argemone,Prickly Poppy,species,https://inaturalist-open-data.s3.amazonaws.com/photos/16169/medium.jpg,Papaver argemone,species,non-infrataxon,voucher,unknown,exotic,confirmed,0.006,argemone,"","",unaccepted,1
1555488,47204,Mutarda,"",genus,https://inaturalist-open-data.s3.amazonaws.com/photos/80331856/medium.jpeg,,,,unknown,,,,,,,,,
1561121,60092,Rhinanthus minor minor,"",subspecies,https://inaturalist-open-data.s3.amazonaws.com/photos/448905246/medium.jpeg,Rhinanthus minor ssp. minor,species,non-infrataxon,voucher,secure,native,confirmed,0.01,minor,Rhinanthus minor minor,"",accepted,1
1678222,47434,Falona,"",genus,https://inaturalist-open-data.s3.amazonaws.com/photos/518293311/medium.jpg,,,,unknown,,,,,,,,,
47359,47361,Apocynum androsaemifolium,spreading dogbane,species,https://inaturalist-open-data.s3.amazonaws.com/photos/375675/medium.jpg,Apocynum androsaemifolium,species,non-infrataxon,voucher,secure,native,confirmed,0.007,androsaemifolium,"","",accepted,1
47697,47698,Hesperis matronalis,dame's rocket,species,https://inaturalist-open-data.s3.amazonaws.com/photos/202467231/medium.jpeg,Hesperis matronalis,species,non-infrataxon,voucher,unknown,exotic,confirmed,0.012,matronalis,"","",accepted,1
48349,48353,Vaccinium ovatum,Evergreen Huckleberry,species,https://static.inaturalist.org/photos/121469550/medium.jpeg,Vaccinium ovatum,species,non-infrataxon,no_voucher,secure,native,confirmed,0,ovatum,"","",accepted,1
48354,48353,Vaccinium parvifolium,Red Huckleberry,species,https://inaturalist-open-data.s3.amazonaws.com/photos/412813759/medium.jpeg,Vaccinium parvifolium,species,non-infrataxon,voucher,secure,native,confirmed,0,parvifolium,"","",accepted,1
48543,48544,Mycelis muralis,Wall Lettuce,species,https://inaturalist-open-data.s3.amazonaws.com/photos/329930256/medium.jpg,Mycelis muralis,species,non-infrataxon,voucher,unknown,exotic,confirmed,0,muralis,"","",accepted,1
48934,47561,Pinus contorta,lodgepole pine,species,https://inaturalist-open-data.s3.amazonaws.com/photos/45880976/medium.jpeg,Pinus contorta,species,non-infrataxon,voucher,unknown,native,confirmed,0,contorta,"","",accepted,1
49141,49140,Amsinckia menziesii intermedia,Rancher's fiddleneck,variety,https://inaturalist-open-data.s3.amazonaws.com/photos/23982764/medium.jpeg,Amsinckia intermedia,species,non-infrataxon,voucher,unknown,native,confirmed,0.181,menziesii,"",Amsinckia menziesii intermedia,unaccepted,1
49444,49445,Corallorhiza mertensiana,Pacific coralroot,species,https://inaturalist-open-data.s3.amazonaws.com/photos/149227/medium.jpg,Corallorhiza mertensiana,species,non-infrataxon,voucher,secure,native,confirmed,0,mertensiana,"","",accepted,1
49475,49445,Corallorhiza maculata,spotted coralroot,species,https://inaturalist-open-data.s3.amazonaws.com/photos/323424832/medium.jpeg,Corallorhiza maculata,species,non-infrataxon,voucher,unknown,native,confirmed,0,maculata,"","",accepted,1
50618,50619,Fritillaria affinis,checker lily,species,https://inaturalist-open-data.s3.amazonaws.com/photos/2605/medium.jpg,Fritillaria affinis,species,non-infrataxon,voucher,secure,native,confirmed,0,affinis,"","",accepted,1
50706,50707,Cephalanthera austiniae,Phantom Orchid,species,https://inaturalist-open-data.s3.amazonaws.com/photos/4112910/medium.JPG,Cephalanthera austiniae,species,non-infrataxon,voucher,concern,native,confirmed,0.007,austiniae,"","",accepted,1
50712,47589,Cypripedium montanum,mountain lady's-slipper,species,https://inaturalist-open-data.s3.amazonaws.com/photos/18334409/medium.jpeg,Cypripedium montanum,"",non-infrataxon,no_voucher,secure,native,unconfirmed,0.521,montanum,"","",accepted,1
50719,50718,Goodyera oblongifolia,Western Rattlesnake Plantain,species,https://inaturalist-open-data.s3.amazonaws.com/photos/12879824/medium.jpeg,Goodyera oblongifolia,species,non-infrataxon,voucher,secure,native,confirmed,0,oblongifolia,"","",accepted,1
50743,50741,Spiranthes romanzoffiana,Hooded Ladies' Tresses,species,https://inaturalist-open-data.s3.amazonaws.com/photos/85942231/medium.jpg,Spiranthes romanzoffiana,species,non-infrataxon,voucher,secure,native,confirmed,0.008,romanzoffiana,"","",accepted,1
50806,50807,Uropappus lindleyi,silverpuffs,species,https://inaturalist-open-data.s3.amazonaws.com/photos/125245171/medium.jpeg,Uropappus lindleyi,"",non-infrataxon,voucher,concern,native,unconfirmed,0.269,lindleyi,"","",accepted,1
51123,51122,Nymphaea odorata odorata,fragrant waterlily,subspecies,https://inaturalist-open-data.s3.amazonaws.com/photos/778406/medium.jpg,Nymphaea odorata ssp. odorata,species,non-infrataxon,voucher,unknown,exotic,confirmed,0.007,odorata,Nymphaea odorata odorata,"",accepted,1
51344,48385,Heuchera micrantha diversifolia,"",variety,https://inaturalist-open-data.s3.amazonaws.com/photos/13359312/medium.jpg,Heuchera micrantha var. diversifolia,variety,non-infrataxon,voucher,secure,native,confirmed,0,micrantha,"",Heuchera micrantha diversifolia,accepted,1
51646,47544,Rubus parviflorus,thimbleberry,species,https://static.inaturalist.org/photos/508162072/medium.jpg,Rubus parviflorus,species,non-infrataxon,voucher,secure,native,confirmed,0,parviflorus,"","",accepted,1
52586,52587,Silybum marianum,milk thistle,species,https://static.inaturalist.org/photos/6078409/medium.jpeg,Silybum marianum,species,non-infrataxon,voucher,unknown,exotic,new,0,marianum,"","",accepted,1
52627,51229,Stachys chamissonis cooleyae,Cooley's Hedge-nettle,variety,https://inaturalist-open-data.s3.amazonaws.com/photos/6758732/medium.jpg,Stachys cooleyae,"",non-infrataxon,unknown,secure,native,confirmed,0,chamissonis,"",Stachys chamissonis cooleyae,invalid,1
52692,52693,Agrostis pallens,seashore bentgrass,species,https://inaturalist-open-data.s3.amazonaws.com/photos/317775663/medium.jpg,Agrostis pallens,species,non-infrataxon,voucher,secure,native,confirmed,0.148,pallens,"","",accepted,1
52694,52695,Aira caryophyllea,Silver Hairgrass,species,https://inaturalist-open-data.s3.amazonaws.com/photos/12075346/medium.jpg,Aira caryophyllea,species,non-infrataxon,voucher,unknown,exotic,confirmed,0.007,caryophyllea,"","",accepted,1
52703,52701,Bromus hordeaceus,common soft brome,species,https://inaturalist-open-data.s3.amazonaws.com/photos/130309776/medium.jpeg,Bromus hordeaceus,subspecies,infrataxon,voucher,unknown,exotic,confirmed,0.019,hordeaceus,"","",accepted,1
52720,52721,Dactylis glomerata,orchard grass,species,https://inaturalist-open-data.s3.amazonaws.com/photos/103010705/medium.jpeg,Dactylis glomerata,species,non-infrataxon,voucher,unknown,exotic,confirmed,0,glomerata,"","",accepted,1
52722,52723,Deschampsia elongata,slender hairgrass,species,https://inaturalist-open-data.s3.amazonaws.com/photos/419360530/medium.jpeg,Deschampsia elongata,species,non-infrataxon,voucher,secure,native,unknown,0.362,elongata,"","",accepted,1
52727,56932,Cuscuta cephalanthi,Buttonbush Dodder,species,https://static.inaturalist.org/photos/9230754/medium.jpeg,Cuscuta cephalanthi,species,non-infrataxon,voucher,unknown,exotic,confirmed,0.181,cephalanthi,"","",accepted,1
52764,52765,Prunella vulgaris,common selfheal,species,https://inaturalist-open-data.s3.amazonaws.com/photos/89626619/medium.jpg,Prunella vulgaris,species,non-infrataxon,voucher,unknown,native,confirmed,0,vulgaris,"","",accepted,1
52791,52792,Elymus glaucus,blue wild rye,species,https://static.inaturalist.org/photos/75985465/medium.jpg,Elymus glaucus,species,non-infrataxon,voucher,unknown,native,confirmed,0.016,glaucus,"","",accepted,1
52793,52794,Holcus lanatus,Yorkshire fog,species,https://inaturalist-open-data.s3.amazonaws.com/photos/79932683/medium.jpeg,Holcus lanatus,species,non-infrataxon,voucher,unknown,exotic,confirmed,0.009,lanatus,"","",accepted,1
52796,52797,Hordeum murinum,wall barley,species,https://inaturalist-open-data.s3.amazonaws.com/photos/12852/medium.jpg,Hordeum murinum,species,non-infrataxon,voucher,unknown,exotic,confirmed,0,murinum,"","",accepted,1
52833,52834,Anaphalis margaritacea,pearly everlasting,species,https://inaturalist-open-data.s3.amazonaws.com/photos/557174771/medium.jpg,Anaphalis margaritacea,species,non-infrataxon,voucher,secure,native,confirmed,0,margaritacea,"","",accepted,1
52838,52842,Anthemis arvensis,Corn Chamomile,species,https://inaturalist-open-data.s3.amazonaws.com/photos/11171625/medium.jpeg,Anthemis arvensis,species,non-infrataxon,no_voucher,unknown,exotic,new,0.036,arvensis,"","",accepted,1
52841,52842,Anthemis cotula,Stinking chamomile,species,https://static.inaturalist.org/photos/158138695/medium.jpeg,Anthemis cotula,species,non-infrataxon,voucher,unknown,exotic,confirmed,0.027,cotula,"","",accepted,1
52846,52847,Anthriscus caucalis,Bur Parsley,species,https://inaturalist-open-data.s3.amazonaws.com/photos/25575053/medium.jpg,Anthriscus caucalis,species,non-infrataxon,voucher,unknown,exotic,confirmed,0,caucalis,"","",accepted,1
52913,52914,Cichorium intybus,chicory,species,https://inaturalist-open-data.s3.amazonaws.com/photos/283894255/medium.jpg,Cichorium intybus,species,non-infrataxon,no_voucher,unknown,exotic,confirmed,0.037,intybus,"","",accepted,1
52974,52975,Eurybia radulina,roughleaf aster,species,https://inaturalist-open-data.s3.amazonaws.com/photos/50377570/medium.jpg,Eurybia radulina,species,non-infrataxon,voucher,concern,native,confirmed,0.013,radulina,"","",accepted,1
52976,52977,Barbarea orthoceras,American yellowrocket,species,https://inaturalist-open-data.s3.amazonaws.com/photos/8500245/medium.jpg,Barbarea orthoceras,species,non-infrataxon,voucher,secure,native,confirmed,0,orthoceras,"","",accepted,1
52981,49652,Cardamine oligosperma,little western bittercress,species,https://inaturalist-open-data.s3.amazonaws.com/photos/3002876/medium.jpg,Cardamine oligosperma,species,non-infrataxon,voucher,secure,native,confirmed,0,oligosperma,"","",accepted,1
52989,48561,Cirsium vulgare,Bull Thistle,species,https://inaturalist-open-data.s3.amazonaws.com/photos/306770747/medium.jpeg,Cirsium vulgare,species,non-infrataxon,voucher,unknown,exotic,confirmed,0,vulgare,"","",accepted,1
52992,52845,Matricaria discoidea,pineapple-weed,species,https://inaturalist-open-data.s3.amazonaws.com/photos/34171885/medium.jpeg,Matricaria discoidea,species,non-infrataxon,voucher,unknown,native,confirmed,0,discoidea,"","",accepted,1
52993,48561,Cirsium brevistylum,Short-styled Thistle,species,https://static.inaturalist.org/photos/114124015/medium.jpg,Cirsium brevistylum,species,non-infrataxon,no_voucher,secure,native,confirmed,0.012,brevistylum,"","",accepted,1
53012,50249,Maianthemum racemosum amplexicaule,western Solomon's plume,subspecies,https://inaturalist-open-data.s3.amazonaws.com/photos/137327548/medium.jpeg,Maianthemum racemosum ssp. amplexicaule,subspecies,non-infrataxon,voucher,unknown,native,confirmed,0,racemosum,Maianthemum racemosum amplexicaule,"",accepted,1
53065,53060,Galium triflorum,fragrant bedstraw,species,https://inaturalist-open-data.s3.amazonaws.com/photos/344310633/medium.jpg,Galium triflorum,species,non-infrataxon,voucher,secure,native,confirmed,0,triflorum,"","",accepted,1
53076,47701,Geranium molle,Dove's-foot crane's-bill,species,https://inaturalist-open-data.s3.amazonaws.com/photos/275105325/medium.jpeg,Geranium molle,species,non-infrataxon,voucher,unknown,exotic,confirmed,0,molle,"","",accepted,1
53083,53078,Pseudognaphalium luteoalbum,Jersey Cudweed,species,https://inaturalist-open-data.s3.amazonaws.com/photos/601359587/medium.jpg,Pseudognaphalium luteoalbum,"",non-infrataxon,unknown,unknown,exotic,new,0.042,luteoalbum,"","",accepted,1
53089,53078,Pseudognaphalium stramineum,cottonbatting plant,species,https://inaturalist-open-data.s3.amazonaws.com/photos/6770717/medium.jpeg,Pseudognaphalium stramineum,species,non-infrataxon,voucher,unknown,exotic,new,0.006,stramineum,"","",accepted,1
53107,53106,Lactuca serriola,prickly lettuce,species,https://inaturalist-open-data.s3.amazonaws.com/photos/5228/medium.jpg,Lactuca serriola,species,non-infrataxon,no_voucher,unknown,exotic,confirmed,0.007,serriola,"","",accepted,1
53166,53167,Osmorhiza berteroi,mountain sweet cicely,species,https://inaturalist-open-data.s3.amazonaws.com/photos/492837001/medium.jpeg,Osmorhiza berteroi,species,non-infrataxon,voucher,secure,native,confirmed,0,berteroi,"","",accepted,1
53178,50636,Plantago lanceolata,ribwort plantain,species,https://inaturalist-open-data.s3.amazonaws.com/photos/384758481/medium.jpg,Plantago lanceolata,species,non-infrataxon,voucher,unknown,exotic,confirmed,0,lanceolata,"","",accepted,1
53188,53189,Psilocarphus tenellus,slender woolly-marbles,species,https://inaturalist-open-data.s3.amazonaws.com/photos/15518468/medium.jpeg,Psilocarphus tenellus,species,non-infrataxon,voucher,secure,native,confirmed,0.025,tenellus,"","",accepted,1
53197,53196,Rumex crispus,curled dock,species,https://inaturalist-open-data.s3.amazonaws.com/photos/447224091/medium.jpeg,Rumex crispus,species,non-infrataxon,voucher,unknown,exotic,confirmed,0,crispus,"","",accepted,1
53203,53204,Clinopodium douglasii,yerba buena,species,https://static.inaturalist.org/photos/211740178/medium.jpg,Clinopodium douglasii,species,non-infrataxon,voucher,secure,native,confirmed,0,douglasii,"","",accepted,1
53210,53207,Senecio sylvaticus,Heath Groundsel,species,https://static.inaturalist.org/photos/428133923/medium.jpg,Senecio sylvaticus,species,non-infrataxon,voucher,unknown,exotic,confirmed,0.006,sylvaticus,"","",accepted,1
53211,53207,Senecio vulgaris,common groundsel,species,https://inaturalist-open-data.s3.amazonaws.com/photos/354387481/medium.jpeg,Senecio vulgaris,species,non-infrataxon,voucher,unknown,exotic,confirmed,0,vulgaris,"","",accepted,1
53266,53267,Sisymbrium officinale,Hedge mustard,species,https://inaturalist-open-data.s3.amazonaws.com/photos/279110497/medium.jpeg,Sisymbrium officinale,species,non-infrataxon,voucher,unknown,exotic,confirmed,0,officinale,"","",accepted,1
53269,53270,Sonchus asper,prickly sowthistle,species,https://inaturalist-open-data.s3.amazonaws.com/photos/254422387/medium.jpg,Sonchus asper,species,non-infrataxon,voucher,unknown,exotic,confirmed,0,asper,"","",accepted,1
53294,53270,Sonchus oleraceus,Common Sow-thistle,species,https://inaturalist-open-data.s3.amazonaws.com/photos/131297526/medium.jpg,Sonchus oleraceus,species,non-infrataxon,voucher,unknown,exotic,confirmed,0,oleraceus,"","",accepted,1
53313,51876,Trifolium dubium,Lesser hop trefoil,species,https://inaturalist-open-data.s3.amazonaws.com/photos/380402591/medium.jpg,Trifolium dubium,species,non-infrataxon,voucher,unknown,exotic,confirmed,0,dubium,"","",accepted,1
53326,53327,Vinca major,greater periwinkle,species,https://inaturalist-open-data.s3.amazonaws.com/photos/187076568/medium.jpeg,Vinca major,species,non-infrataxon,voucher,unknown,exotic,new,0,major,"","",accepted,1
53328,50829,Viola adunca,hookedspur violet,species,https://inaturalist-open-data.s3.amazonaws.com/photos/128291402/medium.jpg,Viola adunca var. adunca,species,non-infrataxon,voucher,secure,native,confirmed,0,adunca,"","",unaccepted,1
53785,53787,Fumaria officinalis,Common Fumitory,species,https://inaturalist-open-data.s3.amazonaws.com/photos/51645699/medium.jpg,Fumaria officinalis,species,non-infrataxon,voucher,unknown,exotic,confirmed,0.019,officinalis,"","",accepted,1
54050,54051,Crepis capillaris,Smooth hawksbeard,species,https://inaturalist-open-data.s3.amazonaws.com/photos/151130085/medium.jpeg,Crepis capillaris,species,non-infrataxon,voucher,unknown,exotic,confirmed,0,capillaris,"","",accepted,1
54520,54521,Tanacetum parthenium,feverfew,species,https://inaturalist-open-data.s3.amazonaws.com/photos/10145/medium.jpg,Tanacetum parthenium,species,non-infrataxon,voucher,unknown,exotic,confirmed,0,parthenium,"","",accepted,1
54531,49652,Cardamine pratensis,Cuckooflower,species,https://inaturalist-open-data.s3.amazonaws.com/photos/601068973/medium.jpg,Cardamine pratensis,species,non-infrataxon,voucher,unknown,native,confirmed,0.025,pratensis,"","",accepted,1
54835,47351,Prunus virginiana,chokecherry,species,https://inaturalist-open-data.s3.amazonaws.com/photos/146282563/medium.jpg,Prunus virginiana,"",non-infrataxon,unknown,secure,native,confirmed,0,virginiana,"","",accepted,1
55021,48016,Arabidopsis thaliana,mouse-ear cress,species,https://inaturalist-open-data.s3.amazonaws.com/photos/187006756/medium.jpeg,Arabidopsis thaliana,species,non-infrataxon,voucher,unknown,exotic,confirmed,0.007,thaliana,"","",accepted,1
55342,50829,Viola sempervirens,Redwood Violet,species,https://inaturalist-open-data.s3.amazonaws.com/photos/63038472/medium.jpeg,Viola sempervirens,species,non-infrataxon,voucher,secure,native,confirmed,0,sempervirens,"","",accepted,1
55364,55365,Grindelia hirsutula,Hairy Gumweed,species,https://inaturalist-open-data.s3.amazonaws.com/photos/8538806/medium.jpeg,Grindelia hirsutula var. hirsutula,species,non-infrataxon,no_voucher,concern,native,unconfirmed,0.521,hirsutula,"","",unaccepted,1
55366,50299,Fragaria × ananassa,garden strawberry,hybrid,https://inaturalist-open-data.s3.amazonaws.com/photos/74966564/medium.jpg,Fragaria × ananassa,hybrid,non-infrataxon,no_voucher,unknown,unknown,unconfirmed,0.278,"","","",accepted,1
55367,50299,Fragaria chiloensis,beach strawberry,species,https://static.inaturalist.org/photos/12686733/medium.jpg,Fragaria chiloensis,species,non-infrataxon,no_voucher,unknown,native,confirmed,0,chiloensis,"","",accepted,1
55411,55412,Raphanus raphanistrum,Wild radish,species,https://static.inaturalist.org/photos/103385471/medium.jpg,Raphanus raphanistrum,species,non-infrataxon,voucher,unknown,exotic,confirmed,0,raphanistrum,"","",accepted,1
55563,55564,Bellis perennis,Lawn daisy,species,https://inaturalist-open-data.s3.amazonaws.com/photos/515847774/medium.jpg,Bellis perennis,species,non-infrataxon,voucher,unknown,exotic,confirmed,0,perennis,"","",accepted,1
55666,51611,Veronica persica,bird's-eye speedwell,species,https://inaturalist-open-data.s3.amazonaws.com/photos/472978578/medium.jpeg,Veronica persica,species,non-infrataxon,voucher,unknown,exotic,new,0,persica,"","",accepted,1
55732,53186,Potentilla norvegica,rough cinquefoil,species,https://static.inaturalist.org/photos/43777719/medium.jpeg,Potentilla norvegica,species,non-infrataxon,voucher,secure,native,confirmed,0.025,norvegica,"","",accepted,1
55734,55735,Sedum acre,Biting Stonecrop,species,https://static.inaturalist.org/photos/80435797/medium.jpeg,Sedum acre,species,non-infrataxon,voucher,unknown,exotic,confirmed,0,acre,"","",accepted,1
55760,50829,Viola arvensis,European field pansy,species,https://static.inaturalist.org/photos/374479105/medium.jpeg,Viola arvensis,"",non-infrataxon,no_voucher,unknown,exotic,unconfirmed,0.278,arvensis,"","",accepted,1
55825,51611,Veronica filiformis,Slender speedwell,species,https://static.inaturalist.org/photos/41454372/medium.jpeg,Veronica filiformis,species,non-infrataxon,voucher,unknown,exotic,confirmed,0,filiformis,"","",accepted,1
55829,49652,Cardamine hirsuta,hairy bittercress,species,https://inaturalist-open-data.s3.amazonaws.com/photos/181993101/medium.jpg,Cardamine hirsuta,species,non-infrataxon,voucher,unknown,exotic,confirmed,0,hirsuta,"","",accepted,1
55844,53327,Vinca minor,lesser periwinkle,species,https://inaturalist-open-data.s3.amazonaws.com/photos/623147456/medium.jpg,Vinca minor,species,non-infrataxon,no_voucher,unknown,exotic,new,0,minor,"","",accepted,1
55845,50829,Viola odorata,Sweet violet,species,https://inaturalist-open-data.s3.amazonaws.com/photos/622851735/medium.jpg,Viola odorata,species,non-infrataxon,voucher,unknown,exotic,confirmed,0,odorata,"","",accepted,1
55886,55326,Lunaria annua,Annual Honesty,species,https://inaturalist-open-data.s3.amazonaws.com/photos/505567800/medium.jpg,Lunaria annua,species,non-infrataxon,voucher,unknown,exotic,confirmed,0,annua,"","",accepted,1
55892,50630,Erysimum × cheiri,Wallflower,hybrid,https://static.inaturalist.org/photos/174749906/medium.jpeg,Erysimum cheiri,"",non-infrataxon,unknown,unknown,exotic,confirmed,0,"","","",unaccepted,1
55971,54521,Tanacetum vulgare,tansy,species,https://inaturalist-open-data.s3.amazonaws.com/photos/45581182/medium.jpg,Tanacetum vulgare,species,non-infrataxon,voucher,unknown,exotic,new,0,vulgare,"","",accepted,1
55981,55982,Lapsana communis,nipplewort,species,https://inaturalist-open-data.s3.amazonaws.com/photos/20407734/medium.jpg,Lapsana communis,species,non-infrataxon,voucher,unknown,exotic,confirmed,0,communis,"","",accepted,1
56061,56062,Alliaria petiolata,garlic mustard,species,https://static.inaturalist.org/photos/189247854/medium.jpg,Alliaria petiolata,species,non-infrataxon,voucher,unknown,exotic,confirmed,0,petiolata,"","",accepted,1
56065,53060,Galium odoratum,Sweet Woodruff,species,https://inaturalist-open-data.s3.amazonaws.com/photos/74944506/medium.jpg,Galium odoratum,species,non-infrataxon,voucher,unknown,exotic,new,0,odoratum,"","",accepted,1
56121,52979,Capsella bursa-pastoris,shepherd's-purse,species,https://inaturalist-open-data.s3.amazonaws.com/photos/23130/medium.jpg,Capsella bursa-pastoris,species,non-infrataxon,voucher,unknown,exotic,confirmed,0,bursa-pastoris,"","",accepted,1
56126,52977,Barbarea vulgaris,bitter wintercress,species,https://inaturalist-open-data.s3.amazonaws.com/photos/369943612/medium.jpg,Barbarea vulgaris,species,non-infrataxon,voucher,unknown,exotic,confirmed,0.021,vulgaris,"","",accepted,1
56129,51611,Veronica hederifolia,Ivy-leaved Speedwell,species,https://inaturalist-open-data.s3.amazonaws.com/photos/67478465/medium.jpg,Veronica hederifolia,species,non-infrataxon,voucher,unknown,exotic,new,0.012,hederifolia,"","",accepted,1
56153,52643,Juncus effusus,Soft Rush,species,https://inaturalist-open-data.s3.amazonaws.com/photos/41202988/medium.jpg,Juncus effusus,species,non-infrataxon,voucher,unknown,native,confirmed,0,effusus,"","",accepted,1
56166,61787,Persicaria maculosa,spotted lady's thumb,species,https://inaturalist-open-data.s3.amazonaws.com/photos/432177968/medium.jpeg,Persicaria maculosa,species,non-infrataxon,voucher,unknown,exotic,confirmed,0.006,maculosa,"","",accepted,1
56188,52472,Vicia hirsuta,Hairy tare,species,https://static.inaturalist.org/photos/287618264/medium.jpeg,Vicia hirsuta,species,non-infrataxon,voucher,unknown,exotic,confirmed,0.009,hirsuta,"","",accepted,1
56224,49869,Caltha palustris,marsh marigold,species,https://inaturalist-open-data.s3.amazonaws.com/photos/324010734/medium.jpeg,Caltha palustris,species,non-infrataxon,no_voucher,unknown,native,confirmed,0,palustris,"","",accepted,1
56726,56727,Daucus pusillus,American wild carrot,species,https://inaturalist-open-data.s3.amazonaws.com/photos/277697754/medium.jpeg,Daucus pusillus,species,non-infrataxon,no_voucher,secure,native,confirmed,0,pusillus,"","",accepted,1
56847,56848,Yabea microcarpa,California Hedge Parsley,species,https://inaturalist-open-data.s3.amazonaws.com/photos/81101506/medium.jpeg,Yabea microcarpa,species,non-infrataxon,voucher,concern,native,confirmed,0,microcarpa,"","",accepted,1
56992,56993,Lobularia maritima,sweet alyssum,species,https://inaturalist-open-data.s3.amazonaws.com/photos/473805234/medium.jpg,Lobularia maritima,species,non-infrataxon,voucher,unknown,exotic,confirmed,0.007,maritima,"","",accepted,1
56996,53267,Sisymbrium altissimum,Tall Tumblemustard,species,https://static.inaturalist.org/photos/67836882/medium.jpg,Sisymbrium altissimum,species,non-infrataxon,voucher,unknown,exotic,confirmed,0.02,altissimum,"","",accepted,1
57016,57017,Crassula connata,sand pygmyweed,species,https://inaturalist-open-data.s3.amazonaws.com/photos/356062780/medium.jpg,Crassula connata,species,non-infrataxon,voucher,concern,native,confirmed,0,connata,"","",accepted,1
57053,64336,Acmispon americanus americanus,Spanish clover,variety,https://inaturalist-open-data.s3.amazonaws.com/photos/997642/medium.jpg,Acmispon americanus var. americanus,variety,non-infrataxon,voucher,secure,native,confirmed,0.008,americanus,"",Acmispon americanus americanus,accepted,1
57076,51876,Trifolium campestre,hop trefoil,species,https://inaturalist-open-data.s3.amazonaws.com/photos/127971367/medium.jpg,Trifolium campestre,species,non-infrataxon,voucher,unknown,exotic,confirmed,0.032,campestre,"","",accepted,1
57116,54570,Mentha pulegium,Pennyroyal,species,https://inaturalist-open-data.s3.amazonaws.com/photos/86016750/medium.jpg,Mentha pulegium,species,non-infrataxon,no_voucher,unknown,exotic,new,0.007,pulegium,"","",accepted,1
57157,57160,Briza maxima,Greater Quaking Grass,species,https://inaturalist-open-data.s3.amazonaws.com/photos/254236867/medium.jpg,Briza maxima,species,non-infrataxon,voucher,unknown,exotic,new,0.019,maxima,"","",accepted,1
57162,57160,Briza minor,Little quaking-grass,species,https://inaturalist-open-data.s3.amazonaws.com/photos/34264/medium.jpg,Briza minor,species,non-infrataxon,voucher,unknown,exotic,confirmed,0.006,minor,"","",accepted,1
57163,52701,Bromus sterilis,Barren Brome,species,https://inaturalist-open-data.s3.amazonaws.com/photos/152944035/medium.jpeg,Bromus sterilis,species,non-infrataxon,voucher,unknown,exotic,confirmed,0.007,sterilis,"","",accepted,1
57164,52723,Deschampsia danthonioides,annual hairgrass,species,https://inaturalist-open-data.s3.amazonaws.com/photos/307794095/medium.jpg,Deschampsia danthonioides,species,non-infrataxon,voucher,secure,native,confirmed,0.096,danthonioides,"","",accepted,1
57184,57185,Leymus triticoides,Creeping wild rye,species,https://inaturalist-open-data.s3.amazonaws.com/photos/12614241/medium.jpeg,Leymus triticoides,species,non-infrataxon,voucher,unknown,native,unconfirmed,0.282,triticoides,"","",accepted,1
57197,57200,Polypogon monspeliensis,rabbitfoot grass,species,https://inaturalist-open-data.s3.amazonaws.com/photos/4096256/medium.jpg,Polypogon monspeliensis,species,non-infrataxon,voucher,unknown,exotic,confirmed,0.02,monspeliensis,"","",accepted,1
57215,53196,Rumex conglomeratus,Clustered Dock,species,https://inaturalist-open-data.s3.amazonaws.com/photos/295358545/medium.jpg,Rumex conglomeratus,species,non-infrataxon,voucher,unknown,exotic,confirmed,0.045,conglomeratus,"","",accepted,1
57277,51611,Veronica americana,American brooklime,species,https://inaturalist-open-data.s3.amazonaws.com/photos/378688063/medium.jpg,Veronica beccabunga var. americana,variety,non-infrataxon,voucher,unknown,native,confirmed,0,americana,"","",unaccepted,1
57310,52472,Vicia tetrasperma,Lentil Vetch,species,https://inaturalist-open-data.s3.amazonaws.com/photos/468470609/medium.jpg,Vicia tetrasperma,species,non-infrataxon,voucher,unknown,exotic,confirmed,0.012,tetrasperma,"","",accepted,1
57524,57525,Crocidium multicaule,spring gold,species,https://static.inaturalist.org/photos/33411839/medium.jpg,Crocidium multicaule,species,non-infrataxon,voucher,secure,native,confirmed,0,multicaule,"","",accepted,1
57980,53082,Gnaphalium palustre,western marsh cudweed,species,https://inaturalist-open-data.s3.amazonaws.com/photos/80222834/medium.jpeg,Gnaphalium palustre,species,non-infrataxon,voucher,secure,native,confirmed,0.014,palustre,"","",accepted,1
58049,49140,Amsinckia menziesii menziesii,Small-flowered Fiddleneck,variety,https://inaturalist-open-data.s3.amazonaws.com/photos/23982770/medium.jpeg,Amsinckia menziesii var. menziesii,species,non-infrataxon,voucher,unknown,native,confirmed,0.013,menziesii,"",Amsinckia menziesii menziesii,accepted,1
58069,58070,Athysanus pusillus,common sandweed,species,https://static.inaturalist.org/photos/260799030/medium.jpg,Athysanus pusillus,species,non-infrataxon,voucher,secure,native,confirmed,0,pusillus,"","",accepted,1
58074,58073,Descurainia sophia,flixweed,species,https://inaturalist-open-data.s3.amazonaws.com/photos/268701064/medium.jpeg,Descurainia sophia,species,non-infrataxon,voucher,unknown,exotic,unconfirmed,0.414,sophia,"","",accepted,1
58088,55458,Thysanocarpus curvipes,sand fringepod,species,https://inaturalist-open-data.s3.amazonaws.com/photos/13050/medium.jpg,Thysanocarpus curvipes,species,non-infrataxon,voucher,concern,native,confirmed,0,curvipes,"","",accepted,1
58135,57017,Crassula aquatica,Aquatic pygmyweed,species,https://inaturalist-open-data.s3.amazonaws.com/photos/171419290/medium.jpeg,Crassula aquatica,species,non-infrataxon,voucher,secure,native,unconfirmed,0.239,aquatica,"","",accepted,1
58159,47121,Lupinus microcarpus microcarpus,Valley Lupine,variety,https://inaturalist-open-data.s3.amazonaws.com/photos/169755798/medium.jpg,Lupinus microcarpus var. microcarpus,variety,infrataxon,no_voucher,concern,native,confirmed,0.46,microcarpus,"",Lupinus microcarpus microcarpus,accepted,1
58229,50636,Plantago elongata,Coastal Plantain,species,https://inaturalist-open-data.s3.amazonaws.com/photos/364351783/medium.jpg,Plantago elongata,"",non-infrataxon,voucher,secure,native,confirmed,0,elongata,"","",accepted,1
58369,52701,Bromus tectorum,Cheatgrass,species,https://static.inaturalist.org/photos/658036558/medium.jpg,Bromus tectorum,species,non-infrataxon,voucher,unknown,exotic,confirmed,0,tectorum,"","",accepted,1
58372,58373,Distichlis spicata,Saltgrass,species,https://inaturalist-open-data.s3.amazonaws.com/photos/5348513/medium.jpeg,Distichlis spicata,"",non-infrataxon,voucher,secure,native,confirmed,0.007,spicata,"","",accepted,1
58767,52677,Pentagramma triangularis triangularis,"",subspecies,https://inaturalist-open-data.s3.amazonaws.com/photos/14244966/medium.jpg,Pentagramma triangularis ssp. triangularis,subspecies,non-infrataxon,voucher,secure,native,confirmed,0,triangularis,Pentagramma triangularis triangularis,"",accepted,1
58795,47361,Apocynum cannabinum,hemp dogbane,species,https://static.inaturalist.org/photos/106225/medium.jpg,Apocynum cannabinum,species,non-infrataxon,voucher,secure,native,unconfirmed,0.663,cannabinum,"","",accepted,1
58866,54677,Rorippa curvisiliqua,curvepod yellowcress,species,https://inaturalist-open-data.s3.amazonaws.com/photos/3909861/medium.jpg,Rorippa curvisiliqua,species,non-infrataxon,voucher,secure,native,confirmed,0.014,curvisiliqua,"","",accepted,1
58883,57017,Crassula tillaea,Mossy Stonecrop,species,https://static.inaturalist.org/photos/385724326/medium.jpeg,Crassula tillaea,species,non-infrataxon,voucher,unknown,exotic,confirmed,0,tillaea,"","",accepted,1
58886,55735,Sedum spathulifolium,Broad-leaved Stonecrop,species,https://static.inaturalist.org/photos/76266220/medium.jpg,Sedum spathulifolium,"",non-infrataxon,voucher,secure,native,confirmed,0,spathulifolium,"","",accepted,1
58961,50636,Plantago major,greater plantain,species,https://inaturalist-open-data.s3.amazonaws.com/photos/349979346/medium.jpeg,Plantago major,species,non-infrataxon,voucher,unknown,native,confirmed,0,major,"","",accepted,1
59005,53060,Galium murale,tiny bedstraw,species,https://static.inaturalist.org/photos/196259484/medium.jpg,Galium murale,species,non-infrataxon,voucher,unknown,exotic,new,0.113,murale,"","",accepted,1
59035,50641,Solanum americanum,American black nightshade,species,https://inaturalist-open-data.s3.amazonaws.com/photos/230493224/medium.jpeg,Solanum americanum,species,non-infrataxon,voucher,unknown,exotic,confirmed,0.121,americanum,"","",accepted,1
59064,57022,Eleocharis macrostachya,Pale Spikerush,species,https://inaturalist-open-data.s3.amazonaws.com/photos/287067675/medium.jpg,Eleocharis macrostachya,species,non-infrataxon,voucher,secure,native,unconfirmed,0.471,macrostachya,"","",accepted,1
59088,52693,Agrostis exarata,Pacific bentgrass,species,https://inaturalist-open-data.s3.amazonaws.com/photos/229326765/medium.jpeg,Agrostis exarata,species,non-infrataxon,voucher,secure,native,confirmed,0.348,exarata,"","",accepted,1
59091,57170,Festuca occidentalis,western fescue,species,https://inaturalist-open-data.s3.amazonaws.com/photos/418739555/medium.jpg,Festuca occidentalis,species,non-infrataxon,voucher,secure,native,confirmed,0,occidentalis,"","",accepted,1
59901,59902,Melissa officinalis,lemon balm,species,https://inaturalist-open-data.s3.amazonaws.com/photos/612537976/medium.jpg,Melissa officinalis,species,non-infrataxon,voucher,unknown,exotic,confirmed,0,officinalis,"","",accepted,1
60132,48561,Cirsium arvense,creeping thistle,species,https://inaturalist-open-data.s3.amazonaws.com/photos/333452083/medium.jpg,Cirsium arvense,"",non-infrataxon,voucher,unknown,exotic,confirmed,0,arvense,"","",accepted,1
60150,60151,Soliva sessilis,common soliva,species,https://inaturalist-open-data.s3.amazonaws.com/photos/40131372/medium.jpeg,Soliva sessilis,species,non-infrataxon,voucher,unknown,exotic,new,0.021,sessilis,"","",accepted,1
60155,47203,Lepidium oxycarpum,Sharp-pod Pepper-grass,species,https://inaturalist-open-data.s3.amazonaws.com/photos/37772348/medium.jpeg,Lepidium oxycarpum,species,non-infrataxon,voucher,unknown,native,unconfirmed,0.795,oxycarpum,"","",accepted,1
60206,60208,Lycopus americanus,American bugleweed,species,https://inaturalist-open-data.s3.amazonaws.com/photos/4076864/medium.jpg,Lycopus americanus,"",non-infrataxon,no_voucher,secure,native,unconfirmed,0.328,americanus,"","",accepted,1
60233,53196,Rumex salicifolius,willow dock,species,https://inaturalist-open-data.s3.amazonaws.com/photos/1937151/medium.jpg,Rumex salicifolius,"",non-infrataxon,voucher,secure,native,confirmed,0.007,salicifolius,"","",accepted,1
60277,52693,Agrostis microphylla,Small-leaf Bentgrass,species,https://static.inaturalist.org/photos/190769967/medium.jpeg,Agrostis microphylla,species,non-infrataxon,voucher,secure,native,confirmed,0.034,microphylla,"","",accepted,1
60283,58374,Echinochloa crus-galli,barnyardgrass,species,https://inaturalist-open-data.s3.amazonaws.com/photos/38931173/medium.jpeg,Echinochloa crus-galli,species,non-infrataxon,voucher,unknown,exotic,confirmed,0.006,crus-galli,"","",accepted,1
60284,52792,Elymus repens,Quack Grass,species,https://inaturalist-open-data.s3.amazonaws.com/photos/82139634/medium.jpeg,Elymus repens,species,non-infrataxon,voucher,unknown,exotic,confirmed,0.007,repens,"","",accepted,1
60287,52797,Hordeum jubatum,Foxtail Barley,species,https://inaturalist-open-data.s3.amazonaws.com/photos/99131141/medium.jpg,Hordeum jubatum,species,non-infrataxon,voucher,unknown,native,confirmed,0.013,jubatum,"","",accepted,1
60309,60311,Puccinellia nuttalliana,nuttall's alkali grass,species,https://inaturalist-open-data.s3.amazonaws.com/photos/130305706/medium.jpg,Puccinellia nuttalliana,species,non-infrataxon,voucher,secure,native,confirmed,0.049,nuttalliana,"","",accepted,1
60317,51611,Veronica peregrina,Purslane Speedwell,species,https://inaturalist-open-data.s3.amazonaws.com/photos/277734030/medium.jpeg,Veronica peregrina,species,non-infrataxon,voucher,unknown,native,confirmed,0.006,peregrina,"","",accepted,1
60550,49917,Sisyrinchium californicum,Golden-eyed Grass,species,https://inaturalist-open-data.s3.amazonaws.com/photos/56086784/medium.jpg,Sisyrinchium californicum,species,non-infrataxon,no_voucher,secure,native,new,0.012,californicum,"","",accepted,1
60977,54047,Microseris bigelovii,coastal silverpuffs,species,https://inaturalist-open-data.s3.amazonaws.com/photos/386998175/medium.jpeg,Microseris bigelovii,species,non-infrataxon,voucher,concern,native,confirmed,0.008,bigelovii,"","",accepted,1
60987,47203,Lepidium didymum,Lesser swine-cress,species,https://inaturalist-open-data.s3.amazonaws.com/photos/131244939/medium.jpeg,Lepidium didymum,species,non-infrataxon,voucher,unknown,exotic,confirmed,0.006,didymum,"","",accepted,1
61002,52670,Athyrium filix-femina cyclosorum,western lady fern,subspecies,https://static.inaturalist.org/photos/580749735/medium.jpg,Athyrium filix-femina ssp. cyclosorum,subspecies,non-infrataxon,voucher,secure,native,confirmed,0,filix-femina,Athyrium filix-femina cyclosorum,"",accepted,1
61010,47121,Lupinus arboreus,coastal bush lupine,species,https://inaturalist-open-data.s3.amazonaws.com/photos/120260472/medium.jpg,Lupinus arboreus,species,non-infrataxon,voucher,unknown,exotic,confirmed,0,arboreus,"","",accepted,1
61012,53152,Medicago arabica,Spotted medick,species,https://static.inaturalist.org/photos/273115089/medium.jpeg,Medicago arabica,species,non-infrataxon,voucher,unknown,exotic,confirmed,0,arabica,"","",accepted,1
61032,52761,Hypericum anagalloides,Bog St. John's-wort,species,https://inaturalist-open-data.s3.amazonaws.com/photos/396680345/medium.jpg,Hypericum anagalloides,species,non-infrataxon,voucher,secure,native,confirmed,0.006,anagalloides,"","",accepted,1
61058,52695,Aira praecox,early hair grass,species,https://inaturalist-open-data.s3.amazonaws.com/photos/511562220/medium.jpg,Aira praecox,species,non-infrataxon,voucher,unknown,exotic,confirmed,0,praecox,"","",accepted,1
61155,55735,Sedum divergens,Pacific stonecrop,species,https://inaturalist-open-data.s3.amazonaws.com/photos/87752311/medium.jpg,Sedum divergens,species,non-infrataxon,no_voucher,secure,native,new,0,divergens,"","",accepted,1
61202,52792,Elymus trachycaulus,slender wheat grass,species,https://inaturalist-open-data.s3.amazonaws.com/photos/141359832/medium.jpeg,Elymus trachycaulus,species,non-infrataxon,voucher,unknown,native,confirmed,0.025,trachycaulus,"","",accepted,1
61396,61397,Origanum vulgare,Oregano,species,https://inaturalist-open-data.s3.amazonaws.com/photos/145466748/medium.jpeg,Origanum vulgare,species,non-infrataxon,voucher,unknown,exotic,new,0,vulgare,"","",accepted,1
61432,47351,Prunus laurocerasus,Cherry laurel,species,https://inaturalist-open-data.s3.amazonaws.com/photos/146285013/medium.jpg,Prunus laurocerasus,species,non-infrataxon,no_voucher,unknown,exotic,new,0,laurocerasus,"","",accepted,1
61964,47351,Prunus avium,wild cherry,species,https://static.inaturalist.org/photos/66778868/medium.jpeg,Prunus avium,species,non-infrataxon,no_voucher,unknown,exotic,confirmed,0,avium,"","",accepted,1
61992,55365,Grindelia stricta,Oregon Gumplant,species,https://inaturalist-open-data.s3.amazonaws.com/photos/322552966/medium.jpeg,Grindelia stricta,"",non-infrataxon,voucher,secure,native,confirmed,0,stricta,"","",accepted,1
62211,53186,Potentilla recta,sulphur cinquefoil,species,https://inaturalist-open-data.s3.amazonaws.com/photos/3977242/medium.JPG,Potentilla recta,species,non-infrataxon,no_voucher,unknown,exotic,new,0.006,recta,"","",accepted,1
62213,62215,Comarum palustre,marsh cinquefoil,species,https://static.inaturalist.org/photos/292124450/medium.jpeg,Comarum palustre,species,non-infrataxon,voucher,secure,native,confirmed,0.007,palustre,"","",accepted,1
62498,62499,Jacobaea vulgaris,ragwort,species,https://inaturalist-open-data.s3.amazonaws.com/photos/48560335/medium.jpg,Jacobaea vulgaris,species,non-infrataxon,voucher,unknown,exotic,confirmed,0,vulgaris,"","",accepted,1
62652,54570,Mentha spicata,spearmint,species,https://inaturalist-open-data.s3.amazonaws.com/photos/1186004/medium.jpg,Mentha spicata,species,non-infrataxon,voucher,unknown,exotic,confirmed,0.006,spicata,"","",accepted,1
63337,57189,Phalaris arundinacea,reed canary grass,species,https://inaturalist-open-data.s3.amazonaws.com/photos/78038371/medium.jpg,Phalaris arundinacea,species,non-infrataxon,voucher,unknown,native,confirmed,0,arundinacea,"","",accepted,1
63371,53196,Rumex obtusifolius,broad-leaved dock,species,https://inaturalist-open-data.s3.amazonaws.com/photos/5084024/medium.jpg,Rumex obtusifolius,species,non-infrataxon,no_voucher,unknown,exotic,new,0,obtusifolius,"","",accepted,1
63886,61787,Persicaria lapathifolia,pale smartweed,species,https://inaturalist-open-data.s3.amazonaws.com/photos/157824424/medium.jpg,Persicaria lapathifolia,species,non-infrataxon,voucher,secure,native,confirmed,0.15,lapathifolia,"","",accepted,1
63905,47351,Prunus emarginata,Bitter cherry,species,https://inaturalist-open-data.s3.amazonaws.com/photos/67338881/medium.jpg,Prunus emarginata,species,non-infrataxon,voucher,secure,native,confirmed,0,emarginata,"","",accepted,1
63939,50249,Maianthemum dilatatum,Western Lily of the Valley,species,https://inaturalist-open-data.s3.amazonaws.com/photos/40236053/medium.jpg,Maianthemum dilatatum,species,non-infrataxon,voucher,secure,native,confirmed,0,dilatatum,"","",accepted,1
63972,49465,Trillium ovatum ovatum,Western Trillium,variety,https://inaturalist-open-data.s3.amazonaws.com/photos/957837/medium.jpg,Trillium ovatum var. ovatum,variety,non-infrataxon,unknown,secure,native,confirmed,0,ovatum,"",Trillium ovatum ovatum,accepted,1
64161,58390,Triticum aestivum,Bread Wheat,species,https://inaturalist-open-data.s3.amazonaws.com/photos/424620294/medium.jpg,Triticum aestivum,species,non-infrataxon,no_voucher,unknown,exotic,new,0.006,aestivum,"","",accepted,1
64242,47121,Lupinus latifolius latifolius,"",subspecies,https://inaturalist-open-data.s3.amazonaws.com/photos/67858331/medium.jpg,Lupinus latifolius var. latifolius,variety,non-infrataxon,unknown,secure,native,unconfirmed,0.84,latifolius,Lupinus latifolius latifolius,"",accepted,1
64253,50988,Lasthenia maritima,maritime goldfields,species,https://inaturalist-open-data.s3.amazonaws.com/photos/14111852/medium.jpg,Lasthenia maritima,species,non-infrataxon,no_voucher,concern,native,new,0.025,maritima,"","",accepted,1
64714,48353,Vaccinium uliginosum,bog bilberry,species,https://static.inaturalist.org/photos/174582867/medium.jpg,Vaccinium uliginosum,species,non-infrataxon,no_voucher,secure,native,unconfirmed,0.355,uliginosum,"","",accepted,1
68084,47561,Pinus monticola,western white pine,species,https://inaturalist-open-data.s3.amazonaws.com/photos/594299923/medium.jpg,Pinus monticola,species,non-infrataxon,no_voucher,secure,native,confirmed,0,monticola,"","",accepted,1
68470,53202,Sanicula crassicaulis crassicaulis,"",variety,https://inaturalist-open-data.s3.amazonaws.com/photos/6101355/medium.jpg,Sanicula crassicaulis var. crassicaulis,variety,infrataxon,voucher,secure,native,confirmed,0,crassicaulis,"",Sanicula crassicaulis crassicaulis,accepted,1
68471,53202,Sanicula crassicaulis tripartita,Three-parted Pacific Sanicle,variety,https://inaturalist-open-data.s3.amazonaws.com/photos/199850366/medium.jpeg,Sanicula crassicaulis var. tripartita,variety,infrataxon,voucher,secure,native,confirmed,0,crassicaulis,"",Sanicula crassicaulis tripartita,accepted,1
68543,50636,Plantago maritima,Sea Plantain,species,https://inaturalist-open-data.s3.amazonaws.com/photos/335651506/medium.jpg,Plantago maritima,species,non-infrataxon,voucher,secure,native,confirmed,0,maritima,"","",accepted,1
69636,49652,Cardamine flexuosa,wavy bittercress,species,https://inaturalist-open-data.s3.amazonaws.com/photos/97368295/medium.jpeg,Cardamine flexuosa,species,non-infrataxon,voucher,unknown,exotic,confirmed,0.006,flexuosa,"","",accepted,1
69931,52693,Agrostis stolonifera,Creeping Bent,species,https://inaturalist-open-data.s3.amazonaws.com/photos/527929316/medium.jpg,Agrostis stolonifera,species,non-infrataxon,voucher,unknown,exotic,confirmed,0.014,stolonifera,"","",accepted,1
70265,49131,Myosotis discolor,Changing Forget-me-not,species,https://inaturalist-open-data.s3.amazonaws.com/photos/199889508/medium.jpeg,Myosotis discolor,species,non-infrataxon,voucher,unknown,exotic,confirmed,0,discolor,"","",accepted,1
71113,50829,Viola glabella,stream violet,species,https://inaturalist-open-data.s3.amazonaws.com/photos/291898703/medium.jpg,Viola glabella,species,non-infrataxon,no_voucher,secure,native,confirmed,0,glabella,"","",accepted,1
71135,53036,Ambrosia chamissonis,silver beachweed,species,https://inaturalist-open-data.s3.amazonaws.com/photos/43337/medium.jpg,Ambrosia chamissonis,species,non-infrataxon,voucher,secure,native,confirmed,0,chamissonis,"","",accepted,1
71136,52977,Barbarea verna,land cress,species,https://inaturalist-open-data.s3.amazonaws.com/photos/31378/medium.jpg,Barbarea verna,species,non-infrataxon,voucher,unknown,exotic,confirmed,0.006,verna,"","",accepted,1
71140,58365,Alopecurus geniculatus,Marsh foxtail,species,https://inaturalist-open-data.s3.amazonaws.com/photos/286599127/medium.jpeg,Alopecurus geniculatus,species,non-infrataxon,voucher,unknown,exotic,confirmed,0.309,geniculatus,"","",accepted,1
71141,58365,Alopecurus pratensis,Meadow Foxtail,species,https://static.inaturalist.org/photos/389843432/medium.jpeg,Alopecurus pratensis,species,non-infrataxon,voucher,unknown,exotic,confirmed,0,pratensis,"","",accepted,1
75312,52693,Agrostis capillaris,colonial bent,species,https://inaturalist-open-data.s3.amazonaws.com/photos/306377108/medium.jpg,Agrostis capillaris,species,non-infrataxon,voucher,unknown,exotic,confirmed,0,capillaris,"","",accepted,1
75314,52693,Agrostis gigantea,redtop,species,https://inaturalist-open-data.s3.amazonaws.com/photos/172928054/medium.jpeg,Agrostis gigantea,species,non-infrataxon,voucher,unknown,exotic,confirmed,0.723,gigantea,"","",accepted,1
75318,52693,Agrostis oregonensis,Oregon Bentgrass,species,https://inaturalist-open-data.s3.amazonaws.com/photos/1450146/medium.jpg,Agrostis oregonensis,species,non-infrataxon,voucher,secure,native,unconfirmed,0.336,oregonensis,"","",accepted,1
75319,52693,Agrostis scabra,Rough Bentgrass,species,https://inaturalist-open-data.s3.amazonaws.com/photos/8817353/medium.jpeg,Agrostis scabra,species,non-infrataxon,voucher,secure,native,unconfirmed,0.358,scabra,"","",accepted,1
75382,58365,Alopecurus carolinianus,Tufted Foxtail,species,https://inaturalist-open-data.s3.amazonaws.com/photos/44574342/medium.jpeg,Alopecurus carolinianus,species,non-infrataxon,voucher,concern,native,confirmed,0.014,carolinianus,"","",accepted,1
75469,51901,Antennaria racemosa,Hooker's Pussytoes,species,https://inaturalist-open-data.s3.amazonaws.com/photos/76686720/medium.jpg,Antennaria racemosa,species,non-infrataxon,voucher,secure,native,unconfirmed,0.289,racemosa,"","",accepted,1
75472,71973,Anthoxanthum aristatum,small sweet vernal grass,species,https://static.inaturalist.org/photos/340633142/medium.jpeg,Anthoxanthum aristatum ssp. aristatum,subspecies,non-infrataxon,unknown,unknown,exotic,confirmed,0.006,aristatum,"","",unaccepted,1
75475,71973,Anthoxanthum odoratum,sweet vernal grass,species,https://inaturalist-open-data.s3.amazonaws.com/photos/73830271/medium.jpeg,Anthoxanthum odoratum,species,non-infrataxon,voucher,unknown,exotic,confirmed,0,odoratum,"","",accepted,1
75494,58068,Arabis eschscholtziana,Eschscholtz's hairy rockcress,species,https://inaturalist-open-data.s3.amazonaws.com/photos/133951301/medium.jpg,Arabis eschscholtziana,species,non-infrataxon,voucher,secure,native,unconfirmed,0.452,eschscholtziana,"","",accepted,1
75501,59571,Arctium lappa,greater burdock,species,https://inaturalist-open-data.s3.amazonaws.com/photos/85477865/medium.jpg,Arctium lappa,species,non-infrataxon,voucher,unknown,exotic,confirmed,0.012,lappa,"","",accepted,1
75583,71988,Arrhenatherum elatius,tall oat grass,species,https://inaturalist-open-data.s3.amazonaws.com/photos/79904252/medium.jpeg,Arrhenatherum elatius,species,non-infrataxon,voucher,unknown,exotic,confirmed,0.007,elatius,"","",accepted,1
75721,71995,Aubrieta deltoidea,purple rock cress,species,https://inaturalist-open-data.s3.amazonaws.com/photos/1150161/medium.jpg,Aubrieta deltoidea,species,non-infrataxon,voucher,unknown,exotic,new,0,deltoidea,"","",accepted,1
75900,52701,Bromus commutatus,Meadow Brome,species,https://inaturalist-open-data.s3.amazonaws.com/photos/289756244/medium.jpeg,Bromus commutatus,species,non-infrataxon,voucher,unknown,exotic,unconfirmed,0.313,commutatus,"","",accepted,1
75903,52701,Bromus inermis,Smooth Brome,species,https://inaturalist-open-data.s3.amazonaws.com/photos/449379438/medium.jpeg,Bromus inermis ssp. thominii,species,non-infrataxon,voucher,unknown,exotic,confirmed,0.019,inermis,"","",accepted,1
75915,52701,Bromus vulgaris,columbia brome,species,https://inaturalist-open-data.s3.amazonaws.com/photos/8631896/medium.jpg,Bromus vulgaris,species,non-infrataxon,voucher,secure,native,confirmed,0.015,vulgaris,"","",accepted,1
75925,52713,Calamagrostis canadensis,canadian bluejoint,species,https://static.inaturalist.org/photos/411545172/medium.jpeg,Calamagrostis canadensis,species,non-infrataxon,voucher,secure,native,confirmed,0.045,canadensis,"","",accepted,1
75998,49652,Cardamine angulata,seaside bittercress,species,https://inaturalist-open-data.s3.amazonaws.com/photos/126536881/medium.jpeg,Cardamine angulata,"",non-infrataxon,no_voucher,concern,native,unconfirmed,0.422,angulata,"","",accepted,1
76000,49652,Cardamine breweri,Brewer's bittercress,species,https://inaturalist-open-data.s3.amazonaws.com/photos/66593470/medium.jpeg,Cardamine breweri,species,non-infrataxon,no_voucher,secure,native,unconfirmed,0.484,breweri,"","",accepted,1
76002,49652,Cardamine nuttallii,Nuttall's toothwort,species,https://inaturalist-open-data.s3.amazonaws.com/photos/633474440/medium.jpg,Cardamine nuttallii,"",non-infrataxon,voucher,secure,native,confirmed,0,nuttallii,"","",accepted,1
76003,49652,Cardamine occidentalis,Western Bittercress,species,https://inaturalist-open-data.s3.amazonaws.com/photos/192453142/medium.jpg,Cardamine occidentalis,species,non-infrataxon,voucher,secure,native,unconfirmed,0.253,occidentalis,"","",accepted,1
76005,49652,Cardamine pensylvanica,Pennsylvania Bittercress,species,https://inaturalist-open-data.s3.amazonaws.com/photos/7916320/medium.jpg,Cardamine pensylvanica,species,non-infrataxon,voucher,secure,native,confirmed,0.021,pensylvanica,"","",accepted,1
76456,72073,Cota tinctoria,Golden marguerite,species,https://inaturalist-open-data.s3.amazonaws.com/photos/60614243/medium.jpg,Cota tinctoria,"",non-infrataxon,no_voucher,unknown,exotic,unconfirmed,0.278,tinctoria,"","",accepted,1
76581,47696,Cynosurus cristatus,crested dogtail grass,species,https://inaturalist-open-data.s3.amazonaws.com/photos/1003125/medium.jpg,Cynosurus cristatus,species,non-infrataxon,voucher,unknown,exotic,confirmed,0.007,cristatus,"","",accepted,1
76610,56727,Daucus carota,wild carrot,species,https://inaturalist-open-data.s3.amazonaws.com/photos/7663971/medium.jpeg,Daucus carota,species,non-infrataxon,voucher,unknown,exotic,confirmed,0,carota,"","",accepted,1
76639,52723,Deschampsia cespitosa,tufted hair grass,species,https://inaturalist-open-data.s3.amazonaws.com/photos/108225556/medium.jpeg,Deschampsia cespitosa,"",non-infrataxon,voucher,unknown,native,confirmed,0.013,cespitosa,"","",accepted,1
76665,72097,Diplotaxis tenuifolia,Perennial Wall-rocket,species,https://static.inaturalist.org/photos/325014845/medium.jpg,Diplotaxis tenuifolia,species,non-infrataxon,no_voucher,unknown,exotic,confirmed,0.012,tenuifolia,"","",accepted,1
76782,57022,Eleocharis palustris,common spikerush,species,https://inaturalist-open-data.s3.amazonaws.com/photos/137519294/medium.jpeg,Eleocharis palustris,species,non-infrataxon,voucher,secure,native,confirmed,0.014,palustris,"","",accepted,1
77068,50630,Erysimum cheiranthoides,wormseed wallflower,species,https://static.inaturalist.org/photos/41181904/medium.jpg,Erysimum cheiranthoides,species,non-infrataxon,voucher,unknown,exotic,confirmed,0.059,cheiranthoides,"","",accepted,1
77138,57170,Festuca microstachys,small fescue,species,https://inaturalist-open-data.s3.amazonaws.com/photos/74242227/medium.jpeg,Vulpia microstachys,variety,infrataxon,voucher,secure,native,confirmed,0.127,microstachys,"","",unaccepted,1
77145,57170,Festuca subulata,bearded fescue,species,https://inaturalist-open-data.s3.amazonaws.com/photos/389302643/medium.jpg,Festuca subulata,species,non-infrataxon,voucher,secure,native,unconfirmed,0.336,subulata,"","",accepted,1
77146,57170,Festuca subuliflora,crinkle-awn fescue,species,https://static.inaturalist.org/photos/204763156/medium.jpeg,Festuca subuliflora,species,non-infrataxon,voucher,secure,native,confirmed,0.013,subuliflora,"","",accepted,1
77148,57170,Festuca trachyphylla,hard fescue,species,https://inaturalist-open-data.s3.amazonaws.com/photos/509608202/medium.jpg,Festuca trachyphylla,species,non-infrataxon,voucher,unknown,exotic,confirmed,0.106,trachyphylla,"","",accepted,1
77155,50299,Fragaria virginiana,Virginia strawberry,species,https://inaturalist-open-data.s3.amazonaws.com/photos/600014255/medium.jpg,Fragaria virginiana,species,non-infrataxon,voucher,unknown,native,confirmed,0.008,virginiana,"","",accepted,1
77188,53060,Galium boreale,Northern Bedstraw,species,https://inaturalist-open-data.s3.amazonaws.com/photos/62348964/medium.jpeg,Galium boreale,species,non-infrataxon,voucher,secure,native,confirmed,0.02,boreale,"","",accepted,1
77216,53060,Galium trifidum,three-petal bedstraw,species,https://inaturalist-open-data.s3.amazonaws.com/photos/8230353/medium.jpeg,Galium trifidum,species,non-infrataxon,voucher,unknown,native,confirmed,0.013,trifidum,"","",accepted,1
77484,52761,Hypericum scouleri,Scouler's St. John's wort,species,https://inaturalist-open-data.s3.amazonaws.com/photos/106957767/medium.jpg,Hypericum scouleri,species,non-infrataxon,voucher,secure,native,confirmed,0.019,scouleri,"","",accepted,1
77486,72191,Idahoa scapigera,Scapose Scalepod,species,https://inaturalist-open-data.s3.amazonaws.com/photos/486217436/medium.jpeg,Idahoa scapigera,species,non-infrataxon,voucher,secure,native,confirmed,0.014,scapigera,"","",accepted,1
77577,52643,Juncus laccatus,shiny rush,species,https://inaturalist-open-data.s3.amazonaws.com/photos/39169377/medium.jpeg,Juncus laccatus,species,non-infrataxon,voucher,unknown,native,unconfirmed,0.436,laccatus,"","",accepted,1
77663,47203,Lepidium campestre,field peppergrass,species,https://inaturalist-open-data.s3.amazonaws.com/photos/39438427/medium.jpeg,Lepidium campestre,species,non-infrataxon,voucher,unknown,exotic,confirmed,0,campestre,"","",accepted,1
77666,47203,Lepidium densiflorum,Common Peppergrass,species,https://inaturalist-open-data.s3.amazonaws.com/photos/18320335/medium.jpg,Lepidium densiflorum,species,non-infrataxon,voucher,secure,native,confirmed,0.052,densiflorum,"","",accepted,1
77669,47203,Lepidium heterophyllum,Smith's Cress,species,https://static.inaturalist.org/photos/22188245/medium.jpeg,Lepidium heterophyllum,"",non-infrataxon,voucher,unknown,exotic,confirmed,0,heterophyllum,"","",accepted,1
77676,47203,Lepidium virginicum,Virginia pepperweed,species,https://inaturalist-open-data.s3.amazonaws.com/photos/261618000/medium.jpeg,Lepidium virginicum ssp. pubescens,species,infrataxon,voucher,unknown,native,confirmed,0.007,virginicum,"","",accepted,1
77744,48928,Lilium columbianum,Columbia lily,species,https://inaturalist-open-data.s3.amazonaws.com/photos/581412294/medium.jpg,Lilium columbianum,species,non-infrataxon,voucher,secure,native,confirmed,0,columbianum,"","",accepted,1
77843,72221,Luina hypoleuca,Littleleaf Silverback,species,https://inaturalist-open-data.s3.amazonaws.com/photos/247299883/medium.jpeg,Luina hypoleuca,species,non-infrataxon,voucher,secure,native,confirmed,0,hypoleuca,"","",accepted,1
77915,60208,Lycopus uniflorus,northern bugleweed,species,https://inaturalist-open-data.s3.amazonaws.com/photos/1059869/medium.JPG,Lycopus uniflorus,species,non-infrataxon,voucher,secure,native,confirmed,0.025,uniflorus,"","",accepted,1
77990,54570,Mentha aquatica,watermint,species,https://inaturalist-open-data.s3.amazonaws.com/photos/58267279/medium.jpg,Mentha aquatica,species,non-infrataxon,voucher,unknown,exotic,new,0.032,aquatica,"","",accepted,1
77991,54570,Mentha canadensis,Canada mint,species,https://static.inaturalist.org/photos/226556094/medium.jpg,Mentha canadensis,species,non-infrataxon,voucher,secure,native,confirmed,0.006,canadensis,"","",accepted,1
77993,54570,Mentha suaveolens,Apple Mint,species,https://static.inaturalist.org/photos/22266687/medium.jpeg,Mentha suaveolens,species,non-infrataxon,voucher,unknown,exotic,new,0.062,suaveolens,"","",accepted,1
78174,54332,Nasturtium officinale,watercress,species,https://inaturalist-open-data.s3.amazonaws.com/photos/203236672/medium.jpeg,Nasturtium officinale,species,non-infrataxon,voucher,unknown,exotic,confirmed,0.007,officinale,"","",accepted,1
78296,53167,Osmorhiza purpurea,Purple Sweet-cicely,species,https://inaturalist-open-data.s3.amazonaws.com/photos/178241762/medium.jpg,Osmorhiza purpurea,species,non-infrataxon,voucher,secure,native,unconfirmed,0.41,purpurea,"","",accepted,1
78325,54923,Packera macounii,siskiyou mountains ragwort,species,https://inaturalist-open-data.s3.amazonaws.com/photos/42800652/medium.jpeg,Packera macounii,species,non-infrataxon,voucher,concern,native,confirmed,0.025,macounii,"","",accepted,1
78340,60301,Panicum miliaceum,Proso Millet,species,https://inaturalist-open-data.s3.amazonaws.com/photos/436906957/medium.jpeg,Panicum miliaceum,species,non-infrataxon,no_voucher,unknown,exotic,confirmed,0.013,miliaceum,"","",accepted,1
78346,52504,Papaver somniferum,opium poppy,species,https://inaturalist-open-data.s3.amazonaws.com/photos/515111960/medium.jpg,Papaver somniferum,species,non-infrataxon,voucher,unknown,exotic,unknown,0.007,somniferum,"","",accepted,1
78450,61787,Persicaria amphibia,water smartweed,species,https://inaturalist-open-data.s3.amazonaws.com/photos/85560444/medium.jpg,Persicaria amphibia,"",non-infrataxon,voucher,secure,native,confirmed,0.008,amphibia,"","",accepted,1
78453,61787,Persicaria hydropiperoides,swamp smartweed,species,https://static.inaturalist.org/photos/553514583/medium.jpg,Persicaria hydropiperoides,species,non-infrataxon,voucher,secure,native,confirmed,0.006,hydropiperoides,"","",accepted,1
78637,52809,Poa confinis,beach bluegrass,species,https://inaturalist-open-data.s3.amazonaws.com/photos/396808123/medium.jpg,Poa confinis,species,non-infrataxon,voucher,secure,native,confirmed,0.006,confinis,"","",accepted,1
78647,52809,Poa macrantha,Largeflower Dune Bluegrass,species,https://static.inaturalist.org/photos/322962571/medium.jpeg,Poa macrantha,species,non-infrataxon,voucher,secure,native,unconfirmed,0.6,macrantha,"","",accepted,1
78728,53186,Potentilla gracilis,slender cinquefoil,species,https://inaturalist-open-data.s3.amazonaws.com/photos/8401365/medium.jpeg,Potentilla gracilis,species,non-infrataxon,no_voucher,unknown,native,confirmed,0,gracilis,"","",accepted,1
78740,53186,Potentilla rivalis,brook cinquefoil,species,https://inaturalist-open-data.s3.amazonaws.com/photos/161124820/medium.jpg,Potentilla rivalis,"",non-infrataxon,no_voucher,secure,native,unconfirmed,0.278,rivalis,"","",accepted,1
78765,53078,Pseudognaphalium thermale,Northwestern rabbit-tobacco,species,https://inaturalist-open-data.s3.amazonaws.com/photos/151091770/medium.jpg,Pseudognaphalium thermale,species,non-infrataxon,no_voucher,secure,native,confirmed,0,thermale,"","",accepted,1
78770,53189,Psilocarphus elatior,tall woolly-marbles,species,https://inaturalist-open-data.s3.amazonaws.com/photos/12353966/medium.jpeg,Psilocarphus elatior,species,non-infrataxon,voucher,concern,native,confirmed,0.007,elatior,"","",accepted,1
78931,52617,Salicornia pacifica,Pacific Glasswort,species,https://inaturalist-open-data.s3.amazonaws.com/photos/226636196/medium.jpg,Salicornia pacifica,species,non-infrataxon,voucher,secure,native,confirmed,0,pacifica,"","",accepted,1
78985,55434,Saxifraga cespitosa,tufted saxifrage,species,https://inaturalist-open-data.s3.amazonaws.com/photos/227955/medium.jpg,Saxifraga cespitosa,species,non-infrataxon,voucher,secure,native,confirmed,0,cespitosa,"","",accepted,1
79002,49371,Scirpus cyperinus,woolgrass,species,https://inaturalist-open-data.s3.amazonaws.com/photos/9233128/medium.jpeg,Scirpus cyperinus,species,non-infrataxon,no_voucher,unknown,native,unconfirmed,0.319,cyperinus,"","",accepted,1
79021,72355,Secale cereale,rye,species,https://inaturalist-open-data.s3.amazonaws.com/photos/8346266/medium.jpeg,Secale cereale,species,non-infrataxon,voucher,unknown,exotic,new,0.108,cereale,"","",accepted,1
79026,55735,Sedum lanceolatum,Lanceleaf Stonecrop,species,https://inaturalist-open-data.s3.amazonaws.com/photos/137304131/medium.jpeg,Sedum lanceolatum,"",non-infrataxon,voucher,concern,native,confirmed,0,lanceolatum,"","",accepted,1
79030,55735,Sedum oreganum,Oregon Stonecrop,species,https://inaturalist-open-data.s3.amazonaws.com/photos/47196326/medium.jpg,Sedum oreganum,"",non-infrataxon,voucher,secure,native,confirmed,0.006,oreganum,"","",accepted,1
79129,49917,Sisyrinchium idahoense,Idaho Blue-eyed Grass,species,https://inaturalist-open-data.s3.amazonaws.com/photos/130639358/medium.jpg,Sisyrinchium idahoense,species,non-infrataxon,voucher,unknown,native,confirmed,0.013,idahoense,"","",accepted,1
79141,50641,Solanum nigrum,black nightshade,species,https://inaturalist-open-data.s3.amazonaws.com/photos/83780005/medium.jpeg,Solanum nigrum,species,non-infrataxon,voucher,unknown,exotic,confirmed,0.007,nigrum,"","",accepted,1
79156,53270,Sonchus arvensis,Perennial Sow Thistle,species,https://inaturalist-open-data.s3.amazonaws.com/photos/144595749/medium.jpeg,Sonchus arvensis,species,non-infrataxon,no_voucher,unknown,exotic,new,0.032,arvensis,"","",accepted,1
79325,72390,Teesdalia nudicaulis,Shepherd's Cress,species,https://static.inaturalist.org/photos/22207120/medium.jpeg,Teesdalia nudicaulis,species,non-infrataxon,voucher,unknown,exotic,confirmed,0,nudicaulis,"","",accepted,1
79358,72396,Thlaspi arvense,field penny-cress,species,https://inaturalist-open-data.s3.amazonaws.com/photos/169773188/medium.jpg,Thlaspi arvense,species,non-infrataxon,voucher,unknown,exotic,confirmed,0.006,arvense,"","",accepted,1
79441,52843,Tripleurospermum inodorum,scentless mayweed,species,https://inaturalist-open-data.s3.amazonaws.com/photos/571211/medium.jpg,Tripleurospermum inodorum,species,non-infrataxon,voucher,unknown,exotic,confirmed,0,inodorum,"","",accepted,1
79460,72416,Turritis glabra,Tower Mustard,species,https://inaturalist-open-data.s3.amazonaws.com/photos/138967320/medium.jpeg,Turritis glabra,species,non-infrataxon,voucher,secure,exotic,confirmed,0.014,glabra,"","",accepted,1
79465,57861,Utricularia macrorhiza,common bladderwort,species,https://inaturalist-open-data.s3.amazonaws.com/photos/140301847/medium.jpeg,Utricularia vulgaris ssp. macrorhiza,species,non-infrataxon,voucher,secure,native,confirmed,0.006,macrorhiza,"","",unaccepted,1
79470,48353,Vaccinium cespitosum,dwarf bilberry,species,https://inaturalist-open-data.s3.amazonaws.com/photos/233315686/medium.jpeg,Vaccinium caespitosum,species,non-infrataxon,no_voucher,unknown,native,confirmed,0.006,cespitosum,"","",unaccepted,1
79510,50829,Viola howellii,Howell's violet,species,https://static.inaturalist.org/photos/123513911/medium.jpeg,Viola howellii,species,non-infrataxon,voucher,concern,native,unconfirmed,0.755,howellii,"","",accepted,1
79514,50829,Viola palustris,alpine marsh violet,species,https://inaturalist-open-data.s3.amazonaws.com/photos/19208813/medium.jpeg,Viola palustris,species,non-infrataxon,no_voucher,secure,native,confirmed,0.018,palustris,"","",accepted,1
79516,50829,Viola praemorsa,Canary Violet,species,https://inaturalist-open-data.s3.amazonaws.com/photos/354324988/medium.jpeg,Viola nuttallii var. praemorsa,species,non-infrataxon,voucher,unknown,native,confirmed,0,praemorsa,"","",accepted,1
79646,58346,Bolboschoenus maritimus paludosus,saltmarsh bulrush,subspecies,https://inaturalist-open-data.s3.amazonaws.com/photos/132800264/medium.jpeg,Bolboschoenus maritimus ssp. paludosus,subspecies,non-infrataxon,voucher,secure,native,confirmed,0.006,maritimus,Bolboschoenus maritimus paludosus,"",accepted,1
79928,72146,Glehnia littoralis leiocarpa,american glehnia,subspecies,https://inaturalist-open-data.s3.amazonaws.com/photos/134724637/medium.jpeg,Glehnia littoralis ssp. leiocarpa,subspecies,non-infrataxon,unknown,unknown,native,confirmed,0.008,littoralis,Glehnia littoralis leiocarpa,"",accepted,1
79959,52643,Juncus balticus ater,"",subspecies,https://inaturalist-open-data.s3.amazonaws.com/photos/21781558/medium.jpeg,Juncus balticus ssp. ater,subspecies,non-infrataxon,voucher,secure,native,confirmed,0.007,balticus,Juncus balticus ater,"",accepted,1
80006,55796,Luzula parviflora fastigiata,"",subspecies,https://inaturalist-open-data.s3.amazonaws.com/photos/12436520/medium.jpeg,Luzula parviflora ssp. fastigiata,species,non-infrataxon,no_voucher,secure,native,confirmed,0.012,parviflora,Luzula parviflora fastigiata,"",accepted,1
80164,47752,Polystichum imbricans imbricans,"",subspecies,https://inaturalist-open-data.s3.amazonaws.com/photos/882385/medium.jpg,Polystichum imbricans ssp. imbricans,subspecies,non-infrataxon,unknown,secure,native,confirmed,0,imbricans,Polystichum imbricans imbricans,"",accepted,1
80373,71982,Arenaria serpyllifolia serpyllifolia,thymeleaf sandwort,variety,https://static.inaturalist.org/photos/1906851/medium.JPG,Arenaria serpyllifolia var. serpyllifolia,variety,non-infrataxon,unknown,unknown,exotic,unconfirmed,0.894,serpyllifolia,"",Arenaria serpyllifolia serpyllifolia,accepted,1
80381,71989,Aruncus dioicus acuminatus,Western Goat's-Beard,variety,https://inaturalist-open-data.s3.amazonaws.com/photos/81663165/medium.jpg,Aruncus dioicus var. acuminatus,variety,non-infrataxon,no_voucher,secure,native,new,0.019,dioicus,"",Aruncus dioicus acuminatus,accepted,1
80687,72105,Dulichium arundinaceum arundinaceum,Three-way Sedge,variety,https://static.inaturalist.org/photos/157259/medium.jpg,Dulichium arundinaceum var. arundinaceum,species,non-infrataxon,voucher,secure,native,confirmed,0.013,arundinaceum,"",Dulichium arundinaceum arundinaceum,accepted,1
80908,55751,Geum macrophyllum macrophyllum,Largeleaf Avens,variety,https://inaturalist-open-data.s3.amazonaws.com/photos/27916561/medium.jpeg,Geum macrophyllum var. macrophyllum,variety,non-infrataxon,unknown,secure,native,confirmed,0,macrophyllum,"",Geum macrophyllum macrophyllum,accepted,1
80941,53415,Holodiscus discolor discolor,ocean spray,variety,https://inaturalist-open-data.s3.amazonaws.com/photos/249855819/medium.jpeg,Holodiscus discolor var. discolor,variety,non-infrataxon,unknown,secure,native,confirmed,0,discolor,"",Holodiscus discolor discolor,accepted,1
81015,50321,Lathyrus nevadensis nevadensis,"",variety,https://inaturalist-open-data.s3.amazonaws.com/photos/1502701/medium.jpg,Lathyrus nevadensis var. nevadensis,variety,non-infrataxon,voucher,secure,native,confirmed,0,nevadensis,"",Lathyrus nevadensis nevadensis,accepted,1
81075,47121,Lupinus polyphyllus pallidipes,"",variety,https://inaturalist-open-data.s3.amazonaws.com/photos/201747604/medium.jpg,Lupinus polyphyllus var. pallidipes,variety,infrataxon,voucher,unknown,native,confirmed,0.028,polyphyllus,"",Lupinus polyphyllus pallidipes,accepted,1
81080,55796,Luzula comosa laxa,"",variety,https://static.inaturalist.org/photos/8088549/medium.jpg,Luzula comosa var. laxa,variety,infrataxon,voucher,secure,native,confirmed,0.032,comosa,"",Luzula comosa laxa,accepted,1
81155,72262,Olsynium douglasii douglasii,Douglas' grasswidow,variety,https://inaturalist-open-data.s3.amazonaws.com/photos/772796/medium.jpg,Olsynium douglasii var. douglasii,variety,non-infrataxon,voucher,secure,native,confirmed,0,douglasii,"",Olsynium douglasii douglasii,accepted,1
81358,53453,Salix lasiandra lasiandra,Pacific Willow,variety,https://inaturalist-open-data.s3.amazonaws.com/photos/291958/medium.JPG,Salix lasiandra var. lasiandra,variety,non-infrataxon,voucher,secure,native,confirmed,0,lasiandra,"",Salix lasiandra lasiandra,accepted,1
84328,53060,Galium verum,Lady's Bedstraw,species,https://inaturalist-open-data.s3.amazonaws.com/photos/617752010/medium.jpg,Galium verum,species,non-infrataxon,voucher,unknown,exotic,confirmed,0.158,verum,"","",accepted,1
122970,56955,Helianthus tuberosus,Jerusalem artichoke,species,https://inaturalist-open-data.s3.amazonaws.com/photos/47843108/medium.jpg,Helianthus tuberosus,species,non-infrataxon,voucher,unknown,exotic,confirmed,0.121,tuberosus,"","",accepted,1
126560,48353,Vaccinium oxycoccos,bog cranberry,species,https://inaturalist-open-data.s3.amazonaws.com/photos/394151752/medium.jpeg,Vaccinium oxycoccos,species,non-infrataxon,voucher,secure,native,confirmed,0.006,oxycoccos,"","",accepted,1
126808,47351,Prunus mahaleb,St Lucie Cherry,species,https://inaturalist-open-data.s3.amazonaws.com/photos/595804246/medium.jpg,Prunus mahaleb,species,non-infrataxon,no_voucher,unknown,exotic,new,0.075,mahaleb,"","",accepted,1
127005,51901,Antennaria neglecta,Field Pussytoes,species,https://inaturalist-open-data.s3.amazonaws.com/photos/282643574/medium.jpg,Antennaria neglecta,"",non-infrataxon,no_voucher,secure,native,unconfirmed,0.235,neglecta,"","",accepted,1
127480,51229,Stachys byzantina,woolly hedgenettle,species,https://static.inaturalist.org/photos/393024630/medium.jpg,Stachys byzantina,species,non-infrataxon,no_voucher,unknown,exotic,new,0.013,byzantina,"","",accepted,1
130228,53095,Heracleum mantegazzianum,Giant Hogweed,species,https://inaturalist-open-data.s3.amazonaws.com/photos/139805841/medium.jpg,Heracleum mantegazzianum,species,non-infrataxon,voucher,unknown,exotic,confirmed,0.006,mantegazzianum,"","",accepted,1
133036,60208,Lycopus europaeus,European water-horehound,species,https://inaturalist-open-data.s3.amazonaws.com/photos/402544083/medium.jpeg,Lycopus europaeus,species,non-infrataxon,no_voucher,unknown,exotic,new,0.006,europaeus,"","",accepted,1
136366,53082,Gnaphalium uliginosum,marsh cudweed,species,https://inaturalist-open-data.s3.amazonaws.com/photos/576278475/medium.jpg,Gnaphalium uliginosum,species,non-infrataxon,voucher,unknown,exotic,confirmed,0.007,uliginosum,"","",accepted,1
140213,52713,Calamagrostis inexpansa,Northern Reedgrass,species,https://inaturalist-open-data.s3.amazonaws.com/photos/264918060/medium.jpeg,Calamagrostis stricta ssp. inexpansa,subspecies,non-infrataxon,unknown,secure,native,confirmed,0.071,inexpansa,"","",unaccepted,1
153478,48493,Delphinium menziesii menziesii,Puget Sound Larkspur,subspecies,"",Delphinium menziesii var. menziesii,variety,non-infrataxon,voucher,secure,native,confirmed,0,menziesii,Delphinium menziesii menziesii,"",accepted,1
159806,156963,Canadanthus modestus,Great Northern Aster,species,https://inaturalist-open-data.s3.amazonaws.com/photos/310585724/medium.jpg,Canadanthus modestus,species,non-infrataxon,no_voucher,secure,native,new,0.006,modestus,"","",accepted,1
159833,49652,Cardamine corymbosa,New Zealand bittercress,species,https://inaturalist-open-data.s3.amazonaws.com/photos/69165224/medium.jpeg,Cardamine corymbosa,species,non-infrataxon,voucher,unknown,exotic,new,0.085,corymbosa,"","",accepted,1
160697,49877,Clematis vitalba,Old man's beard,species,https://inaturalist-open-data.s3.amazonaws.com/photos/218591388/medium.jpeg,Clematis vitalba,species,non-infrataxon,no_voucher,unknown,exotic,confirmed,0,vitalba,"","",accepted,1
162281,52792,Elymus hirsutus,Boreal Wild Rye,species,https://inaturalist-open-data.s3.amazonaws.com/photos/464248404/medium.jpeg,Elymus hirsutus,species,non-infrataxon,voucher,secure,native,unconfirmed,0.467,hirsutus,"","",accepted,1
166466,156638,Pentaglottis sempervirens,Green Alkanet,species,https://inaturalist-open-data.s3.amazonaws.com/photos/124523689/medium.jpeg,Pentaglottis sempervirens,species,non-infrataxon,no_voucher,unknown,exotic,new,0,sempervirens,"","",accepted,1
168250,53196,Rumex sanguineus,Wood Dock,species,https://inaturalist-open-data.s3.amazonaws.com/photos/46419676/medium.jpg,Rumex sanguineus,species,non-infrataxon,voucher,unknown,exotic,confirmed,0.006,sanguineus,"","",accepted,1
168409,55737,Sanguisorba annua,Prairie Burnet,species,https://static.inaturalist.org/photos/1417215/medium.jpg,Poteridium annuum,"",non-infrataxon,unknown,secure,native,unconfirmed,0.373,annua,"","",unaccepted,1
168479,55434,Saxifraga tridactylites,Rue-leaved Saxifrage,species,https://inaturalist-open-data.s3.amazonaws.com/photos/481262863/medium.jpeg,Saxifraga tridactylites,species,non-infrataxon,voucher,unknown,exotic,confirmed,0,tridactylites,"","",accepted,1
168858,72357,Sericocarpus rigidus,Columbian Whitetop Aster,species,https://inaturalist-open-data.s3.amazonaws.com/photos/87372574/medium.jpeg,Sericocarpus rigidus,species,non-infrataxon,voucher,concern,native,confirmed,0,rigidus,"","",accepted,1
169021,49917,Sisyrinchium littorale,Alaska Blue-eyed-grass,species,https://inaturalist-open-data.s3.amazonaws.com/photos/84649041/medium.jpg,Sisyrinchium littorale,species,non-infrataxon,voucher,secure,native,unconfirmed,0.386,littorale,"","",accepted,1
170839,57185,Leymus × vancouverensis,Vancouver wildrye,hybrid,https://inaturalist-open-data.s3.amazonaws.com/photos/435339817/medium.jpeg,Leymus vancouverensis,hybrid,non-infrataxon,no_voucher,unknown,native,confirmed,0.018,"","","",unaccepted,1
170971,47351,Prunus × pugetensis,Puget Sound cherry,hybrid,https://inaturalist-open-data.s3.amazonaws.com/photos/127715926/medium.jpg,Prunus pugetensis,"",non-infrataxon,no_voucher,unknown,unknown,new,0.13,"","","",invalid,1
181756,57170,Festuca ammobia,Sand Fescue,species,https://inaturalist-open-data.s3.amazonaws.com/photos/463473019/medium.jpg,Festuca ammobia,species,non-infrataxon,voucher,unknown,native,confirmed,0.019,ammobia,"","",accepted,1
204167,181942,Scorzoneroides autumnalis,Autumn Hawkbit,species,https://inaturalist-open-data.s3.amazonaws.com/photos/54354989/medium.jpg,Leontodon autumnalis,species,non-infrataxon,no_voucher,unknown,exotic,confirmed,0.024,autumnalis,"","",unaccepted,1
204259,52701,Bromus rigidus,Ripgut Brome,species,https://inaturalist-open-data.s3.amazonaws.com/photos/4194440/medium.jpg,Bromus diandrus ssp. rigidus,subspecies,non-infrataxon,voucher,unknown,exotic,confirmed,0,rigidus,"","",unaccepted,1
204321,204212,Ficaria verna,lesser celandine,species,https://inaturalist-open-data.s3.amazonaws.com/photos/7034063/medium.jpg,Ficaria verna,species,non-infrataxon,voucher,unknown,exotic,new,0,verna,"","",accepted,1
204339,55460,Lamium galeobdolon,yellow archangel,species,https://inaturalist-open-data.s3.amazonaws.com/photos/383000890/medium.jpg,Lamium galeobdolon,"",non-infrataxon,no_voucher,unknown,exotic,new,0,galeobdolon,"","",accepted,1
204364,62256,Neottia cordata,Heartleaf Twayblade,species,https://inaturalist-open-data.s3.amazonaws.com/photos/132428066/medium.jpeg,Neottia cordata,species,non-infrataxon,voucher,secure,native,confirmed,0,cordata,"","",accepted,1
205873,64276,Phragmites australis americanus,American common reed,subspecies,https://inaturalist-open-data.s3.amazonaws.com/photos/28211687/medium.jpeg,Phragmites australis ssp. americanus,subspecies,infrataxon,voucher,secure,native,confirmed,0.037,australis,Phragmites australis americanus,"",accepted,1
234332,50259,Arceuthobium tsugense contortae,Shore Pine Dwarf-mistletoe,subspecies,https://inaturalist-open-data.s3.amazonaws.com/photos/119063127/medium.jpeg,Arceuthobium tsugense ssp. contortae,subspecies,non-infrataxon,no_voucher,secure,native,new,0.006,tsugense,Arceuthobium tsugense contortae,"",accepted,1
235283,47789,Clarkia amoena caurina,Northwestern Farewell-to-Spring,subspecies,https://inaturalist-open-data.s3.amazonaws.com/photos/8884456/medium.jpg,Clarkia amoena ssp. caurina,subspecies,infrataxon,no_voucher,concern,native,new,0.025,amoena,Clarkia amoena caurina,"",accepted,1
235285,47789,Clarkia amoena lindleyi,Lindley's Clarkia,subspecies,https://inaturalist-open-data.s3.amazonaws.com/photos/4092586/medium.jpg,Clarkia amoena ssp. lindleyi,subspecies,infrataxon,no_voucher,concern,native,new,0.025,amoena,Clarkia amoena lindleyi,"",accepted,1
237952,49139,Plagiobothrys figuratus figuratus,Rough Popcorn-flower,subspecies,https://inaturalist-open-data.s3.amazonaws.com/photos/3345812/medium.JPG,Plagiobothrys figuratus var. figuratus,species,non-infrataxon,no_voucher,concern,native,new,0.012,figuratus,Plagiobothrys figuratus figuratus,"",accepted,1
241575,55796,Luzula campestris campestris,"",subspecies,https://inaturalist-open-data.s3.amazonaws.com/photos/118508839/medium.jpg,Luzula campestris ssp. campestris,species,non-infrataxon,voucher,unknown,exotic,confirmed,0.294,campestris,Luzula campestris campestris,"",accepted,1
284707,72123,Eruca sativa,Rocket Salad,species,https://inaturalist-open-data.s3.amazonaws.com/photos/71386719/medium.jpeg,Eruca vesicaria ssp. sativa,species,non-infrataxon,no_voucher,unknown,exotic,new,0.025,sativa,"","",unaccepted,1
357682,62499,Jacobaea maritima,Dusty miller,species,https://inaturalist-open-data.s3.amazonaws.com/photos/153641253/medium.jpg,Jacobaea maritima,species,non-infrataxon,voucher,unknown,exotic,new,0,maritima,"","",accepted,1
401314,48493,Delphinium ajacis,doubtful knight's-spur,species,https://inaturalist-open-data.s3.amazonaws.com/photos/41131894/medium.jpg,Delphinium ajacis,"",non-infrataxon,unknown,unknown,exotic,confirmed,0.013,ajacis,"","",accepted,1
472796,481693,Myriopteris gracillima,lace lip fern,species,https://inaturalist-open-data.s3.amazonaws.com/photos/423046/medium.jpg,Myriopteris gracillima,species,non-infrataxon,voucher,secure,native,confirmed,0,gracillima,"","",accepted,1
524900,156879,Argentina pacifica,Pacific silverweed,species,https://static.inaturalist.org/photos/147381949/medium.jpg,Potentilla anserina ssp. pacifica,species,infrataxon,no_voucher,secure,native,confirmed,0,pacifica,"","",unaccepted,1
545305,49652,Cardamine occulta,Nursery bittercress,species,https://inaturalist-open-data.s3.amazonaws.com/photos/226429622/medium.jpeg,Cardamine occulta,species,non-infrataxon,voucher,unknown,exotic,new,0.121,occulta,"","",accepted,1
553345,47121,Lupinus lepidus lepidus,Pacific Lupine,variety,https://inaturalist-open-data.s3.amazonaws.com/photos/135209518/medium.jpeg,Lupinus lepidus var. lepidus,variety,non-infrataxon,unknown,concern,native,confirmed,0.006,lepidus,"",Lupinus lepidus lepidus,accepted,1
556361,64276,Phragmites australis australis,Common Reed,subspecies,https://inaturalist-open-data.s3.amazonaws.com/photos/6314550/medium.jpg,Phragmites australis ssp. australis,subspecies,infrataxon,voucher,unknown,exotic,unconfirmed,0.218,australis,Phragmites australis australis,"",accepted,1
593040,379255,Reynoutria sachalinensis,Giant Knotweed,species,https://static.inaturalist.org/photos/92299908/medium.jpg,Fallopia sachalinensis,species,non-infrataxon,voucher,unknown,exotic,new,0.012,sachalinensis,"","",unaccepted,1
711103,203680,Pilosella aurantiaca,orange hawkweed,species,https://inaturalist-open-data.s3.amazonaws.com/photos/533646976/medium.jpg,Hieracium aurantiacum,species,non-infrataxon,voucher,unknown,exotic,confirmed,0.006,aurantiaca,"","",unaccepted,1
802465,273241,Aphyllon californicum californicum,California Broomrape,subspecies,https://inaturalist-open-data.s3.amazonaws.com/photos/949980/medium.jpg,Aphyllon californicum ssp. californicum,subspecies,non-infrataxon,unknown,unknown,native,confirmed,0,californicum,Aphyllon californicum californicum,"",accepted,1
850784,379255,Reynoutria × bohemica,Bohemian Knotweed,hybrid,https://inaturalist-open-data.s3.amazonaws.com/photos/229589421/medium.jpg,Fallopia bohemica,hybrid,non-infrataxon,no_voucher,unknown,exotic,new,0.019,"","","",unaccepted,1
914922,379255,Reynoutria japonica,Japanese knotweed,species,https://inaturalist-open-data.s3.amazonaws.com/photos/74418856/medium.jpg,Fallopia japonica,species,non-infrataxon,no_voucher,unknown,exotic,new,0.006,japonica,"","",unaccepted,1
931680,446668,Oxybasis rubra humilis,Marshland Goosefoot,variety,https://inaturalist-open-data.s3.amazonaws.com/photos/125710048/medium.jpeg,Oxybasis rubra var. humilis,variety,non-infrataxon,unknown,secure,native,confirmed,0.012,rubra,"",Oxybasis rubra humilis,accepted,1
950609,950583,Anemonoides grayi,Gray's anemone,species,https://static.inaturalist.org/photos/13386/medium.jpg,Anemone lyallii,species,non-infrataxon,no_voucher,secure,native,confirmed,0,grayi,"","",unaccepted,1
1035494,49398,Kalmia microphylla occidentalis,Western Swamp Laurel,variety,https://static.inaturalist.org/photos/199851182/medium.jpg,Kalmia microphylla var. occidentalis,variety,non-infrataxon,unknown,secure,native,new,0.012,microphylla,"",Kalmia microphylla occidentalis,accepted,1
1074432,51886,Urtica gracilis gracilis,American stinging nettle,subspecies,https://inaturalist-open-data.s3.amazonaws.com/photos/100054561/medium.jpeg,Urtica gracilis ssp. gracilis,subspecies,non-infrataxon,no_voucher,secure,native,new,0,gracilis,Urtica gracilis gracilis,"",accepted,1
1220756,962562,Eriocoma lemmonii lemmonii,Lemmon's Needlegrass,subspecies,https://inaturalist-open-data.s3.amazonaws.com/photos/27614262/medium.jpeg,Achnatherum lemmonii ssp. lemmonii,subspecies,non-infrataxon,voucher,unknown,native,confirmed,0.03,lemmonii,Eriocoma lemmonii lemmonii,"",unaccepted,1
1221600,962562,Eriocoma nelsonii nelsonii,Nelson's needlegrass,subspecies,https://inaturalist-open-data.s3.amazonaws.com/photos/534237376/medium.jpg,Achnatherum nelsonii ssp. nelsonii,subspecies,infrataxon,no_voucher,unknown,native,unconfirmed,0.701,nelsonii,Eriocoma nelsonii nelsonii,"",unaccepted,1
1221728,962562,Eriocoma nelsonii dorei,Columbia needlegrass,subspecies,https://inaturalist-open-data.s3.amazonaws.com/photos/24292134/medium.jpg,Achnatherum nelsonii ssp. dorei,subspecies,infrataxon,voucher,unknown,native,unconfirmed,0.986,nelsonii,Eriocoma nelsonii dorei,"",unaccepted,1
1412639,128807,Dichanthelium scribnerianum,Scribner's Panicgrass,species,https://inaturalist-open-data.s3.amazonaws.com/photos/23428066/medium.jpeg,Dichanthelium oligosanthes ssp. scribnerianum,variety,non-infrataxon,voucher,unknown,native,unconfirmed,0.265,scribnerianum,"","",unaccepted,1
1467785,50829,Viola macloskeyi,Macloskie's violet,species,https://inaturalist-open-data.s3.amazonaws.com/photos/213751210/medium.jpg,Viola macloskeyi,"",non-infrataxon,no_voucher,secure,native,unconfirmed,0.278,macloskeyi,"","",accepted,1
1538926,204214,Graphephorum cernuum,nodding trisetum,species,https://inaturalist-open-data.s3.amazonaws.com/photos/520515052/medium.jpg,Trisetum cernuum,"",non-infrataxon,unknown,secure,native,unconfirmed,0.303,cernuum,"","",unaccepted,1
1538928,204214,Graphephorum canescens,tall trisetum,species,https://inaturalist-open-data.s3.amazonaws.com/photos/189552428/medium.jpg,Trisetum canescens,"",non-infrataxon,unknown,secure,native,unconfirmed,0.362,canescens,"","",unaccepted,1
1555489,1555488,Mutarda nigra,Black Mustard,species,https://inaturalist-open-data.s3.amazonaws.com/photos/20673079/medium.jpeg,Brassica nigra,"",non-infrataxon,unknown,unknown,exotic,confirmed,0.192,nigra,"","",unaccepted,1
1562069,1555488,Mutarda arvensis,charlock,species,https://inaturalist-open-data.s3.amazonaws.com/photos/326850053/medium.jpeg,Sinapis arvensis,"",non-infrataxon,unknown,unknown,exotic,confirmed,0.006,arvensis,"","",unaccepted,1
1628703,1678222,Falona echinata,bristly dogtail grass,species,https://inaturalist-open-data.s3.amazonaws.com/photos/10510249/medium.jpg,Cynosurus echinatus,species,non-infrataxon,voucher,unknown,exotic,confirmed,0,echinata,"","",unaccepted,1
47435,47436,Lotus corniculatus,bird's-foot trefoil,species,https://inaturalist-open-data.s3.amazonaws.com/photos/10133360/medium.jpg,Lotus corniculatus,species,non-infrataxon,voucher,unknown,exotic,confirmed,0,corniculatus,"","",accepted,1
47543,47544,Rubus spectabilis,Salmonberry,species,https://inaturalist-open-data.s3.amazonaws.com/photos/65263917/medium.jpeg,Rubus spectabilis,species,non-infrataxon,voucher,secure,native,confirmed,0,spectabilis,"","",accepted,1
47602,47603,Taraxacum officinale,common dandelion,species,https://inaturalist-open-data.s3.amazonaws.com/photos/23575133/medium.jpg,Taraxacum officinale,species,non-infrataxon,voucher,unknown,exotic,confirmed,0,officinale,"","",accepted,1
48229,48230,Ranunculus repens,Creeping buttercup,species,https://inaturalist-open-data.s3.amazonaws.com/photos/38652836/medium.jpeg,Ranunculus repens,species,non-infrataxon,voucher,unknown,exotic,confirmed,0,repens,"","",accepted,1
48984,48160,Centaurea montana,Perennial Cornflower,species,https://inaturalist-open-data.s3.amazonaws.com/photos/39875426/medium.jpg,Centaurea montana,species,non-infrataxon,voucher,unknown,exotic,confirmed,0,montana,"","",accepted,1
49365,48571,Carex pendula,Hanging sedge,species,https://inaturalist-open-data.s3.amazonaws.com/photos/5582512/medium.jpg,Carex pendula,species,non-infrataxon,voucher,unknown,exotic,new,0.006,pendula,"","",accepted,1
50739,48031,Platanthera stricta,Slender Bog Orchid,species,https://inaturalist-open-data.s3.amazonaws.com/photos/8497526/medium.jpeg,Platanthera stricta,species,non-infrataxon,voucher,secure,native,unconfirmed,0.639,stricta,"","",accepted,1
51875,51876,Trifolium pratense,Red Clover,species,https://inaturalist-open-data.s3.amazonaws.com/photos/590999108/medium.jpg,Trifolium pratense,species,non-infrataxon,voucher,unknown,exotic,confirmed,0,pratense,"","",accepted,1
52471,52472,Vicia cracca,tufted vetch,species,https://static.inaturalist.org/photos/83653817/medium.jpeg,Vicia cracca ssp. cracca,species,non-infrataxon,voucher,unknown,exotic,confirmed,0.007,cracca,"","",unaccepted,1
52698,52697,Avena fatua,wild oat,species,https://inaturalist-open-data.s3.amazonaws.com/photos/268294240/medium.jpeg,Avena fatua,species,non-infrataxon,voucher,unknown,exotic,confirmed,0.03,fatua,"","",accepted,1
52717,52701,Bromus hordeaceus hordeaceus,Soft Brome,subspecies,https://inaturalist-open-data.s3.amazonaws.com/photos/365706/medium.jpg,Bromus hordeaceus ssp. hordeaceus,species,infrataxon,voucher,unknown,exotic,confirmed,0.008,hordeaceus,Bromus hordeaceus hordeaceus,"",accepted,1
52795,52797,Hordeum murinum leporinum,hare barley,subspecies,https://inaturalist-open-data.s3.amazonaws.com/photos/957797/medium.jpg,Hordeum murinum ssp. leporinum,subspecies,infrataxon,voucher,unknown,exotic,unconfirmed,0.215,murinum,Hordeum murinum leporinum,"",accepted,1
52801,52800,Lolium perenne,Perennial Ryegrass,species,https://static.inaturalist.org/photos/3607783/medium.jpg,Lolium perenne,species,non-infrataxon,voucher,unknown,exotic,confirmed,0.014,perenne,"","",accepted,1
52808,52809,Poa annua,Annual Meadow-grass,species,https://inaturalist-open-data.s3.amazonaws.com/photos/119472992/medium.jpeg,Poa annua,species,non-infrataxon,voucher,unknown,exotic,confirmed,0,annua,"","",accepted,1
52812,52809,Poa howellii,Howell's Bluegrass,species,https://static.inaturalist.org/photos/387799788/medium.jpg,Poa howellii,species,non-infrataxon,voucher,secure,native,unconfirmed,0.52,howellii,"","",accepted,1
52821,52818,Achillea millefolium,common yarrow,species,https://inaturalist-open-data.s3.amazonaws.com/photos/4902/medium.jpg,Achillea millefolium complex,species,non-infrataxon,voucher,unknown,native,confirmed,0,millefolium,"","",accepted,1
52856,52855,Artemisia vulgaris,common mugwort,species,https://inaturalist-open-data.s3.amazonaws.com/photos/46355424/medium.jpeg,Artemisia vulgaris,species,non-infrataxon,no_voucher,unknown,exotic,new,0.013,vulgaris,"","",accepted,1
53059,53060,Galium aparine,catchweed bedstraw,species,https://inaturalist-open-data.s3.amazonaws.com/photos/79984095/medium.jpg,Galium aparine,species,non-infrataxon,voucher,secure,native,confirmed,0,aparine,"","",accepted,1
53103,51900,Hypochaeris glabra,Smooth Cat's Ear,species,https://static.inaturalist.org/photos/179041783/medium.jpeg,Hypochaeris glabra,species,non-infrataxon,voucher,unknown,exotic,confirmed,0,glabra,"","",accepted,1
53104,51900,Hypochaeris radicata,Common Cat's-ear,species,https://inaturalist-open-data.s3.amazonaws.com/photos/264826790/medium.jpg,Hypochaeris radicata,species,non-infrataxon,voucher,unknown,exotic,confirmed,0,radicata,"","",accepted,1
53151,53152,Medicago polymorpha,bur clover,species,https://inaturalist-open-data.s3.amazonaws.com/photos/120080420/medium.jpg,Medicago polymorpha,species,non-infrataxon,voucher,unknown,exotic,confirmed,0,polymorpha,"","",accepted,1
53195,53196,Rumex acetosella,Sheep's sorrel,species,https://inaturalist-open-data.s3.amazonaws.com/photos/203599374/medium.jpg,Rumex acetosella,species,non-infrataxon,voucher,unknown,exotic,confirmed,0,acetosella,"","",accepted,1
53212,52195,Silene gallica,Small-flowered Catchfly,species,https://static.inaturalist.org/photos/123174071/medium.jpg,Silene gallica,species,non-infrataxon,voucher,unknown,exotic,confirmed,0,gallica,"","",accepted,1
53271,53113,Brassica rapa,field mustard,species,https://static.inaturalist.org/photos/179299209/medium.jpeg,Brassica rapa,species,non-infrataxon,voucher,unknown,exotic,confirmed,0,rapa,"","",accepted,1
53320,52472,Vicia americana,American vetch,species,https://inaturalist-open-data.s3.amazonaws.com/photos/71578389/medium.jpg,Vicia americana,"",non-infrataxon,unknown,secure,native,confirmed,0,americana,"","",accepted,1
53324,52472,Vicia sativa,Common Vetch,species,https://inaturalist-open-data.s3.amazonaws.com/photos/281444164/medium.jpg,Vicia sativa,species,non-infrataxon,voucher,unknown,exotic,confirmed,0,sativa,"","",accepted,1
53445,47544,Rubus ursinus,trailing blackberry,species,https://inaturalist-open-data.s3.amazonaws.com/photos/624755302/medium.jpg,Rubus ursinus,"",non-infrataxon,unknown,secure,native,confirmed,0,ursinus,"","",accepted,1
54141,54142,Tragopogon porrifolius,purple salsify,species,https://inaturalist-open-data.s3.amazonaws.com/photos/180639530/medium.jpg,Tragopogon porrifolius,species,non-infrataxon,voucher,unknown,exotic,confirmed,0,porrifolius,"","",accepted,1
54143,54142,Tragopogon dubius,Yellow Salsify,species,https://inaturalist-open-data.s3.amazonaws.com/photos/42157151/medium.jpg,Tragopogon dubius,species,non-infrataxon,no_voucher,unknown,exotic,new,0.006,dubius,"","",accepted,1
55459,55460,Lamium amplexicaule,henbit deadnettle,species,https://inaturalist-open-data.s3.amazonaws.com/photos/552968312/medium.jpg,Lamium amplexicaule,species,non-infrataxon,voucher,unknown,exotic,confirmed,0,amplexicaule,"","",accepted,1
55721,52195,Silene vulgaris,bladder campion,species,https://inaturalist-open-data.s3.amazonaws.com/photos/149687809/medium.jpg,Silene vulgaris,species,non-infrataxon,voucher,unknown,exotic,confirmed,0.012,vulgaris,"","",accepted,1
55724,55725,Symphytum officinale,common comfrey,species,https://inaturalist-open-data.s3.amazonaws.com/photos/75011823/medium.jpg,Symphytum officinale,species,non-infrataxon,voucher,unknown,exotic,confirmed,0,officinale,"","",accepted,1
55745,51876,Trifolium repens,white clover,species,https://inaturalist-open-data.s3.amazonaws.com/photos/687662617/medium.jpg,Trifolium repens,species,non-infrataxon,voucher,unknown,exotic,confirmed,0,repens,"","",accepted,1
55778,55779,Petasites frigidus palmatus,Western Sweet Coltsfoot,variety,https://inaturalist-open-data.s3.amazonaws.com/photos/366989332/medium.jpeg,Petasites frigidus var. palmatus,variety,non-infrataxon,unknown,secure,native,confirmed,0,frigidus,"",Petasites frigidus palmatus,accepted,1
55811,47351,Prunus spinosa,Blackthorn,species,https://inaturalist-open-data.s3.amazonaws.com/photos/578763668/medium.jpg,Prunus spinosa,species,non-infrataxon,voucher,unknown,exotic,confirmed,0.033,spinosa,"","",accepted,1
55837,47351,Prunus cerasifera,Cherry-plum,species,https://static.inaturalist.org/photos/62295627/medium.jpg,Prunus cerasifera,species,non-infrataxon,voucher,unknown,exotic,new,0,cerasifera,"","",accepted,1
55848,53597,Narcissus pseudonarcissus,wild daffodil,species,https://static.inaturalist.org/photos/119190821/medium.jpg,Narcissus pseudonarcissus,species,non-infrataxon,voucher,unknown,exotic,new,0,pseudonarcissus,"","",accepted,1
55851,55460,Lamium purpureum,red deadnettle,species,https://inaturalist-open-data.s3.amazonaws.com/photos/355909561/medium.jpeg,Lamium purpureum,"",non-infrataxon,unknown,unknown,exotic,confirmed,0,purpureum,"","",accepted,1
55918,52504,Papaver dubium,Long-headed poppy,species,https://inaturalist-open-data.s3.amazonaws.com/photos/345577480/medium.jpeg,Papaver dubium,species,non-infrataxon,voucher,unknown,exotic,confirmed,0.032,dubium,"","",accepted,1
56057,56058,Leucanthemum vulgare,oxeye daisy,species,https://inaturalist-open-data.s3.amazonaws.com/photos/385004026/medium.jpg,Leucanthemum vulgare,species,non-infrataxon,voucher,unknown,exotic,confirmed,0,vulgare,"","",accepted,1
56064,48230,Ranunculus acris,meadow buttercup,species,https://inaturalist-open-data.s3.amazonaws.com/photos/134844788/medium.jpeg,Ranunculus acris,species,non-infrataxon,voucher,unknown,exotic,confirmed,0,acris,"","",accepted,1
56859,52829,Agoseris heterophylla heterophylla,Annual False Dandelion,variety,https://inaturalist-open-data.s3.amazonaws.com/photos/372293452/medium.jpeg,Agoseris heterophylla var. heterophylla,species,non-infrataxon,voucher,secure,native,confirmed,0.013,heterophylla,"",Agoseris heterophylla heterophylla,accepted,1
57056,53152,Medicago lupulina,Black Medick,species,https://static.inaturalist.org/photos/491891286/medium.jpeg,Medicago lupulina,species,non-infrataxon,voucher,unknown,exotic,confirmed,0,lupulina,"","",accepted,1
57079,51876,Trifolium microdon,thimble clover,species,https://inaturalist-open-data.s3.amazonaws.com/photos/190517943/medium.jpeg,Trifolium microdon,species,non-infrataxon,voucher,secure,native,confirmed,0,microdon,"","",accepted,1
57080,51876,Trifolium variegatum,white-tipped clover,species,https://inaturalist-open-data.s3.amazonaws.com/photos/500193244/medium.jpg,Trifolium variegatum,species,non-infrataxon,voucher,secure,native,confirmed,0.008,variegatum,"","",accepted,1
57081,51876,Trifolium willdenovii,tomcat clover,species,https://inaturalist-open-data.s3.amazonaws.com/photos/71633036/medium.jpeg,Trifolium willdenovii,species,non-infrataxon,voucher,secure,native,confirmed,0,willdenovii,"","",accepted,1
57108,52643,Juncus effusus pacificus,pacific rush,subspecies,https://inaturalist-open-data.s3.amazonaws.com/photos/43642283/medium.jpeg,Juncus effusus ssp. pacificus,subspecies,infrataxon,voucher,secure,native,unconfirmed,0.603,effusus,Juncus effusus pacificus,"",accepted,1
57156,52697,Avena sativa,Common Oat,species,https://inaturalist-open-data.s3.amazonaws.com/photos/51273833/medium.jpg,Avena sativa,species,non-infrataxon,no_voucher,unknown,exotic,new,0.006,sativa,"","",accepted,1
57171,52792,Elymus glaucus glaucus,Blue Wild Rye,subspecies,https://inaturalist-open-data.s3.amazonaws.com/photos/316253/medium.jpeg,Elymus glaucus ssp. glaucus,subspecies,infrataxon,voucher,secure,native,confirmed,0.709,glaucus,Elymus glaucus glaucus,"",accepted,1
57183,57187,Koeleria macrantha,Prairie Junegrass,species,https://inaturalist-open-data.s3.amazonaws.com/photos/42363755/medium.jpg,Koeleria macrantha,species,non-infrataxon,voucher,secure,native,confirmed,0.006,macrantha,"","",accepted,1
57317,52472,Vicia villosa,hairy vetch,species,https://inaturalist-open-data.s3.amazonaws.com/photos/344614087/medium.jpeg,Vicia villosa,species,non-infrataxon,no_voucher,unknown,exotic,confirmed,0.007,villosa,"","",accepted,1
57724,47216,Calypso bulbosa occidentalis,Western Fairy-slipper,variety,https://inaturalist-open-data.s3.amazonaws.com/photos/72717526/medium.jpg,Calypso bulbosa var. occidentalis,variety,non-infrataxon,unknown,secure,native,confirmed,0,bulbosa,"",Calypso bulbosa occidentalis,accepted,1
58780,52195,Silene antirrhina,sleepy catchfly,species,https://inaturalist-open-data.s3.amazonaws.com/photos/708591/medium.jpg,Silene antirrhina,species,non-infrataxon,voucher,secure,native,unconfirmed,0.321,antirrhina,"","",accepted,1
58798,52855,Artemisia biennis,biennial wormwood,species,https://inaturalist-open-data.s3.amazonaws.com/photos/263139/medium.jpg,Artemisia biennis,species,non-infrataxon,voucher,unknown,exotic,confirmed,0.106,biennis,"","",accepted,1
58812,53026,Cotula coronopifolia,Brass Buttons,species,https://inaturalist-open-data.s3.amazonaws.com/photos/115578937/medium.jpg,Cotula coronopifolia,species,non-infrataxon,voucher,unknown,exotic,confirmed,0.017,coronopifolia,"","",accepted,1
58911,51876,Trifolium microcephalum,small-headed clover,species,https://inaturalist-open-data.s3.amazonaws.com/photos/209905092/medium.jpg,Trifolium microcephalum,species,non-infrataxon,voucher,secure,native,confirmed,0,microcephalum,"","",accepted,1
59301,48230,Ranunculus sceleratus,cursed crowfoot,species,https://inaturalist-open-data.s3.amazonaws.com/photos/218307513/medium.jpeg,Ranunculus sceleratus,species,non-infrataxon,voucher,unknown,native,confirmed,0.012,sceleratus,"","",accepted,1
59570,59571,Arctium minus,lesser burdock,species,https://inaturalist-open-data.s3.amazonaws.com/photos/609518792/medium.jpg,Arctium minus,species,non-infrataxon,voucher,unknown,exotic,confirmed,0,minus,"","",accepted,1
59782,47357,Allium acuminatum,Hooker's onion,species,https://inaturalist-open-data.s3.amazonaws.com/photos/20424858/medium.jpg,Allium acuminatum,species,non-infrataxon,voucher,secure,native,confirmed,0,acuminatum,"","",accepted,1
60201,51876,Trifolium subterraneum,Subterranean Clover,species,https://inaturalist-open-data.s3.amazonaws.com/photos/194532117/medium.jpeg,Trifolium subterraneum,species,non-infrataxon,voucher,unknown,exotic,confirmed,0,subterraneum,"","",accepted,1
60213,52765,Prunella vulgaris lanceolata,lance selfheal,subspecies,https://inaturalist-open-data.s3.amazonaws.com/photos/704864822/medium.jpg,Prunella vulgaris var. lanceolata,subspecies,infrataxon,no_voucher,secure,native,new,0.006,vulgaris,Prunella vulgaris lanceolata,"",accepted,1
60267,47357,Allium amplectens,narrowleaf onion,species,https://static.inaturalist.org/photos/72256535/medium.jpeg,Allium amplectens,species,non-infrataxon,voucher,concern,native,confirmed,0,amplectens,"","",accepted,1
60307,52809,Poa pratensis,Smooth Meadow-grass,species,https://inaturalist-open-data.s3.amazonaws.com/photos/170918800/medium.jpg,Poa pratensis,species,non-infrataxon,voucher,unknown,native,confirmed,0,pratensis,"","",accepted,1
60734,48972,Polygonum paronychia,beach knotweed,species,https://inaturalist-open-data.s3.amazonaws.com/photos/28112744/medium.jpg,Polygonum paronychia,species,non-infrataxon,voucher,concern,native,confirmed,0,paronychia,"","",accepted,1
60975,60145,Leontodon saxatilis saxatilis,Lesser Hawkbit,subspecies,https://inaturalist-open-data.s3.amazonaws.com/photos/402009238/medium.jpeg,Leontodon saxatilis ssp. saxatilis,subspecies,non-infrataxon,unknown,unknown,exotic,confirmed,0.006,saxatilis,Leontodon saxatilis saxatilis,"",accepted,1
61000,48571,Carex obnupta,slough sedge,species,https://inaturalist-open-data.s3.amazonaws.com/photos/104971370/medium.jpeg,Carex obnupta,species,non-infrataxon,voucher,secure,native,confirmed,0,obnupta,"","",accepted,1
61009,50321,Lathyrus latifolius,broad-leaved sweet pea,species,https://inaturalist-open-data.s3.amazonaws.com/photos/522746705/medium.jpg,Lathyrus latifolius,species,non-infrataxon,no_voucher,unknown,exotic,confirmed,0,latifolius,"","",accepted,1
61021,51876,Trifolium glomeratum,Clustered clover,species,https://inaturalist-open-data.s3.amazonaws.com/photos/382627336/medium.jpg,Trifolium glomeratum,species,non-infrataxon,voucher,unknown,exotic,new,0.02,glomeratum,"","",accepted,1
61061,57170,Festuca rubra,red fescue,species,https://inaturalist-open-data.s3.amazonaws.com/photos/560464180/medium.jpg,Festuca rubra,species,non-infrataxon,voucher,unknown,native,confirmed,0.007,rubra,"","",accepted,1
61095,50299,Fragaria vesca californica,California Strawberry,subspecies,https://inaturalist-open-data.s3.amazonaws.com/photos/2978592/medium.jpg,Fragaria vesca ssp. californica,subspecies,non-infrataxon,unknown,unknown,native,confirmed,0,vesca,Fragaria vesca californica,"",accepted,1
61179,51876,Trifolium dichotomum,Branched Clover,species,https://inaturalist-open-data.s3.amazonaws.com/photos/16177447/medium.jpg,Trifolium dichotomum,species,non-infrataxon,voucher,concern,native,unconfirmed,0.705,dichotomum,"","",accepted,1
61203,52792,Elymus glaucus virescens,Coastal Wild Rye,subspecies,https://inaturalist-open-data.s3.amazonaws.com/photos/3807104/medium.JPG,Elymus glaucus ssp. virescens,subspecies,infrataxon,voucher,secure,native,unconfirmed,0.803,glaucus,Elymus glaucus virescens,"",accepted,1
61334,53597,Narcissus poeticus,Poet's Narcissus,species,https://inaturalist-open-data.s3.amazonaws.com/photos/490132077/medium.jpeg,Narcissus poeticus,species,non-infrataxon,voucher,unknown,exotic,new,0,poeticus,"","",accepted,1
61824,51876,Trifolium hybridum,Alsike clover,species,https://inaturalist-open-data.s3.amazonaws.com/photos/346224263/medium.jpeg,Trifolium hybridum,species,non-infrataxon,voucher,unknown,exotic,confirmed,0.007,hybridum,"","",accepted,1
61834,52797,Hordeum brachyantherum brachyantherum,northern meadow barley,subspecies,https://inaturalist-open-data.s3.amazonaws.com/photos/127507531/medium.jpg,Hordeum brachyantherum ssp. brachyantherum,species,non-infrataxon,voucher,secure,native,confirmed,0.007,brachyantherum,Hordeum brachyantherum brachyantherum,"",accepted,1
62642,50641,Solanum rostratum,buffalo-bur,species,https://inaturalist-open-data.s3.amazonaws.com/photos/2137808/medium.JPG,Solanum rostratum,species,non-infrataxon,voucher,unknown,exotic,confirmed,0.006,rostratum,"","",accepted,1
63333,52797,Hordeum murinum murinum,Barley Grass,subspecies,https://inaturalist-open-data.s3.amazonaws.com/photos/1816776/medium.jpg,Hordeum murinum ssp. murinum,subspecies,infrataxon,no_voucher,unknown,exotic,new,0.14,murinum,Hordeum murinum murinum,"",accepted,1
63879,52797,Hordeum marinum gussoneanum,mediterranean barley,subspecies,https://inaturalist-open-data.s3.amazonaws.com/photos/17817095/medium.jpeg,Hordeum marinum ssp. gussoneanum,subspecies,non-infrataxon,unknown,unknown,exotic,confirmed,0.006,marinum,Hordeum marinum gussoneanum,"",accepted,1
63890,47851,Quercus garryana garryana,Oregon white oak,variety,https://inaturalist-open-data.s3.amazonaws.com/photos/47152328/medium.jpeg,Quercus garryana var. garryana,variety,non-infrataxon,unknown,secure,native,confirmed,0,garryana,"",Quercus garryana garryana,accepted,1
63898,48230,Ranunculus uncinatus,woodland buttercup,species,https://inaturalist-open-data.s3.amazonaws.com/photos/188031208/medium.jpeg,Ranunculus uncinatus,"",non-infrataxon,voucher,secure,native,confirmed,0,uncinatus,"","",accepted,1
63937,55910,Hieracium albiflorum,white hawkweed,species,https://inaturalist-open-data.s3.amazonaws.com/photos/533595713/medium.jpg,Hieracium albiflorum,species,non-infrataxon,voucher,secure,native,confirmed,0,albiflorum,"","",accepted,1
63957,47544,Rubus leucodermis leucodermis,white-stemmed raspberry,variety,https://inaturalist-open-data.s3.amazonaws.com/photos/541920/medium.JPG,Rubus leucodermis var. leucodermis,species,non-infrataxon,no_voucher,secure,native,confirmed,0,leucodermis,"",Rubus leucodermis leucodermis,accepted,1
64157,54677,Rorippa palustris palustris,Bog Yellowcress,subspecies,https://inaturalist-open-data.s3.amazonaws.com/photos/23307831/medium.jpg,Rorippa palustris ssp. palustris,species,non-infrataxon,voucher,secure,native,confirmed,0.019,palustris,Rorippa palustris palustris,"",accepted,1
64183,48571,Carex tumulicola,foothill sedge,species,https://inaturalist-open-data.s3.amazonaws.com/photos/354873640/medium.jpg,Carex tumulicola,species,non-infrataxon,voucher,concern,native,confirmed,0.006,tumulicola,"","",accepted,1
64268,51876,Trifolium incarnatum,crimson clover,species,https://inaturalist-open-data.s3.amazonaws.com/photos/73250250/medium.jpg,Trifolium incarnatum,species,non-infrataxon,no_voucher,unknown,exotic,new,0.006,incarnatum,"","",accepted,1
67820,50879,Erigeron philadelphicus,Philadelphia fleabane,species,https://inaturalist-open-data.s3.amazonaws.com/photos/13932511/medium.jpg,Erigeron philadelphicus,species,non-infrataxon,no_voucher,unknown,native,unconfirmed,0.529,philadelphicus,"","",accepted,1
67826,48230,Ranunculus flammula,Lesser Spearwort,species,https://static.inaturalist.org/photos/392293472/medium.jpg,Ranunculus flammula,species,non-infrataxon,voucher,secure,native,confirmed,0.013,flammula,"","",accepted,1
68424,48230,Ranunculus lobbii,Lobb's aquatic buttercup,species,https://inaturalist-open-data.s3.amazonaws.com/photos/365311689/medium.jpg,Ranunculus lobbii,"",non-infrataxon,no_voucher,unknown,native,unconfirmed,0.627,lobbii,"","",accepted,1
68479,52800,Lolium multiflorum,Italian Ryegrass,species,https://inaturalist-open-data.s3.amazonaws.com/photos/15178032/medium.jpg,Lolium multiflorum,species,non-infrataxon,voucher,unknown,exotic,confirmed,0.013,multiflorum,"","",accepted,1
68846,50921,Muscari neglectum,Musk Hyacinth,species,https://inaturalist-open-data.s3.amazonaws.com/photos/65190404/medium.jpeg,Muscari neglectum,species,non-infrataxon,voucher,unknown,exotic,confirmed,0.007,neglectum,"","",accepted,1
70383,62267,Balsamorhiza deltoidea,deltoid balsamroot,species,https://inaturalist-open-data.s3.amazonaws.com/photos/30541/medium.jpg,Balsamorhiza deltoidea,species,non-infrataxon,voucher,concern,native,confirmed,0,deltoidea,"","",accepted,1
71122,51876,Trifolium oliganthum,few-flowered clover,species,https://inaturalist-open-data.s3.amazonaws.com/photos/484068529/medium.jpeg,Trifolium oliganthum,species,non-infrataxon,voucher,secure,native,confirmed,0,oliganthum,"","",accepted,1
71146,51876,Trifolium wormskioldii,springbank clover,species,https://inaturalist-open-data.s3.amazonaws.com/photos/20756586/medium.jpg,Trifolium wormskioldii,species,non-infrataxon,voucher,secure,native,confirmed,0.014,wormskioldii,"","",accepted,1
75430,61789,Anchusa officinalis,common alkanet,species,https://inaturalist-open-data.s3.amazonaws.com/photos/80878006/medium.jpg,Anchusa officinalis,species,non-infrataxon,voucher,unknown,exotic,unconfirmed,0.542,officinalis,"","",accepted,1
75597,52855,Artemisia suksdorfii,coastal mugwort,species,https://inaturalist-open-data.s3.amazonaws.com/photos/82212944/medium.jpeg,Artemisia suksdorfii,species,non-infrataxon,voucher,secure,native,confirmed,0,suksdorfii,"","",accepted,1
75912,52701,Bromus sitchensis,sitka brome,species,https://inaturalist-open-data.s3.amazonaws.com/photos/135599191/medium.jpeg,Bromus sitchensis complex,"",non-infrataxon,voucher,unknown,native,confirmed,0.008,sitchensis,"","",accepted,1
76014,48571,Carex arcta,northern clustered sedge,species,https://inaturalist-open-data.s3.amazonaws.com/photos/408088873/medium.jpeg,Carex arcta,species,non-infrataxon,voucher,secure,native,confirmed,0.006,arcta,"","",accepted,1
76016,48571,Carex athrostachya,long-bracted sedge,species,https://inaturalist-open-data.s3.amazonaws.com/photos/176040313/medium.jpeg,Carex athrostachya,species,non-infrataxon,voucher,secure,native,confirmed,0.294,athrostachya,"","",accepted,1
76028,48571,Carex cusickii,Cusick's sedge,species,https://inaturalist-open-data.s3.amazonaws.com/photos/27586038/medium.jpeg,Carex cusickii,species,non-infrataxon,voucher,secure,native,unconfirmed,0.396,cusickii,"","",accepted,1
76035,48571,Carex echinata,star sedge,species,https://inaturalist-open-data.s3.amazonaws.com/photos/390073570/medium.jpeg,Carex echinata,species,non-infrataxon,voucher,unknown,native,confirmed,0.006,echinata,"","",accepted,1
76036,48571,Carex exsiccata,western inflated sedge,species,https://inaturalist-open-data.s3.amazonaws.com/photos/88414080/medium.jpeg,Carex exsiccata,species,non-infrataxon,voucher,secure,native,confirmed,0.006,exsiccata,"","",accepted,1
76037,48571,Carex feta,green-sheathed sedge,species,https://inaturalist-open-data.s3.amazonaws.com/photos/43090341/medium.jpeg,Carex feta,species,non-infrataxon,voucher,secure,native,confirmed,0.02,feta,"","",accepted,1
76048,48571,Carex hendersonii,Henderson's Sedge,species,https://inaturalist-open-data.s3.amazonaws.com/photos/3636530/medium.jpg,Carex hendersonii,species,non-infrataxon,voucher,secure,native,confirmed,0.013,hendersonii,"","",accepted,1
76056,48571,Carex inops,Long-stolon Sedge,species,https://inaturalist-open-data.s3.amazonaws.com/photos/131813343/medium.jpeg,Carex inops,species,non-infrataxon,voucher,unknown,native,confirmed,0.014,inops,"","",accepted,1
76062,48571,Carex laeviculmis,smooth-stemmed sedge,species,https://inaturalist-open-data.s3.amazonaws.com/photos/58780236/medium.jpeg,Carex laeviculmis,species,non-infrataxon,voucher,secure,native,unconfirmed,0.439,laeviculmis,"","",accepted,1
76067,48571,Carex leporina,oval sedge,species,https://inaturalist-open-data.s3.amazonaws.com/photos/438459302/medium.jpeg,Carex leporina,species,non-infrataxon,voucher,secure,native,confirmed,0.013,leporina,"","",accepted,1
76069,48571,Carex leptalea,bristle-stalked sedge,species,https://inaturalist-open-data.s3.amazonaws.com/photos/43400813/medium.jpeg,Carex leptalea,species,non-infrataxon,voucher,secure,native,unconfirmed,0.681,leptalea,"","",accepted,1
76070,48571,Carex leptopoda,slender-footed sedge,species,https://inaturalist-open-data.s3.amazonaws.com/photos/460613382/medium.jpeg,Carex leptopoda,species,non-infrataxon,voucher,secure,native,confirmed,0,leptopoda,"","",accepted,1
76076,48571,Carex lyngbyei,Lyngbye's sedge,species,https://inaturalist-open-data.s3.amazonaws.com/photos/6221335/medium.jpg,Carex lyngbyei ssp. cryptocarpa,species,non-infrataxon,voucher,secure,native,confirmed,0.006,lyngbyei,"","",accepted,1
76089,48571,Carex pachystachya,starry broomsedge,species,https://inaturalist-open-data.s3.amazonaws.com/photos/4048199/medium.jpg,Carex pachystachya,species,non-infrataxon,voucher,secure,native,confirmed,0.013,pachystachya,"","",accepted,1
76090,48571,Carex pansa,sanddune sedge,species,https://inaturalist-open-data.s3.amazonaws.com/photos/566280985/medium.jpg,Carex pansa,species,non-infrataxon,voucher,concern,native,confirmed,0.111,pansa,"","",accepted,1
76091,48571,Carex pellita,woolly sedge,species,https://inaturalist-open-data.s3.amazonaws.com/photos/135818236/medium.jpeg,Carex pellita,species,non-infrataxon,no_voucher,secure,native,confirmed,0.012,pellita,"","",accepted,1
76095,48571,Carex praticola,northern meadow sedge,species,https://inaturalist-open-data.s3.amazonaws.com/photos/396093425/medium.jpg,Carex praticola,species,non-infrataxon,voucher,secure,native,unconfirmed,0.441,praticola,"","",accepted,1
76099,48571,Carex rossii,Ross's sedge,species,https://inaturalist-open-data.s3.amazonaws.com/photos/167924625/medium.jpg,Carex rossii,species,non-infrataxon,voucher,secure,native,confirmed,0.037,rossii,"","",accepted,1
76104,48571,Carex scoparia,pointed broom sedge,species,https://inaturalist-open-data.s3.amazonaws.com/photos/342329828/medium.jpg,Carex scoparia,species,non-infrataxon,voucher,secure,native,unconfirmed,0.319,scoparia,"","",accepted,1
76123,48571,Carex unilateralis,one-sided sedge,species,https://inaturalist-open-data.s3.amazonaws.com/photos/40235422/medium.jpeg,Carex unilateralis,species,non-infrataxon,voucher,secure,native,confirmed,0.006,unilateralis,"","",accepted,1
76124,48571,Carex utriculata,Northwest Territory sedge,species,https://inaturalist-open-data.s3.amazonaws.com/photos/967436/medium.jpg,Carex utriculata,species,non-infrataxon,voucher,secure,native,confirmed,0.006,utriculata,"","",accepted,1
76536,72077,Cryptogramma acrostichoides,American parsley fern,species,https://inaturalist-open-data.s3.amazonaws.com/photos/217453379/medium.jpeg,Cryptogramma acrostichoides,species,non-infrataxon,voucher,secure,native,confirmed,0,acrostichoides,"","",accepted,1
76907,50879,Erigeron canadensis,horseweed,species,https://inaturalist-open-data.s3.amazonaws.com/photos/93166894/medium.jpeg,Conyza canadensis,species,non-infrataxon,no_voucher,secure,exotic,new,0.006,canadensis,"","",unaccepted,1
77129,72133,Fallopia convolvulus,Black-bindweed,species,https://inaturalist-open-data.s3.amazonaws.com/photos/213207534/medium.jpg,Fallopia convolvulus,species,non-infrataxon,voucher,unknown,exotic,confirmed,0.018,convolvulus,"","",accepted,1
77136,57170,Festuca bromoides,brome fescue,species,https://static.inaturalist.org/photos/12954865/medium.jpg,Vulpia bromoides,species,non-infrataxon,voucher,unknown,exotic,confirmed,0.261,bromoides,"","",unaccepted,1
77140,57170,Festuca myuros,rattail sixweeks grass,species,https://inaturalist-open-data.s3.amazonaws.com/photos/381229715/medium.jpg,Vulpia myuros,species,non-infrataxon,voucher,unknown,exotic,confirmed,0.006,myuros,"","",unaccepted,1
77349,53093,Helenium autumnale,common sneezeweed,species,https://inaturalist-open-data.s3.amazonaws.com/photos/168217302/medium.jpg,Helenium autumnale,species,non-infrataxon,voucher,secure,native,confirmed,0.007,autumnale,"","",accepted,1
77838,47436,Lotus tenuis,narrow-leaf bird's-foot trefoil,species,https://static.inaturalist.org/photos/74847626/medium.jpg,Lotus tenuis,species,non-infrataxon,voucher,unknown,exotic,confirmed,0.007,tenuis,"","",accepted,1
78499,49347,Phacelia linearis,Linearleaf Phacelia,species,https://inaturalist-open-data.s3.amazonaws.com/photos/199149595/medium.jpeg,Phacelia linearis,"",non-infrataxon,no_voucher,secure,native,unconfirmed,0.529,linearis,"","",accepted,1
78623,48031,Platanthera dilatata,white bog orchid,species,https://inaturalist-open-data.s3.amazonaws.com/photos/140548724/medium.jpg,Platanthera dilatata,species,non-infrataxon,voucher,unknown,native,unconfirmed,0.681,dilatata,"","",accepted,1
78636,52809,Poa compressa,Canada bluegrass,species,https://inaturalist-open-data.s3.amazonaws.com/photos/41933238/medium.jpg,Poa compressa,species,non-infrataxon,voucher,unknown,exotic,unconfirmed,0.725,compressa,"","",accepted,1
78642,52809,Poa infirma,Early Meadow-grass,species,https://inaturalist-open-data.s3.amazonaws.com/photos/350880228/medium.jpeg,Poa infirma,species,non-infrataxon,voucher,unknown,exotic,confirmed,0,infirma,"","",accepted,1
78650,52809,Poa palustris,Swamp Meadow-grass,species,https://inaturalist-open-data.s3.amazonaws.com/photos/100147784/medium.jpeg,Poa palustris,species,non-infrataxon,voucher,secure,native,unconfirmed,0.615,palustris,"","",accepted,1
78657,52809,Poa trivialis,Rough Meadow-grass,species,https://inaturalist-open-data.s3.amazonaws.com/photos/380159189/medium.jpeg,Poa trivialis,species,non-infrataxon,voucher,unknown,exotic,unconfirmed,0.827,trivialis,"","",accepted,1
78682,48972,Polygonum douglasii,Douglas' knotweed,species,https://inaturalist-open-data.s3.amazonaws.com/photos/514846183/medium.jpg,Polygonum douglasii,"",non-infrataxon,voucher,secure,native,unconfirmed,0.206,douglasii,"","",accepted,1
78692,48972,Polygonum spergulariiforme,scatter knotweed,species,https://inaturalist-open-data.s3.amazonaws.com/photos/437445783/medium.jpeg,Polygonum spergulariiforme,species,non-infrataxon,voucher,secure,native,confirmed,0.014,spergulariiforme,"","",accepted,1
78817,48230,Ranunculus aquatilis,common water-crowfoot,species,https://inaturalist-open-data.s3.amazonaws.com/photos/223987862/medium.jpg,Ranunculus aquatilis,species,non-infrataxon,voucher,unknown,native,unconfirmed,0.239,aquatilis,"","",accepted,1
78820,48230,Ranunculus bulbosus,bulbous buttercup,species,https://inaturalist-open-data.s3.amazonaws.com/photos/274744/medium.jpg,Ranunculus bulbosus,species,non-infrataxon,voucher,unknown,exotic,confirmed,0.076,bulbosus,"","",accepted,1
78828,48230,Ranunculus macounii,macoun's buttercup,species,https://inaturalist-open-data.s3.amazonaws.com/photos/58071502/medium.jpeg,Ranunculus macounii,"",non-infrataxon,no_voucher,secure,native,unconfirmed,0.579,macounii,"","",accepted,1
78829,48230,Ranunculus parviflorus,smallflower buttercup,species,https://inaturalist-open-data.s3.amazonaws.com/photos/461725871/medium.jpg,Ranunculus parviflorus,species,non-infrataxon,voucher,unknown,exotic,confirmed,0.019,parviflorus,"","",accepted,1
78832,48230,Ranunculus sardous,hairy buttercup,species,https://inaturalist-open-data.s3.amazonaws.com/photos/493287669/medium.jpg,Ranunculus sardous,species,non-infrataxon,no_voucher,unknown,exotic,new,0.019,sardous,"","",accepted,1
78882,53438,Rosa multiflora,multiflora rose,species,https://inaturalist-open-data.s3.amazonaws.com/photos/252786276/medium.jpg,Rosa multiflora,species,non-infrataxon,voucher,unknown,exotic,confirmed,0.006,multiflora,"","",accepted,1
78883,53438,Rosa nutkana,Nootka rose,species,https://static.inaturalist.org/photos/132743037/medium.jpg,Rosa nutkana,"",non-infrataxon,voucher,secure,native,confirmed,0,nutkana,"","",accepted,1
79025,55735,Sedum album,white stonecrop,species,https://inaturalist-open-data.s3.amazonaws.com/photos/43927616/medium.jpg,Sedum album,species,non-infrataxon,voucher,unknown,exotic,confirmed,0,album,"","",accepted,1
79111,52195,Silene menziesii,Menzies' Catchfly,species,https://inaturalist-open-data.s3.amazonaws.com/photos/338833167/medium.jpeg,Silene menziesii,species,non-infrataxon,voucher,secure,native,confirmed,0.019,menziesii,"","",accepted,1
79317,47603,Taraxacum erythrospermum,red-seeded dandelion,species,https://inaturalist-open-data.s3.amazonaws.com/photos/14322330/medium.jpeg,Taraxacum erythrospermum,species,non-infrataxon,voucher,unknown,exotic,new,0.006,erythrospermum,"","",accepted,1
79408,51876,Trifolium arvense,rabbitfoot clover,species,https://static.inaturalist.org/photos/143409110/medium.jpeg,Trifolium arvense,species,non-infrataxon,voucher,unknown,exotic,new,0.006,arvense,"","",accepted,1
79432,51876,Trifolium striatum,Knotted clover,species,https://inaturalist-open-data.s3.amazonaws.com/photos/431017/medium.jpg,Trifolium striatum,species,non-infrataxon,voucher,unknown,exotic,new,0.006,striatum,"","",accepted,1
79949,52761,Hypericum perforatum perforatum,"",subspecies,https://inaturalist-open-data.s3.amazonaws.com/photos/5955961/medium.jpeg,Hypericum perforatum ssp. perforatum,species,non-infrataxon,voucher,unknown,exotic,confirmed,0,perforatum,Hypericum perforatum perforatum,"",accepted,1
79961,52643,Juncus effusus effusus,common rush,subspecies,https://inaturalist-open-data.s3.amazonaws.com/photos/31174426/medium.jpeg,Juncus effusus ssp. effusus,subspecies,infrataxon,voucher,unknown,native,new,0.088,effusus,Juncus effusus effusus,"",accepted,1
79971,47203,Lepidium virginicum menziesii,Menzies' pepperweed,subspecies,https://inaturalist-open-data.s3.amazonaws.com/photos/410139/medium.jpg,Lepidium virginicum ssp. menziesii,subspecies,infrataxon,voucher,secure,native,confirmed,0.006,virginicum,Lepidium virginicum menziesii,"",accepted,1
80082,72264,Onopordum acanthium acanthium,Cotton Thistle,subspecies,https://inaturalist-open-data.s3.amazonaws.com/photos/72875916/medium.jpeg,Onopordum acanthium ssp. acanthium,species,non-infrataxon,voucher,unknown,exotic,confirmed,0.007,acanthium,Onopordum acanthium acanthium,"",accepted,1
80130,47561,Pinus contorta contorta,Shore Pine,variety,https://inaturalist-open-data.s3.amazonaws.com/photos/425521/medium.JPG,Pinus contorta var. contorta,variety,infrataxon,voucher,secure,native,confirmed,0,contorta,"",Pinus contorta contorta,accepted,1
80219,53270,Sonchus arvensis arvensis,glandular field sowthistle,subspecies,https://inaturalist-open-data.s3.amazonaws.com/photos/5851127/medium.jpg,Sonchus arvensis ssp. arvensis,subspecies,infrataxon,no_voucher,unknown,exotic,new,0.037,arvensis,Sonchus arvensis arvensis,"",accepted,1
80276,50829,Viola praemorsa praemorsa,"",variety,https://inaturalist-open-data.s3.amazonaws.com/photos/7386895/medium.jpg,Viola praemorsa var. praemorsa,subspecies,non-infrataxon,voucher,concern,native,confirmed,0,praemorsa,"",Viola praemorsa praemorsa,accepted,1
80332,52829,Agoseris grandiflora leptophylla,Puget Sound agoseris,variety,https://inaturalist-open-data.s3.amazonaws.com/photos/4018912/medium.JPG,Agoseris grandiflora var. leptophylla,variety,non-infrataxon,unknown,secure,native,confirmed,0,grandiflora,"",Agoseris grandiflora leptophylla,accepted,1
80355,58365,Alopecurus aequalis aequalis,Short-awn Foxtail,variety,https://inaturalist-open-data.s3.amazonaws.com/photos/18440898/medium.jpeg,Alopecurus aequalis var. aequalis,species,non-infrataxon,voucher,secure,native,unconfirmed,0.986,aequalis,"",Alopecurus aequalis aequalis,accepted,1
80360,49230,Amelanchier alnifolia semi-integrifolia,Pacific saskatoon,variety,https://inaturalist-open-data.s3.amazonaws.com/photos/2863176/medium.JPG,Amelanchier alnifolia var. semiintegrifolia,variety,non-infrataxon,unknown,secure,native,confirmed,0,alnifolia,"",Amelanchier alnifolia semi-integrifolia,unaccepted,1
80614,49445,Corallorhiza maculata maculata,Eastern spotted coralroot,variety,https://inaturalist-open-data.s3.amazonaws.com/photos/26134532/medium.jpeg,Corallorhiza maculata var. maculata,variety,infrataxon,no_voucher,concern,native,new,0.02,maculata,"",Corallorhiza maculata maculata,accepted,1
80615,49445,Corallorhiza maculata occidentalis,Western spotted coralroot,variety,https://static.inaturalist.org/photos/130395248/medium.jpeg,Corallorhiza maculata var. occidentalis,variety,infrataxon,no_voucher,secure,native,new,0.007,maculata,"",Corallorhiza maculata occidentalis,accepted,1
80645,56932,Cuscuta pacifica pacifica,"",variety,https://inaturalist-open-data.s3.amazonaws.com/photos/1762269/medium.jpg,Cuscuta pacifica var. pacifica,variety,non-infrataxon,unknown,secure,native,confirmed,0.008,pacifica,"",Cuscuta pacifica pacifica,accepted,1
80678,72104,Drymocallis glandulosa glandulosa,sticky cinquefoil,variety,https://inaturalist-open-data.s3.amazonaws.com/photos/8821599/medium.jpg,Drymocallis glandulosa var. glandulosa,species,non-infrataxon,voucher,secure,native,confirmed,0.006,glandulosa,"",Drymocallis glandulosa glandulosa,accepted,1
81286,53186,Potentilla gracilis gracilis,slender cinquefoil,variety,https://inaturalist-open-data.s3.amazonaws.com/photos/7946156/medium.jpeg,Potentilla gracilis var. gracilis,variety,infrataxon,voucher,concern,native,confirmed,0,gracilis,"",Potentilla gracilis gracilis,accepted,1
81287,52765,Prunella vulgaris vulgaris,Eurasian Self-heal,subspecies,https://static.inaturalist.org/photos/141889567/medium.jpg,Prunella vulgaris var. vulgaris,subspecies,infrataxon,voucher,unknown,exotic,new,0.019,vulgaris,Prunella vulgaris vulgaris,"",accepted,1
81372,49917,Sisyrinchium idahoense idahoense,Idaho Blue-eyed Grass (Idaho),variety,https://inaturalist-open-data.s3.amazonaws.com/photos/7828297/medium.jpg,Sisyrinchium idahoense var. idahoense,variety,infrataxon,no_voucher,concern,native,new,0.018,idahoense,"",Sisyrinchium idahoense idahoense,accepted,1
81431,72402,Torreyochloa pallida pauciflora,weak manna grass,variety,https://inaturalist-open-data.s3.amazonaws.com/photos/80107186/medium.jpeg,Torreyochloa pallida var. pauciflora,variety,non-infrataxon,unknown,secure,native,confirmed,0.006,pallida,"",Torreyochloa pallida pauciflora,accepted,1
82740,50321,Lathyrus sylvestris,Narrow-leaved Everlasting-pea,species,https://inaturalist-open-data.s3.amazonaws.com/photos/42557776/medium.jpg,Lathyrus sylvestris,species,non-infrataxon,no_voucher,unknown,exotic,new,0,sylvestris,"","",accepted,1
83653,53438,Rosa rugosa,rugosa rose,species,https://inaturalist-open-data.s3.amazonaws.com/photos/394868328/medium.jpg,Rosa rugosa,species,non-infrataxon,no_voucher,unknown,exotic,new,0,rugosa,"","",accepted,1
116364,47357,Allium cernuum,nodding onion,species,https://static.inaturalist.org/photos/218716747/medium.jpg,Allium cernuum,species,non-infrataxon,voucher,secure,native,confirmed,0,cernuum,"","",accepted,1
117496,50299,Fragaria virginiana glauca,Smooth Wild Strawberry,subspecies,https://inaturalist-open-data.s3.amazonaws.com/photos/83891342/medium.jpg,Fragaria virginiana ssp. glauca,subspecies,infrataxon,no_voucher,secure,native,unconfirmed,0.533,virginiana,Fragaria virginiana glauca,"",accepted,1
118426,57185,Leymus mollis mollis,"",subspecies,https://inaturalist-open-data.s3.amazonaws.com/photos/309516/medium.JPG,Leymus mollis ssp. mollis,subspecies,non-infrataxon,voucher,secure,native,confirmed,0,mollis,Leymus mollis mollis,"",accepted,1
127326,48571,Carex pensylvanica,Pennsylvania sedge,species,https://inaturalist-open-data.s3.amazonaws.com/photos/1811877/medium.jpg,Carex pensylvanica,species,non-infrataxon,voucher,unknown,unknown,unconfirmed,0.263,pensylvanica,"","",accepted,1
131215,49445,Corallorhiza striata striata,"",variety,https://inaturalist-open-data.s3.amazonaws.com/photos/273703/medium.jpg,Corallorhiza striata var. striata,variety,non-infrataxon,voucher,secure,native,confirmed,0,striata,"",Corallorhiza striata striata,accepted,1
131218,48031,Platanthera orbiculata,Round-leaved Bog Orchid,species,https://inaturalist-open-data.s3.amazonaws.com/photos/220577635/medium.jpg,Platanthera orbiculata,"",non-infrataxon,no_voucher,secure,native,unconfirmed,0.463,orbiculata,"","",accepted,1
148953,128807,Dichanthelium lanuginosum,peat grass,species,https://inaturalist-open-data.s3.amazonaws.com/photos/293505576/medium.jpeg,Dichanthelium acuminatum var. fasciculatum,variety,non-infrataxon,unknown,secure,native,unconfirmed,0.253,lanuginosum,"","",unaccepted,1
157924,52818,Achillea filipendulina,Fern-leaf Yarrow,species,https://inaturalist-open-data.s3.amazonaws.com/photos/80354622/medium.jpg,Achillea filipendulina,species,non-infrataxon,voucher,unknown,exotic,new,0.007,filipendulina,"","",accepted,1
160006,48571,Carex macrocephala,big-head sedge,species,https://static.inaturalist.org/photos/80532037/medium.jpeg,Carex macrocephala,species,non-infrataxon,voucher,secure,native,confirmed,0.011,macrocephala,"","",accepted,1
164708,52800,Lolium arundinaceum,tall fescue,species,https://inaturalist-open-data.s3.amazonaws.com/photos/55763040/medium.jpeg,Schedonorus arundinaceus,species,non-infrataxon,voucher,unknown,exotic,confirmed,0.006,arundinaceum,"","",unaccepted,1
181580,53305,Torilis arvensis arvensis,Field Hedge-parsley,subspecies,https://inaturalist-open-data.s3.amazonaws.com/photos/79742456/medium.jpeg,Torilis arvensis ssp. arvensis,species,non-infrataxon,no_voucher,unknown,exotic,new,0.006,arvensis,Torilis arvensis arvensis,"",accepted,1
181809,60301,Panicum miliaceum ruderale,Proso Millet,subspecies,https://inaturalist-open-data.s3.amazonaws.com/photos/20607170/medium.jpeg,Panicum miliaceum ssp. ruderale,subspecies,infrataxon,no_voucher,unknown,exotic,unconfirmed,0.191,miliaceum,Panicum miliaceum ruderale,"",accepted,1
234668,52163,Cakile edentula edentula,Eastern Searocket,subspecies,https://inaturalist-open-data.s3.amazonaws.com/photos/153055687/medium.jpg,Cakile edentula var. edentula,variety,non-infrataxon,voucher,unknown,exotic,confirmed,0.007,edentula,Cakile edentula edentula,"",accepted,1
236060,50299,Fragaria virginiana platypetala,broad-petal virginia strawberry,subspecies,https://static.inaturalist.org/photos/17435308/medium.jpg,Fragaria virginiana ssp. platypetala,subspecies,infrataxon,voucher,secure,native,confirmed,0.012,virginiana,Fragaria virginiana platypetala,"",accepted,1
237798,57193,Phleum pratense pratense,Meadow Timothy,subspecies,https://inaturalist-open-data.s3.amazonaws.com/photos/2349287/medium.jpg,Phleum pratense ssp. pratense,species,non-infrataxon,voucher,unknown,exotic,confirmed,0,pratense,Phleum pratense pratense,"",accepted,1
240700,53396,Eriophyllum lanatum leucophyllum,"",variety,https://inaturalist-open-data.s3.amazonaws.com/photos/8336830/medium.jpg,Eriophyllum lanatum var. leucophyllum,variety,non-infrataxon,unknown,secure,native,confirmed,0,lanatum,"",Eriophyllum lanatum leucophyllum,accepted,1
240796,57170,Festuca roemeri roemeri,Oregon Fescue,variety,https://static.inaturalist.org/photos/73476763/medium.jpeg,Festuca roemeri var. roemeri,species,non-infrataxon,voucher,secure,native,confirmed,0.006,roemeri,"",Festuca roemeri roemeri,accepted,1
290553,48571,Carex kelloggii,Kellogg's Sedge,species,https://inaturalist-open-data.s3.amazonaws.com/photos/464701659/medium.jpeg,Carex kelloggii,species,non-infrataxon,voucher,unknown,native,confirmed,0.025,kelloggii,"","",accepted,1
337699,52163,Cakile maritima maritima,"",subspecies,https://inaturalist-open-data.s3.amazonaws.com/photos/5479956/medium.jpeg,Cakile maritima ssp. maritima,species,non-infrataxon,voucher,unknown,exotic,confirmed,0.027,maritima,Cakile maritima maritima,"",accepted,1
355392,48031,Platanthera transversa,Flat Spurred Piperia,species,https://inaturalist-open-data.s3.amazonaws.com/photos/396981/medium.jpg,Platanthera transversa,species,non-infrataxon,voucher,secure,native,confirmed,0.009,transversa,"","",accepted,1
360186,54570,Mentha piperita citrata,Eau de Cologne Mint,form,https://inaturalist-open-data.s3.amazonaws.com/photos/6868582/medium.jpg,Mentha piperita,hybrid,non-infrataxon,no_voucher,unknown,native,unconfirmed,0.176,"","","",invalid,1
452199,49445,Corallorhiza maculata ozettensis,Ozette Coralroot,variety,https://inaturalist-open-data.s3.amazonaws.com/photos/8335013/medium.jpg,Corallorhiza maculata var. ozettensis,variety,infrataxon,no_voucher,unknown,native,new,0.006,maculata,"",Corallorhiza maculata ozettensis,accepted,1
473217,48031,Platanthera ephemerantha,Whiteflower Rein Orchid,species,https://inaturalist-open-data.s3.amazonaws.com/photos/43176782/medium.jpg,Platanthera ephemerantha,species,non-infrataxon,no_voucher,concern,native,new,0.013,ephemerantha,"","",accepted,1
485191,52195,Silene coronaria,Rose campion,species,https://static.inaturalist.org/photos/143831898/medium.jpg,Lychnis coronaria,species,non-infrataxon,voucher,unknown,exotic,new,0,coronaria,"","",unaccepted,1
487175,55820,Primula hendersonii,Henderson's shooting star,species,https://static.inaturalist.org/photos/118338903/medium.jpg,Dodecatheon hendersonii,species,non-infrataxon,voucher,secure,native,confirmed,0,hendersonii,"","",unaccepted,1
491173,51611,Veronica peregrina xalapensis,hairy purslane speedwell,subspecies,https://inaturalist-open-data.s3.amazonaws.com/photos/163677352/medium.jpg,Veronica peregrina var. xalapensis,subspecies,infrataxon,voucher,secure,native,confirmed,0.019,peregrina,Veronica peregrina xalapensis,"",accepted,1
494316,48571,Carex zikae,short-stemmed sedge,species,https://inaturalist-open-data.s3.amazonaws.com/photos/620484674/medium.jpg,Carex zikae,"",non-infrataxon,unknown,secure,native,confirmed,0.173,zikae,"","",accepted,1
498086,55820,Primula pauciflora,dark-throated shooting star,species,https://inaturalist-open-data.s3.amazonaws.com/photos/78932834/medium.jpg,Primula pauciflora,"",non-infrataxon,unknown,secure,native,confirmed,0,pauciflora,"","",accepted,1
551466,48031,Platanthera elongata,Denseflower Rein Orchid,species,https://inaturalist-open-data.s3.amazonaws.com/photos/46588768/medium.jpeg,Platanthera elongata,species,non-infrataxon,voucher,concern,native,confirmed,0.007,elongata,"","",accepted,1
634625,57976,Filago germanica,Common Cudweed,species,https://inaturalist-open-data.s3.amazonaws.com/photos/46514976/medium.jpg,Filago vulgaris,"",non-infrataxon,unknown,unknown,exotic,new,0.031,germanica,"","",unaccepted,1
636557,52792,Elymus trachycaulus trachycaulus,slender wheatgrass,subspecies,https://inaturalist-open-data.s3.amazonaws.com/photos/146511572/medium.jpg,Elymus trachycaulus ssp. trachycaulus,subspecies,infrataxon,voucher,secure,native,unconfirmed,0.336,trachycaulus,Elymus trachycaulus trachycaulus,"",accepted,1
712269,48561,Cirsium edule macounii,"",variety,https://inaturalist-open-data.s3.amazonaws.com/photos/460887454/medium.jpg,Cirsium edule var. macounii,variety,non-infrataxon,unknown,secure,native,unconfirmed,0.355,edule,"",Cirsium edule macounii,accepted,1
840638,48031,Platanthera unalascensis,Alaska Rein Orchid,species,https://static.inaturalist.org/photos/212338272/medium.jpg,Platanthera unalascensis,species,non-infrataxon,voucher,secure,native,confirmed,0.007,unalascensis,"","",accepted,1
866483,56023,Alchemilla arvensis,Field Parsley Piert,species,https://inaturalist-open-data.s3.amazonaws.com/photos/374282480/medium.jpg,Aphanes arvensis,species,non-infrataxon,voucher,unknown,exotic,confirmed,0,arvensis,"","",accepted,1
933404,48160,Centaurea cyanus,Cornflower,species,https://static.inaturalist.org/photos/120728857/medium.jpeg,Centaurea cyanus,species,non-infrataxon,voucher,unknown,exotic,confirmed,0,cyanus,"","",accepted,1
947668,48436,Adiantum aleuticum aleuticum,Western Maidenhair Fern,variety,https://inaturalist-open-data.s3.amazonaws.com/photos/72251463/medium.jpeg,Adiantum aleuticum var. aleuticum,variety,non-infrataxon,unknown,secure,native,confirmed,0,aleuticum,"",Adiantum aleuticum aleuticum,accepted,1
956481,156879,Argentina anserina anserina,"",subspecies,https://static.inaturalist.org/photos/430982/medium.JPG,Potentilla anserina ssp. anserina,species,infrataxon,no_voucher,unknown,native,new,0.008,anserina,Argentina anserina anserina,"",unaccepted,1
995125,55412,Raphanus raphanistrum sativus,garden radish,subspecies,https://inaturalist-open-data.s3.amazonaws.com/photos/28387821/medium.jpeg,Raphanus sativus,species,non-infrataxon,voucher,unknown,exotic,confirmed,0.02,raphanistrum,Raphanus raphanistrum sativus,"",unaccepted,1
1363872,56023,Alchemilla microcarpa,"",species,https://inaturalist-open-data.s3.amazonaws.com/photos/1816472/medium.jpeg,Alchemilla microcarpa,species,non-infrataxon,voucher,unknown,exotic,unconfirmed,0.321,microcarpa,"","",accepted,1
1377236,57170,Festuca microstachys pauciflora,Pacific Fescue,variety,https://static.inaturalist.org/photos/4966083/medium.jpg,Vulpia microstachys var. pauciflora,species,infrataxon,voucher,unknown,native,confirmed,0.15,microstachys,"",Festuca microstachys pauciflora,unaccepted,1
1429814,47436,Lotus pedunculatus pedunculatus,marsh lotus,subspecies,https://static.inaturalist.org/photos/245690695/medium.jpeg,Lotus uliginosus,"",non-infrataxon,no_voucher,unknown,exotic,unconfirmed,0.201,pedunculatus,Lotus pedunculatus pedunculatus,"",unaccepted,1
1452907,56023,Alchemilla occidentalis,western lady's mantle,species,https://inaturalist-open-data.s3.amazonaws.com/photos/15375832/medium.jpg,Aphanes occidentalis,species,non-infrataxon,no_voucher,unknown,native,confirmed,0,occidentalis,"","",accepted,1
1511127,52713,Calamagrostis arenaria arenaria,"",subspecies,https://inaturalist-open-data.s3.amazonaws.com/photos/512929383/medium.jpg,Ammophila arenaria ssp. arenaria,subspecies,non-infrataxon,unknown,unknown,exotic,confirmed,0.007,arenaria,Calamagrostis arenaria arenaria,"",unaccepted,1
47779,47780,Iris pseudacorus,Yellow Iris,species,https://static.inaturalist.org/photos/132791736/medium.jpeg,Iris pseudacorus,species,non-infrataxon,voucher,unknown,exotic,confirmed,0,pseudacorus,"","",accepted,1
50717,50716,Epipactis helleborine,Broad-leaved helleborine,species,https://inaturalist-open-data.s3.amazonaws.com/photos/70711190/medium.jpg,Epipactis helleborine,species,non-infrataxon,voucher,unknown,exotic,confirmed,0,helleborine,"","",accepted,1
53179,48972,Polygonum arenastrum,Oval Leaf Knotweed,species,https://inaturalist-open-data.s3.amazonaws.com/photos/425788614/medium.jpg,Polygonum arenastrum,species,non-infrataxon,voucher,unknown,exotic,confirmed,0.006,arenastrum,"","",accepted,1
55171,53113,Brassica rapa rapa,Turnip,subspecies,https://inaturalist-open-data.s3.amazonaws.com/photos/1876992/medium.jpg,Brassica rapa var. rapa,subspecies,infrataxon,no_voucher,unknown,exotic,confirmed,0.257,rapa,Brassica rapa rapa,"",accepted,1
55823,55824,Draba verna,Common Whitlowgrass,species,https://inaturalist-open-data.s3.amazonaws.com/photos/187164508/medium.jpg,Draba verna,species,non-infrataxon,voucher,unknown,exotic,confirmed,0,verna,"","",accepted,1
55884,53438,Rosa canina,Dog-rose,species,https://inaturalist-open-data.s3.amazonaws.com/photos/43901474/medium.jpeg,Rosa canina,species,non-infrataxon,no_voucher,unknown,exotic,new,0.007,canina,"","",accepted,1
56137,56138,Ornithogalum umbellatum,common star-of-Bethlehem,species,https://static.inaturalist.org/photos/5094071/medium.jpg,Ornithogalum umbellatum,species,non-infrataxon,voucher,unknown,exotic,confirmed,0,umbellatum,"","",accepted,1
56292,51822,Euphorbia helioscopia,Sun spurge,species,https://inaturalist-open-data.s3.amazonaws.com/photos/454705698/medium.jpg,Euphorbia helioscopia,species,non-infrataxon,voucher,unknown,exotic,new,0.031,helioscopia,"","",accepted,1
56861,56112,Symphyotrichum chilense,Pacific Aster,species,https://inaturalist-open-data.s3.amazonaws.com/photos/2059931/medium.jpg,Symphyotrichum chilense,species,non-infrataxon,voucher,secure,native,confirmed,0.007,chilense,"","",accepted,1
57036,51822,Euphorbia peplus,Petty Spurge,species,https://inaturalist-open-data.s3.amazonaws.com/photos/51646215/medium.jpg,Euphorbia peplus,species,non-infrataxon,voucher,unknown,exotic,confirmed,0,peplus,"","",accepted,1
57479,55737,Sanguisorba minor balearica,Fodder Burnet,subspecies,https://inaturalist-open-data.s3.amazonaws.com/photos/171021570/medium.jpg,Poterium sanguisorba var. polygamum,species,non-infrataxon,voucher,unknown,exotic,confirmed,0.006,minor,Sanguisorba minor balearica,"",unaccepted,1
58383,52809,Poa secunda secunda,one-sided bluegrass,subspecies,https://inaturalist-open-data.s3.amazonaws.com/photos/13527343/medium.jpg,Poa secunda ssp. secunda,subspecies,infrataxon,voucher,secure,native,confirmed,0.007,secunda,Poa secunda secunda,"",accepted,1
58893,51822,Euphorbia maculata,Spotted spurge,species,https://inaturalist-open-data.s3.amazonaws.com/photos/352752726/medium.jpg,Euphorbia maculata,species,non-infrataxon,voucher,unknown,exotic,new,0.006,maculata,"","",accepted,1
64176,51876,Trifolium depauperatum depauperatum,dwarf sack clover,variety,https://inaturalist-open-data.s3.amazonaws.com/photos/117730236/medium.jpeg,Trifolium depauperatum var. depauperatum,variety,non-infrataxon,unknown,concern,native,confirmed,0,depauperatum,"",Trifolium depauperatum depauperatum,accepted,1
76210,48160,Centaurea diffusa,diffuse knapweed,species,https://static.inaturalist.org/photos/457959849/medium.jpg,Centaurea diffusa,species,non-infrataxon,voucher,unknown,exotic,new,0.012,diffusa,"","",accepted,1
76469,51148,Crataegus douglasii,Black Hawthorn,species,https://inaturalist-open-data.s3.amazonaws.com/photos/66932638/medium.jpg,Crataegus douglasii,species,non-infrataxon,voucher,secure,native,confirmed,0.01,douglasii,"","",accepted,1
76470,51148,Crataegus gaylussacia,Klamath hawthorn,species,https://inaturalist-open-data.s3.amazonaws.com/photos/29804205/medium.jpeg,Crataegus gaylussacia,"",non-infrataxon,voucher,unknown,native,confirmed,0.007,gaylussacia,"","",accepted,1
77114,51822,Euphorbia lathyris,caper spurge,species,https://static.inaturalist.org/photos/40138725/medium.jpg,Euphorbia lathyris,species,non-infrataxon,no_voucher,unknown,exotic,confirmed,0.006,lathyris,"","",accepted,1
77117,51822,Euphorbia oblongata,eggleaf spurge,species,https://inaturalist-open-data.s3.amazonaws.com/photos/94593701/medium.jpg,Euphorbia oblongata,species,non-infrataxon,voucher,unknown,exotic,new,0.019,oblongata,"","",accepted,1
78678,48972,Polygonum aviculare,Prostrate Knotweed,species,https://inaturalist-open-data.s3.amazonaws.com/photos/61530524/medium.jpeg,Polygonum aviculare,species,non-infrataxon,voucher,unknown,exotic,confirmed,0.007,aviculare,"","",accepted,1
78886,53438,Rosa rubiginosa,Sweet-brier,species,https://inaturalist-open-data.s3.amazonaws.com/photos/26171838/medium.jpg,Rosa rubiginosa var. rubiginosa,species,non-infrataxon,voucher,unknown,exotic,confirmed,0,rubiginosa,"","",invalid,1
79303,56112,Symphyotrichum subspicatum,Douglas' Aster,species,https://inaturalist-open-data.s3.amazonaws.com/photos/419066838/medium.jpeg,Symphyotrichum subspicatum,species,non-infrataxon,voucher,secure,native,confirmed,0.019,subspicatum,"","",accepted,1
79673,48571,Carex canescens canescens,"",subspecies,https://inaturalist-open-data.s3.amazonaws.com/photos/1425414/medium.jpg,Carex canescens ssp. canescens,subspecies,non-infrataxon,unknown,secure,native,unconfirmed,0.367,canescens,Carex canescens canescens,"",accepted,1
79676,48571,Carex echinata phyllomanica,coastal star sedge,subspecies,https://inaturalist-open-data.s3.amazonaws.com/photos/539741689/medium.jpg,Carex echinata ssp. phyllomanica,species,infrataxon,voucher,secure,native,unconfirmed,0.544,echinata,Carex echinata phyllomanica,"",accepted,1
79677,48571,Carex inops inops,Long-rhizomed Sedge,subspecies,https://static.inaturalist.org/photos/8088509/medium.jpg,Carex inops ssp. inops,subspecies,infrataxon,voucher,secure,native,unconfirmed,0.572,inops,Carex inops inops,"",accepted,1
80138,52809,Poa bulbosa vivipara,Viviparous Bulbous Bluegrass,form,https://static.inaturalist.org/photos/65638909/medium.jpg,Poa bulbosa ssp. vivipara,species,non-infrataxon,voucher,unknown,exotic,confirmed,0,bulbosa,"","",accepted,1
80156,48972,Polygonum fowleri fowleri,"",subspecies,https://inaturalist-open-data.s3.amazonaws.com/photos/257457766/medium.jpeg,Polygonum fowleri ssp. fowleri,subspecies,non-infrataxon,no_voucher,secure,native,unconfirmed,0.529,fowleri,Polygonum fowleri fowleri,"",accepted,1
80175,53438,Rosa pisocarpa pisocarpa,pea rose,subspecies,https://inaturalist-open-data.s3.amazonaws.com/photos/155750675/medium.jpg,Rosa pisocarpa ssp. pisocarpa,species,non-infrataxon,voucher,secure,native,confirmed,0,pisocarpa,Rosa pisocarpa pisocarpa,"",accepted,1
80215,52195,Silene scouleri scouleri,Scouler's catchfly,subspecies,https://inaturalist-open-data.s3.amazonaws.com/photos/13634/medium.jpg,Silene scouleri ssp. scouleri,subspecies,non-infrataxon,voucher,concern,native,confirmed,0.007,scouleri,Silene scouleri scouleri,"",accepted,1
80511,48571,Carex aquatilis dives,Sitka sedge,variety,https://inaturalist-open-data.s3.amazonaws.com/photos/85202205/medium.jpeg,Carex aquatilis var. dives,variety,non-infrataxon,voucher,unknown,native,unconfirmed,0.615,aquatilis,"",Carex aquatilis dives,accepted,1
80520,48571,Carex stipata stipata,common awl-fruited sedge,variety,https://inaturalist-open-data.s3.amazonaws.com/photos/3881762/medium.jpg,Carex stipata var. stipata,species,non-infrataxon,voucher,secure,native,confirmed,0.006,stipata,"",Carex stipata stipata,accepted,1
81040,51874,Lonicera involucrata involucrata,bearberry honeysuckle,variety,https://inaturalist-open-data.s3.amazonaws.com/photos/13513092/medium.jpg,Lonicera involucrata var. involucrata,variety,non-infrataxon,voucher,secure,native,confirmed,0,involucrata,"",Lonicera involucrata involucrata,accepted,1
81317,48230,Ranunculus alismifolius alismifolius,plantainleaf buttercup,variety,https://static.inaturalist.org/photos/141782/medium.jpg,Ranunculus alismifolius var. alismifolius,variety,non-infrataxon,voucher,concern,native,confirmed,0,alismifolius,"",Ranunculus alismifolius alismifolius,accepted,1
81335,48230,Ranunculus occidentalis occidentalis,"",variety,https://inaturalist-open-data.s3.amazonaws.com/photos/409846/medium.jpg,Ranunculus occidentalis var. occidentalis,variety,non-infrataxon,voucher,secure,native,confirmed,0,occidentalis,"",Ranunculus occidentalis occidentalis,accepted,1
81338,48230,Ranunculus orthorhynchus orthorhynchus,Straight-beak Buttercup,variety,https://inaturalist-open-data.s3.amazonaws.com/photos/38111325/medium.jpeg,Ranunculus orthorhynchus var. orthorhynchus,species,non-infrataxon,voucher,secure,native,confirmed,0.007,orthorhynchus,"",Ranunculus orthorhynchus orthorhynchus,accepted,1
81350,53438,Rosa gymnocarpa gymnocarpa,"",variety,https://inaturalist-open-data.s3.amazonaws.com/photos/948233/medium.jpg,Rosa gymnocarpa var. gymnocarpa,species,non-infrataxon,voucher,secure,native,confirmed,0,gymnocarpa,"",Rosa gymnocarpa gymnocarpa,accepted,1
82511,51822,Euphorbia myrsinites,Donkey Tail,species,https://inaturalist-open-data.s3.amazonaws.com/photos/583744/medium.jpg,Euphorbia myrsinites,species,non-infrataxon,no_voucher,unknown,exotic,new,0,myrsinites,"","",accepted,1
126575,48160,Centaurea nigra,black knapweed,species,https://static.inaturalist.org/photos/45362818/medium.jpg,Centaurea nigra,species,non-infrataxon,voucher,unknown,exotic,new,0.006,nigra,"","",accepted,1
128683,52195,Silene latifolia alba,evening lychnis,subspecies,https://inaturalist-open-data.s3.amazonaws.com/photos/83120416/medium.jpg,Silene latifolia ssp. alba,species,non-infrataxon,voucher,unknown,exotic,confirmed,0.006,latifolia,Silene latifolia alba,"",accepted,1
160277,48160,Centaurea nigrescens,Tyrol knapweed,species,https://inaturalist-open-data.s3.amazonaws.com/photos/22914894/medium.jpg,Centaurea nigrescens,"",non-infrataxon,no_voucher,unknown,exotic,new,0.108,nigrescens,"","",accepted,1
163791,55910,Hieracium maculatum,Spotted Hawkweed,species,https://inaturalist-open-data.s3.amazonaws.com/photos/7587525/medium.jpeg,Hieracium maculatum,species,non-infrataxon,voucher,unknown,exotic,new,0.128,maculatum,"","",accepted,1
180413,49487,Rhododendron groenlandicum,Bog Labrador Tea,species,https://inaturalist-open-data.s3.amazonaws.com/photos/44570815/medium.jpeg,Rhododendron groenlandicum,species,non-infrataxon,no_voucher,secure,native,new,0.006,groenlandicum,"","",accepted,1
235436,55818,Corydalis aurea aurea,"",subspecies,https://inaturalist-open-data.s3.amazonaws.com/photos/8066101/medium.jpeg,Corydalis aurea ssp. aurea,subspecies,non-infrataxon,no_voucher,secure,native,unconfirmed,0.341,aurea,Corydalis aurea aurea,"",accepted,1
238331,53196,Rumex acetosa acetosa,Common Sorrel,subspecies,https://inaturalist-open-data.s3.amazonaws.com/photos/164749216/medium.jpg,Rumex acetosa ssp. acetosa,species,non-infrataxon,voucher,unknown,exotic,new,0.013,acetosa,Rumex acetosa acetosa,"",accepted,1
239144,47357,Allium geyeri tenerum,Bulbil Onion,variety,https://inaturalist-open-data.s3.amazonaws.com/photos/12212261/medium.jpg,Allium geyeri var. tenerum,variety,non-infrataxon,voucher,secure,native,confirmed,0.006,geyeri,"",Allium geyeri tenerum,accepted,1
239769,48571,Carex deweyana deweyana,"",variety,https://inaturalist-open-data.s3.amazonaws.com/photos/208805573/medium.jpeg,Carex deweyana var. deweyana,variety,non-infrataxon,voucher,secure,native,confirmed,0.028,deweyana,"",Carex deweyana deweyana,accepted,1
710103,52472,Vicia sativa nigra,narrow-leaved vetch,subspecies,https://inaturalist-open-data.s3.amazonaws.com/photos/175521000/medium.jpeg,Vicia sativa var. angustifolia,subspecies,infrataxon,voucher,unknown,exotic,confirmed,0.023,sativa,Vicia sativa nigra,"",unaccepted,1
840643,48031,Platanthera elegans elegans,elegant piperia,subspecies,https://inaturalist-open-data.s3.amazonaws.com/photos/343740058/medium.png,Platanthera elegans ssp. elegans,subspecies,non-infrataxon,voucher,secure,native,confirmed,0,elegans,Platanthera elegans elegans,"",accepted,1
858970,51876,Trifolium fragiferum bonannii,"",subspecies,https://inaturalist-open-data.s3.amazonaws.com/photos/157360184/medium.jpeg,Trifolium fragiferum ssp. bonannii,species,non-infrataxon,voucher,unknown,exotic,confirmed,0.006,fragiferum,Trifolium fragiferum bonannii,"",accepted,1
1091402,48571,Carex kelloggii limnophila,lagoon sedge,variety,https://inaturalist-open-data.s3.amazonaws.com/photos/43877529/medium.jpg,Carex kelloggii var. limnophila,species,infrataxon,voucher,secure,native,unconfirmed,0.574,kelloggii,"",Carex kelloggii limnophila,accepted,1
1582196,52809,Poa secunda scabrella,"",variety,"",Poa secunda ssp. scabrella,species,infrataxon,voucher,unknown,native,unconfirmed,0.917,secunda,"",Poa secunda scabrella,accepted,1
1677731,52855,Artemisia pacifica,Pacific Wormwood,species,https://inaturalist-open-data.s3.amazonaws.com/photos/106318957/medium.jpeg,Artemisia campestris var. scouleriana,variety,non-infrataxon,unknown,secure,native,unconfirmed,0.24,pacifica,"","",unaccepted,1
54428,51148,Crataegus laevigata,midland hawthorn,species,https://inaturalist-open-data.s3.amazonaws.com/photos/48288/medium.jpg,Crataegus laevigata,species,non-infrataxon,no_voucher,unknown,exotic,unconfirmed,0.191,laevigata,"","",accepted,1
57070,53152,Medicago sativa sativa,Lucerne,subspecies,https://inaturalist-open-data.s3.amazonaws.com/photos/26260685/medium.jpeg,Medicago sativa ssp. sativa,species,non-infrataxon,no_voucher,unknown,exotic,confirmed,0.007,sativa,Medicago sativa sativa,"",accepted,1
61317,47544,Rubus armeniacus,Armenian Blackberry,species,https://inaturalist-open-data.s3.amazonaws.com/photos/174566736/medium.jpeg,Rubus armeniacus,species,non-infrataxon,voucher,unknown,exotic,confirmed,0,armeniacus,"","",accepted,1
78891,47544,Rubus laciniatus,Cutleaf Blackberry,species,https://inaturalist-open-data.s3.amazonaws.com/photos/401784546/medium.jpg,Rubus laciniatus,species,non-infrataxon,no_voucher,unknown,exotic,confirmed,0,laciniatus,"","",accepted,1
79152,48678,Solidago lepida,Elegant Goldenrod,species,https://inaturalist-open-data.s3.amazonaws.com/photos/520451/medium.jpg,Solidago lepida,"",non-infrataxon,voucher,unknown,native,confirmed,0.006,lepida,"","",accepted,1
168025,47544,Rubus bifrons,Twice-leaved Blackberry,species,https://inaturalist-open-data.s3.amazonaws.com/photos/298534088/medium.jpg,Rubus bifrons,species,non-infrataxon,voucher,unknown,exotic,confirmed,0,bifrons,"","",accepted,1
521869,48160,Centaurea stoebe australis,Spotted Starthistle,subspecies,https://inaturalist-open-data.s3.amazonaws.com/photos/87878687/medium.jpg,Centaurea stoebe ssp. australis,subspecies,non-infrataxon,voucher,unknown,exotic,confirmed,0.006,stoebe,Centaurea stoebe australis,"",accepted,1
1409520,48571,Carex oederi oederi,green-yellow sedge,variety,https://inaturalist-open-data.s3.amazonaws.com/photos/473027632/medium.jpeg,Carex oederi ssp. oederi,subspecies,non-infrataxon,no_voucher,secure,native,unconfirmed,0.596,oederi,"",Carex oederi oederi,accepted,1
81375,48678,Solidago lepida salebrosa,western goldenrod,variety,https://inaturalist-open-data.s3.amazonaws.com/photos/1487644/medium.jpg,Solidago lepida var. salebrosa,variety,infrataxon,voucher,secure,native,unconfirmed,0.176,lepida,"",Solidago lepida salebrosa,accepted,1
234227,47357,Allium vineale vineale,"",form,https://static.inaturalist.org/photos/9025527/medium.jpg,Allium vineale ssp. vineale,species,non-infrataxon,voucher,unknown,exotic,confirmed,0,vineale,"","",accepted,1
1642774,51148,Crataegus monogyna monogyna,"",subspecies,https://inaturalist-open-data.s3.amazonaws.com/photos/646200913/medium.jpg,Crataegus monogyna var. monogyna,species,non-infrataxon,voucher,unknown,exotic,confirmed,0,monogyna,Crataegus monogyna monogyna,"",accepted,1
