id,parentId,iNaturalistTaxonName,commonName,rank,iNaturalistTaxonImage,scientificName,taxonRank,reportingStatus,has_voucher,introduction_status,species,subspecies,variety,nameStatus,inSummary,direct_solow_ep
48460,,Life,life,stateofmatter,https://inaturalist-open-data.s3.amazonaws.com/photos/347064198/medium.jpeg,,,,,,,,,,,0
47126,48460,Plantae,Plants,kingdom,https://static.inaturalist.org/photos/221143410/medium.jpeg,,,,,,,,,,,0
211194,47126,Tracheophyta,Vascular Plants,phylum,https://inaturalist-open-data.s3.amazonaws.com/photos/301768574/medium.jpg,,,,,,,,,,,0
47125,211194,Angiospermae,Flowering Plants,subphylum,https://inaturalist-open-data.s3.amazonaws.com/photos/6943609/medium.jpg,,,,,,,,,,,0
47623,211194,Lycopodiopsida,Lycophytes,class,https://static.inaturalist.org/photos/18290374/medium.jpg,,,,,,,,,,,0
121943,211194,Polypodiopsida,Ferns,class,https://inaturalist-open-data.s3.amazonaws.com/photos/383134769/medium.jpg,,,,,,,,,,,0
136329,211194,Pinopsida,conifers,class,https://inaturalist-open-data.s3.amazonaws.com/photos/8663621/medium.jpg,,,,,,,,,,,0
47124,47125,Magnoliopsida,Dicots,class,https://inaturalist-open-data.s3.amazonaws.com/photos/66183364/medium.jpeg,,,,,,,,,,,0
47163,47125,Liliopsida,Monocots,class,https://inaturalist-open-data.s3.amazonaws.com/photos/274224/medium.jpg,,,,,,,,,,,0
47375,136329,Pinales,conifers,order,https://inaturalist-open-data.s3.amazonaws.com/photos/170033792/medium.jpg,,,,,,,,,,,0
47622,47623,Lycopodiales,clubmosses and firmosses,order,https://inaturalist-open-data.s3.amazonaws.com/photos/250128745/medium.jpg,,,,,,,,,,,0
58769,47623,Selaginellales,Spikemosses,order,https://inaturalist-open-data.s3.amazonaws.com/photos/1910623/medium.jpg,,,,,,,,,,,0
60113,47623,Isoetales,Quillwort order,order,https://static.inaturalist.org/photos/62761189/medium.jpg,,,,,,,,,,,0
47123,47124,Fabales,"Legumes, Milkworts, and Allies",order,https://inaturalist-open-data.s3.amazonaws.com/photos/73034071/medium.jpg,,,,,,,,,,,0
47132,47124,Rosales,"Roses, Elms, Figs, and Allies",order,https://inaturalist-open-data.s3.amazonaws.com/photos/11763754/medium.jpg,,,,,,,,,,,0
47162,47163,Poales,"Grasses, Sedges, Cattails, and Allies",order,https://inaturalist-open-data.s3.amazonaws.com/photos/54589881/medium.jpg,,,,,,,,,,,0
47181,47124,Ericales,"Heathers, Balsams, Primroses, and Allies",order,https://inaturalist-open-data.s3.amazonaws.com/photos/121441132/medium.jpeg,,,,,,,,,,,0
47195,47124,Cornales,"dogwoods, hydrangeas, and allies",order,https://inaturalist-open-data.s3.amazonaws.com/photos/79182087/medium.jpg,,,,,,,,,,,0
47218,47163,Asparagales,"Agaves, Orchids, Irises, and Allies",order,https://inaturalist-open-data.s3.amazonaws.com/photos/272455964/medium.jpg,,,,,,,,,,,0
47329,47163,Liliales,"lilies, supplejacks, and allies",order,https://inaturalist-open-data.s3.amazonaws.com/photos/274224/medium.jpg,,,,,,,,,,,0
47363,47124,Gentianales,"Gentians, Dogbanes, Madders, and Allies",order,https://inaturalist-open-data.s3.amazonaws.com/photos/6232/medium.jpg,,,,,,,,,,,0
47366,47124,Caryophyllales,"pinks, cactuses, and allies",order,https://inaturalist-open-data.s3.amazonaws.com/photos/74999656/medium.jpg,,,,,,,,,,,0
47374,47375,Cupressaceae,cypress family,family,https://inaturalist-open-data.s3.amazonaws.com/photos/164349061/medium.jpg,,,,,,,,,,,0
47540,47124,Celastrales,staff-vines and allies,order,https://inaturalist-open-data.s3.amazonaws.com/photos/31231998/medium.jpg,,,,,,,,,,,0
47556,47375,Taxaceae,yew family,family,https://inaturalist-open-data.s3.amazonaws.com/photos/12117252/medium.jpeg,,,,,,,,,,,0
47562,47375,Pinaceae,pine family,family,https://inaturalist-open-data.s3.amazonaws.com/photos/275129245/medium.jpg,,,,,,,,,,,0
47605,47124,Asterales,"Sunflowers, Bellflowers, Fanflowers, and Allies",order,https://inaturalist-open-data.s3.amazonaws.com/photos/355753987/medium.jpg,,,,,,,,,,,0
47621,47622,Lycopodiaceae,Clubmosses and Firmosses,family,https://inaturalist-open-data.s3.amazonaws.com/photos/101326007/medium.jpg,,,,,,,,,,,0
47690,47124,Geraniales,"geraniums, bridal wreaths, and allies",order,https://inaturalist-open-data.s3.amazonaws.com/photos/70283238/medium.jpg,,,,,,,,,,,0
47729,47124,Sapindales,"Soapberries, Cashews, Mahoganies, and Allies",order,https://static.inaturalist.org/photos/58699945/medium.jpg,,,,,,,,,,,0
47748,121943,Equisetales,horsetails,order,https://inaturalist-open-data.s3.amazonaws.com/photos/20163/medium.jpg,,,,,,,,,,,0
47754,121943,Polypodiales,"",order,https://inaturalist-open-data.s3.amazonaws.com/photos/76066835/medium.jpg,,,,,,,,,,,0
47791,47124,Myrtales,"myrtles, evening primroses, and allies",order,https://static.inaturalist.org/photos/42561347/medium.jpeg,,,,,,,,,,,0
47853,47124,Fagales,"beeches, oaks, walnuts, and allies",order,https://inaturalist-open-data.s3.amazonaws.com/photos/2305595/medium.JPG,,,,,,,,,,,0
48073,47163,Alismatales,"Aroids, Water Plantains, Seagrass, and allies",order,https://static.inaturalist.org/photos/107900/medium.jpg,,,,,,,,,,,0
48151,47124,Lamiales,"Mints, Plantains, Olives, and Allies",order,https://inaturalist-open-data.s3.amazonaws.com/photos/45809243/medium.jpeg,,,,,,,,,,,0
48232,47124,Ranunculales,"Buttercups, Poppies, and Allies",order,https://inaturalist-open-data.s3.amazonaws.com/photos/10459/medium.jpg,,,,,,,,,,,0
48515,47124,Solanales,"nightshades, bindweeds, gooseweeds, and allies",order,https://inaturalist-open-data.s3.amazonaws.com/photos/50520559/medium.jpg,,,,,,,,,,,0
48526,47124,Dipsacales,"honeysuckles, moschatels, and allies",order,https://inaturalist-open-data.s3.amazonaws.com/photos/5417/medium.jpg,,,,,,,,,,,0
48700,47124,Apiales,"carrots, ivies, and allies",order,https://static.inaturalist.org/photos/39794882/medium.jpeg,,,,,,,,,,,0
48796,47124,Malvales,"Mallows, Rock Roses, and Allies",order,https://static.inaturalist.org/photos/3035871/medium.JPG,,,,,,,,,,,0
49669,47124,Santalales,"sandalwoods, mistletoes, and allies",order,https://inaturalist-open-data.s3.amazonaws.com/photos/250082551/medium.jpg,,,,,,,,,,,0
51120,47124,Nymphaeales,"Waterlilies, Fanworts, and Allies",order,https://inaturalist-open-data.s3.amazonaws.com/photos/3008652/medium.JPG,,,,,,,,,,,0
51820,47124,Malpighiales,"Nances, Willows, and Allies",order,https://inaturalist-open-data.s3.amazonaws.com/photos/57932018/medium.jpg,,,,,,,,,,,0
55328,121943,Ophioglossales,adder's-tongues and allies,order,https://inaturalist-open-data.s3.amazonaws.com/photos/60642378/medium.jpg,,,,,,,,,,,0
58770,58769,Selaginellaceae,Spikemoss Family,family,https://inaturalist-open-data.s3.amazonaws.com/photos/1910623/medium.jpg,,,,,,,,,,,0
60114,60113,Isoetaceae,Quillwort family,family,https://static.inaturalist.org/photos/62761189/medium.jpg,,,,,,,,,,,0
60244,47124,Piperales,"pepper plants, birthworts, and allies",order,https://inaturalist-open-data.s3.amazonaws.com/photos/63234380/medium.jpg,,,,,,,,,,,0
70233,47124,Oxalidales,"Woodsorrels, Quandongs, and Allies",order,https://static.inaturalist.org/photos/36921206/medium.jpeg,,,,,,,,,,,0
71272,47124,Aquifoliales,Hollies and Allies,order,https://inaturalist-open-data.s3.amazonaws.com/photos/236523238/medium.jpeg,,,,,,,,,,,0
71275,47124,Brassicales,"Mustards, Capers, and Allies",order,https://inaturalist-open-data.s3.amazonaws.com/photos/355338008/medium.jpeg,,,,,,,,,,,0
71277,47124,Buxales,boxes and Pachysandras,order,https://inaturalist-open-data.s3.amazonaws.com/photos/177732/medium.jpg,,,,,,,,,,,0
71281,47124,Cucurbitales,"begonias, gourds, and allies",order,https://inaturalist-open-data.s3.amazonaws.com/photos/44230820/medium.jpg,,,,,,,,,,,0
71289,47124,Saxifragales,"saxifrages, stonecrops, and allies",order,https://inaturalist-open-data.s3.amazonaws.com/photos/1539441/medium.jpg,,,,,,,,,,,0
71291,47124,Vitales,Grapes and Allies,order,https://inaturalist-open-data.s3.amazonaws.com/photos/2809716/medium.jpg,,,,,,,,,,,0
153070,47124,Ceratophyllales,Coontails,order,https://inaturalist-open-data.s3.amazonaws.com/photos/102917704/medium.jpeg,,,,,,,,,,,0
332905,121943,Salviniales,"",order,https://inaturalist-open-data.s3.amazonaws.com/photos/506173/medium.jpg,,,,,,,,,,,0
523723,47124,Boraginales,borages,order,https://inaturalist-open-data.s3.amazonaws.com/photos/66417631/medium.jpeg,,,,,,,,,,,0
47122,47123,Fabaceae,Legumes,family,https://inaturalist-open-data.s3.amazonaws.com/photos/167983252/medium.jpeg,,,,,,,,,,,0
47131,71289,Grossulariaceae,Gooseberry Family,family,https://inaturalist-open-data.s3.amazonaws.com/photos/50463241/medium.jpg,,,,,,,,,,,0
47148,47132,Rosaceae,rose family,family,https://inaturalist-open-data.s3.amazonaws.com/photos/2066379/medium.JPG,,,,,,,,,,,0
47151,48151,Scrophulariaceae,figwort family,family,https://static.inaturalist.org/photos/55578/medium.jpg,,,,,,,,,,,0
47161,47162,Cyperaceae,Sedges,family,https://inaturalist-open-data.s3.amazonaws.com/photos/297489762/medium.jpg,,,,,,,,,,,0
47194,47195,Cornaceae,Dogwood family,family,https://inaturalist-open-data.s3.amazonaws.com/photos/79182213/medium.jpg,,,,,,,,,,,0
47204,71275,Brassicaceae,mustard family,family,https://inaturalist-open-data.s3.amazonaws.com/photos/17880512/medium.jpg,,,,,,,,,,,0
47217,47218,Orchidaceae,Orchids,family,https://inaturalist-open-data.s3.amazonaws.com/photos/108347006/medium.jpeg,,,,,,,,,,,0
47322,48151,Orobanchaceae,broomrape family,family,https://inaturalist-open-data.s3.amazonaws.com/photos/296991344/medium.jpeg,,,,,,,,,,,0
47328,47329,Liliaceae,lily family,family,https://inaturalist-open-data.s3.amazonaws.com/photos/4233595/medium.jpg,,,,,,,,,,,0
47332,48232,Papaveraceae,Poppy Family,family,https://inaturalist-open-data.s3.amazonaws.com/photos/178340187/medium.jpg,,,,,,,,,,,0
47362,47363,Apocynaceae,Dogbane Family,family,https://inaturalist-open-data.s3.amazonaws.com/photos/138510430/medium.jpeg,,,,,,,,,,,0
47365,47366,Portulacaceae,purslane family,family,https://inaturalist-open-data.s3.amazonaws.com/photos/68142546/medium.jpeg,,,,,,,,,,,0
47434,47162,Poaceae,Grasses,family,https://inaturalist-open-data.s3.amazonaws.com/photos/76692662/medium.jpg,,,,,,,,,,,0
47539,47540,Celastraceae,staff-vine family,family,https://inaturalist-open-data.s3.amazonaws.com/photos/244246545/medium.jpg,,,,,,,,,,,0
47555,47556,Taxus,yews,genus,https://inaturalist-open-data.s3.amazonaws.com/photos/8502/medium.jpg,,,,,,,,,,,0
47567,51820,Salicaceae,willow family,family,https://inaturalist-open-data.s3.amazonaws.com/photos/79452056/medium.jpeg,,,,,,,,,,,0
47599,47218,Asparagaceae,agave and allies,family,https://inaturalist-open-data.s3.amazonaws.com/photos/3721262/medium.JPG,,,,,,,,,,,0
47604,47605,Asteraceae,"Sunflowers, Daisies, Asters, and Allies",family,https://inaturalist-open-data.s3.amazonaws.com/photos/72961012/medium.jpg,,,,,,,,,,,0
47689,47690,Geraniaceae,Geranium family,family,https://static.inaturalist.org/photos/21874983/medium.jpeg,,,,,,,,,,,0
47693,47363,Rubiaceae,madder family,family,https://inaturalist-open-data.s3.amazonaws.com/photos/217150548/medium.jpeg,,,,,,,,,,,0
47733,48151,Oleaceae,olive family,family,https://inaturalist-open-data.s3.amazonaws.com/photos/7363/medium.jpg,,,,,,,,,,,0
47747,47748,Equisetaceae,horsetail family,family,https://inaturalist-open-data.s3.amazonaws.com/photos/50758026/medium.jpg,,,,,,,,,,,0
47759,70233,Oxalidaceae,Woodsorrel Family,family,https://inaturalist-open-data.s3.amazonaws.com/photos/95604542/medium.jpeg,,,,,,,,,,,0
47781,47218,Iridaceae,iris family,family,https://inaturalist-open-data.s3.amazonaws.com/photos/3777403/medium.jpg,,,,,,,,,,,0
47790,47791,Onagraceae,evening primrose family,family,https://inaturalist-open-data.s3.amazonaws.com/photos/16678238/medium.jpg,,,,,,,,,,,0
47852,47853,Fagaceae,beech family,family,https://inaturalist-open-data.s3.amazonaws.com/photos/281236060/medium.jpeg,,,,,,,,,,,0
47890,47181,Balsaminaceae,balsam family,family,https://inaturalist-open-data.s3.amazonaws.com/photos/160080301/medium.jpg,,,,,,,,,,,0
47903,47366,Cactaceae,cacti,family,https://inaturalist-open-data.s3.amazonaws.com/photos/13279984/medium.jpeg,,,,,,,,,,,0
48040,47605,Campanulaceae,bellflower family,family,https://inaturalist-open-data.s3.amazonaws.com/photos/2198759/medium.JPG,,,,,,,,,,,0
48064,47181,Primulaceae,primrose family,family,https://inaturalist-open-data.s3.amazonaws.com/photos/15229725/medium.jpeg,,,,,,,,,,,0
48072,48073,Alismataceae,Water-Plantain family,family,https://inaturalist-open-data.s3.amazonaws.com/photos/152256387/medium.jpeg,,,,,,,,,,,0
48150,523723,Boraginaceae,borage family,family,https://inaturalist-open-data.s3.amazonaws.com/photos/31342774/medium.jpg,,,,,,,,,,,0
48231,48232,Ranunculaceae,buttercup family,family,https://inaturalist-open-data.s3.amazonaws.com/photos/3063606/medium.jpg,,,,,,,,,,,0
48382,47366,Polygonaceae,knotweed family,family,https://inaturalist-open-data.s3.amazonaws.com/photos/6818849/medium.jpg,,,,,,,,,,,0
48386,71289,Saxifragaceae,saxifrage family,family,https://inaturalist-open-data.s3.amazonaws.com/photos/32017311/medium.jpeg,,,,,,,,,,,0
48516,48515,Solanaceae,nightshade family,family,https://static.inaturalist.org/photos/4608305/medium.jpeg,,,,,,,,,,,0
48527,48526,Caprifoliaceae,honeysuckle family,family,https://inaturalist-open-data.s3.amazonaws.com/photos/29884886/medium.jpg,,,,,,,,,,,0
48536,48073,Araceae,Arum Family,family,https://inaturalist-open-data.s3.amazonaws.com/photos/5700/medium.jpg,,,,,,,,,,,0
48567,47366,Caryophyllaceae,pink family,family,https://inaturalist-open-data.s3.amazonaws.com/photos/7017/medium.jpg,,,,,,,,,,,0
48620,71281,Cucurbitaceae,gourd family,family,https://inaturalist-open-data.s3.amazonaws.com/photos/44844817/medium.jpeg,,,,,,,,,,,0
48623,48151,Lamiaceae,Mint Family,family,https://static.inaturalist.org/photos/72305606/medium.jpg,,,,,,,,,,,0
48694,47162,Typhaceae,"bulrushes, cattails, and allies",family,https://inaturalist-open-data.s3.amazonaws.com/photos/33177903/medium.jpeg,,,,,,,,,,,0
48699,48700,Apiaceae,carrot family,family,https://inaturalist-open-data.s3.amazonaws.com/photos/8872/medium.jpg,,,,,,,,,,,0
48797,48796,Malvaceae,Mallow and Hibiscus Family,family,https://inaturalist-open-data.s3.amazonaws.com/photos/338212054/medium.jpg,,,,,,,,,,,0
48874,47729,Anacardiaceae,Cashew Family,family,https://inaturalist-open-data.s3.amazonaws.com/photos/56402931/medium.jpg,,,,,,,,,,,0
48932,47181,Polemoniaceae,phlox family,family,https://inaturalist-open-data.s3.amazonaws.com/photos/1215798/medium.,,,,,,,,,,,0
49035,47853,Myricaceae,wax trees and shrubs,family,https://inaturalist-open-data.s3.amazonaws.com/photos/16145/medium.jpg,,,,,,,,,,,0
49041,47132,Rhamnaceae,buckthorn family,family,https://inaturalist-open-data.s3.amazonaws.com/photos/80456202/medium.jpg,,,,,,,,,,,0
49155,47853,Betulaceae,birch family,family,https://static.inaturalist.org/photos/8119202/medium.jpg,,,,,,,,,,,0
49194,48151,Verbenaceae,Verbena Family,family,https://inaturalist-open-data.s3.amazonaws.com/photos/20278651/medium.jpg,,,,,,,,,,,0
49289,48232,Berberidaceae,barberry family,family,https://inaturalist-open-data.s3.amazonaws.com/photos/14991/medium.jpg,,,,,,,,,,,0
49464,47329,Melanthiaceae,"Herb-Paris, False Hellebores, Trilliums and allies",family,https://inaturalist-open-data.s3.amazonaws.com/photos/129437915/medium.jpg,,,,,,,,,,,0
50256,47366,Nyctaginaceae,four o'clock family,family,https://static.inaturalist.org/photos/22092835/medium.jpg,,,,,,,,,,,0
50279,71291,Vitaceae,Grape Family,family,https://inaturalist-open-data.s3.amazonaws.com/photos/13790902/medium.jpg,,,,,,,,,,,0
50313,48796,Thymelaeaceae,Stringbarks,family,https://inaturalist-open-data.s3.amazonaws.com/photos/11609675/medium.jpg,,,,,,,,,,,0
50318,71277,Buxaceae,boxwood family,family,https://inaturalist-open-data.s3.amazonaws.com/photos/120361496/medium.jpg,,,,,,,,,,,0
50361,48073,Hydrocharitaceae,tape-grass family,family,https://inaturalist-open-data.s3.amazonaws.com/photos/209371645/medium.jpg,,,,,,,,,,,0
50638,48151,Plantaginaceae,Plantain Family,family,https://inaturalist-open-data.s3.amazonaws.com/photos/11147978/medium.jpg,,,,,,,,,,,0
50828,51820,Violaceae,Violet Family,family,https://inaturalist-open-data.s3.amazonaws.com/photos/19508334/medium.jpeg,,,,,,,,,,,0
51121,51120,Nymphaeaceae,Waterlily Family,family,https://inaturalist-open-data.s3.amazonaws.com/photos/115591053/medium.jpeg,,,,,,,,,,,0
51304,47366,Tamaricaceae,tamarisk family,family,https://inaturalist-open-data.s3.amazonaws.com/photos/414553/medium.jpg,,,,,,,,,,,0
51308,51820,Linaceae,Flax Family,family,https://inaturalist-open-data.s3.amazonaws.com/photos/15494/medium.jpg,,,,,,,,,,,0
51337,71275,Limnanthaceae,meadowfoam family,family,https://inaturalist-open-data.s3.amazonaws.com/photos/27886/medium.jpg,,,,,,,,,,,0
51821,51820,Euphorbiaceae,Spurge Family,family,https://inaturalist-open-data.s3.amazonaws.com/photos/10222510/medium.jpg,,,,,,,,,,,0
51885,47132,Urticaceae,Nettle Family,family,https://inaturalist-open-data.s3.amazonaws.com/photos/60191852/medium.jpeg,,,,,,,,,,,0
51890,71289,Crassulaceae,stonecrop family,family,https://static.inaturalist.org/photos/76474024/medium.jpg,,,,,,,,,,,0
51937,47366,Droseraceae,Sundew Family,family,https://inaturalist-open-data.s3.amazonaws.com/photos/9788583/medium.jpg,,,,,,,,,,,0
52327,47366,Amaranthaceae,Amaranth family,family,https://inaturalist-open-data.s3.amazonaws.com/photos/107903812/medium.jpeg,,,,,,,,,,,0
52345,48515,Convolvulaceae,bindweed family,family,https://inaturalist-open-data.s3.amazonaws.com/photos/73482456/medium.jpg,,,,,,,,,,,0
52469,47195,Hydrangeaceae,hydrangea family,family,https://inaturalist-open-data.s3.amazonaws.com/photos/154345374/medium.jpeg,,,,,,,,,,,0
52615,48073,Zosteraceae,Seagrasses,family,https://inaturalist-open-data.s3.amazonaws.com/photos/170768896/medium.jpg,,,,,,,,,,,0
52642,47162,Juncaceae,Rushes and Allies,family,https://inaturalist-open-data.s3.amazonaws.com/photos/306524062/medium.jpg,,,,,,,,,,,0
52849,48700,Araliaceae,ivy family,family,https://inaturalist-open-data.s3.amazonaws.com/photos/8874/medium.jpg,,,,,,,,,,,0
52860,60244,Aristolochiaceae,birthwort family,family,https://inaturalist-open-data.s3.amazonaws.com/photos/29514907/medium.jpg,,,,,,,,,,,0
53548,47132,Ulmaceae,elm family,family,https://inaturalist-open-data.s3.amazonaws.com/photos/14642890/medium.jpg,,,,,,,,,,,0
53781,47132,Cannabaceae,Hackberry Family,family,https://inaturalist-open-data.s3.amazonaws.com/photos/37853509/medium.jpeg,,,,,,,,,,,0
53855,71272,Aquifoliaceae,holly family,family,https://static.inaturalist.org/photos/240827687/medium.jpg,,,,,,,,,,,0
54497,47853,Juglandaceae,walnut family,family,https://inaturalist-open-data.s3.amazonaws.com/photos/49858650/medium.jpeg,,,,,,,,,,,0
55329,55328,Ophioglossaceae,adder's-tongue family,family,https://inaturalist-open-data.s3.amazonaws.com/photos/111297641/medium.jpg,,,,,,,,,,,0
55849,47218,Amaryllidaceae,"amaryllis, onions, and allies",family,https://inaturalist-open-data.s3.amazonaws.com/photos/9537450/medium.jpeg,,,,,,,,,,,0
56235,47363,Gentianaceae,gentian family,family,https://inaturalist-open-data.s3.amazonaws.com/photos/200324833/medium.jpeg,,,,,,,,,,,0
57010,48796,Cistaceae,rock-rose family,family,https://inaturalist-open-data.s3.amazonaws.com/photos/1184992/medium.jpg,,,,,,,,,,,0
57279,47729,Simaroubaceae,Quassia Family,family,https://inaturalist-open-data.s3.amazonaws.com/photos/11856/medium.jpg,,,,,,,,,,,0
57860,48151,Lentibulariaceae,bladderwort family,family,https://inaturalist-open-data.s3.amazonaws.com/photos/11000816/medium.jpg,,,,,,,,,,,0
58321,47729,Sapindaceae,soapberry family,family,https://inaturalist-open-data.s3.amazonaws.com/photos/27342760/medium.jpeg,,,,,,,,,,,0
58771,58770,Selaginella,Spikemosses,genus,https://inaturalist-open-data.s3.amazonaws.com/photos/20479/medium.jpg,,,,,,,,,,,0
58935,47791,Lythraceae,lythrum family,family,https://inaturalist-open-data.s3.amazonaws.com/photos/176257719/medium.jpeg,,,,,,,,,,,0
59109,48073,Potamogetonaceae,pondweed family,family,https://inaturalist-open-data.s3.amazonaws.com/photos/102629371/medium.jpg,,,,,,,,,,,0
59992,49669,Santalaceae,sandalwood family,family,https://inaturalist-open-data.s3.amazonaws.com/photos/250082606/medium.jpg,,,,,,,,,,,0
60115,60114,Isoetes,quillworts,genus,https://inaturalist-open-data.s3.amazonaws.com/photos/191486211/medium.jpeg,,,,,,,,,,,0
60205,71289,Haloragaceae,water milfoil family,family,https://static.inaturalist.org/photos/227196307/medium.jpg,,,,,,,,,,,0
60266,48073,Juncaginaceae,Arrowgrass family,family,https://inaturalist-open-data.s3.amazonaws.com/photos/14177/medium.jpg,,,,,,,,,,,0
60463,48073,Butomaceae,flowering-rush family,family,https://inaturalist-open-data.s3.amazonaws.com/photos/283302/medium.jpg,,,,,,,,,,,0
60478,47366,Plumbaginaceae,plumbago family,family,https://static.inaturalist.org/photos/3926141/medium.jpg,,,,,,,,,,,0
60998,153070,Ceratophyllaceae,coontails,family,https://inaturalist-open-data.s3.amazonaws.com/photos/80184/medium.jpg,,,,,,,,,,,0
61091,48073,Ruppiaceae,widgeonweed family,family,https://inaturalist-open-data.s3.amazonaws.com/photos/13704943/medium.jpeg,,,,,,,,,,,0
62369,47605,Menyanthaceae,bogbean family,family,https://inaturalist-open-data.s3.amazonaws.com/photos/6099661/medium.jpg,,,,,,,,,,,0
64552,48151,Phrymaceae,lopseed family,family,https://inaturalist-open-data.s3.amazonaws.com/photos/396710558/medium.jpeg,,,,,,,,,,,0
64657,332905,Salviniaceae,water fern family,family,https://inaturalist-open-data.s3.amazonaws.com/photos/111298553/medium.jpg,,,,,,,,,,,0
64695,47132,Elaeagnaceae,oleaster family,family,https://inaturalist-open-data.s3.amazonaws.com/photos/20487/medium.jpg,,,,,,,,,,,0
71408,51120,Cabombaceae,fanwort family,family,https://inaturalist-open-data.s3.amazonaws.com/photos/219538333/medium.jpg,,,,,,,,,,,0
71412,51820,Hypericaceae,St. John's wort family,family,https://inaturalist-open-data.s3.amazonaws.com/photos/23343255/medium.jpg,,,,,,,,,,,0
71417,47366,Montiaceae,Pussypaw Family,family,https://inaturalist-open-data.s3.amazonaws.com/photos/48773246/medium.jpg,,,,,,,,,,,0
133387,47181,Ericaceae,heath family,family,https://static.inaturalist.org/photos/27053770/medium.jpg,,,,,,,,,,,0
781703,48526,Viburnaceae,elder family,family,https://static.inaturalist.org/photos/2419980/medium.jpg,,,,,,,,,,,0
47130,47131,Ribes,currants and gooseberries,genus,https://inaturalist-open-data.s3.amazonaws.com/photos/117502191/medium.jpeg,,,,,,,,,,,0
47193,47194,Cornus,dogwoods,genus,https://inaturalist-open-data.s3.amazonaws.com/photos/37787988/medium.jpeg,,,,,,,,,,,0
47538,47539,Euonymus,spindles,genus,https://static.inaturalist.org/photos/6358583/medium.jpg,,,,,,,,,,,0
47553,47555,Taxus baccata,common yew,species,https://inaturalist-open-data.s3.amazonaws.com/photos/8502/medium.jpg,Taxus baccata,species,confirmed,1,exotic,baccata,"","",accepted,1,0
47561,47562,Pinus,pines,genus,https://inaturalist-open-data.s3.amazonaws.com/photos/54643374/medium.jpeg,,,,,,,,,,,0
47566,47567,Populus,"poplars, cottonwoods, and aspens",genus,https://static.inaturalist.org/photos/369142208/medium.jpg,,,,,,,,,,,0
47574,47374,Juniperus,junipers,genus,https://inaturalist-open-data.s3.amazonaws.com/photos/222457266/medium.jpg,,,,,,,,,,,0
47620,47621,Lycopodium,ground and creeping clubmosses,genus,https://inaturalist-open-data.s3.amazonaws.com/photos/20805663/medium.jpg,,,,,,,,,,,0
47688,47689,Erodium,stork's-bills,genus,https://static.inaturalist.org/photos/3084700/medium.jpg,,,,,,,,,,,0
47701,47689,Geranium,geraniums and cranesbills,genus,https://inaturalist-open-data.s3.amazonaws.com/photos/402530865/medium.jpg,,,,,,,,,,,0
47727,58321,Acer,maples,genus,https://inaturalist-open-data.s3.amazonaws.com/photos/99147747/medium.jpg,,,,,,,,,,,0
47746,47747,Equisetum,horsetails,genus,https://inaturalist-open-data.s3.amazonaws.com/photos/67590226/medium.jpg,,,,,,,,,,,0
47753,47754,Dryopteridaceae,shieldfern family,family,https://static.inaturalist.org/photos/161285165/medium.jpg,,,,,,,,,,,0
47758,47759,Oxalis,Woodsorrels,genus,https://inaturalist-open-data.s3.amazonaws.com/photos/178040648/medium.jpg,,,,,,,,,,,0
47789,47790,Clarkia,Clarkias,genus,https://inaturalist-open-data.s3.amazonaws.com/photos/17563453/medium.jpeg,,,,,,,,,,,0
47851,47852,Quercus,oaks,genus,https://inaturalist-open-data.s3.amazonaws.com/photos/90880312/medium.jpg,,,,,,,,,,,0
47889,47890,Impatiens,balsams,genus,https://inaturalist-open-data.s3.amazonaws.com/photos/452662676/medium.jpeg,,,,,,,,,,,0
47933,47790,Circaea,enchanter's nightshades,genus,https://inaturalist-open-data.s3.amazonaws.com/photos/61135411/medium.jpg,,,,,,,,,,,0
48071,48072,Sagittaria,Arrowheads,genus,https://inaturalist-open-data.s3.amazonaws.com/photos/89848928/medium.jpg,,,,,,,,,,,0
48253,47374,Thuja,arborvitaes,genus,https://inaturalist-open-data.s3.amazonaws.com/photos/10015447/medium.jpg,,,,,,,,,,,0
48255,47562,Tsuga,hemlocks,genus,https://inaturalist-open-data.s3.amazonaws.com/photos/605983/medium.jpg,,,,,,,,,,,0
48257,47562,Pseudotsuga,Douglas-firs,genus,https://inaturalist-open-data.s3.amazonaws.com/photos/11770154/medium.jpeg,,,,,,,,,,,0
48434,47754,Blechnaceae,Chain Fern Family,family,https://inaturalist-open-data.s3.amazonaws.com/photos/190348520/medium.jpg,,,,,,,,,,,0
48437,47754,Pteridaceae,brake family,family,https://inaturalist-open-data.s3.amazonaws.com/photos/8305/medium.jpg,,,,,,,,,,,0
48626,47790,Oenothera,"evening primroses, sundrops, and beeblossoms",genus,https://inaturalist-open-data.s3.amazonaws.com/photos/485958131/medium.jpg,,,,,,,,,,,0
48686,48694,Typha,Cattails,genus,https://static.inaturalist.org/photos/640955/medium.jpg,,,,,,,,,,,0
48790,71417,Montia,Montias,genus,https://inaturalist-open-data.s3.amazonaws.com/photos/354073635/medium.jpg,,,,,,,,,,,0
49033,49035,Myrica,bog myrtles,genus,https://inaturalist-open-data.s3.amazonaws.com/photos/23231745/medium.jpg,,,,,,,,,,,0
49156,49155,Betula,birches,genus,https://inaturalist-open-data.s3.amazonaws.com/photos/6293507/medium.jpg,,,,,,,,,,,0
49187,47852,Castanea,Chestnuts,genus,https://inaturalist-open-data.s3.amazonaws.com/photos/162532253/medium.jpg,,,,,,,,,,,0
49912,71417,Calandrinia,"",genus,https://inaturalist-open-data.s3.amazonaws.com/photos/25658/medium.jpg,,,,,,,,,,,0
50255,50256,Abronia,sand verbenas,genus,https://inaturalist-open-data.s3.amazonaws.com/photos/53608231/medium.jpg,,,,,,,,,,,0
50280,50279,Parthenocissus,Virginia Creepers,genus,https://inaturalist-open-data.s3.amazonaws.com/photos/359475949/medium.jpg,,,,,,,,,,,0
50339,47790,Ludwigia,Primrose-willows,genus,https://inaturalist-open-data.s3.amazonaws.com/photos/56018181/medium.jpeg,,,,,,,,,,,0
50829,50828,Viola,Violets,genus,https://inaturalist-open-data.s3.amazonaws.com/photos/70802702/medium.jpg,,,,,,,,,,,0
50837,48932,Gilia,Gilias,genus,https://inaturalist-open-data.s3.amazonaws.com/photos/13672/medium.jpg,,,,,,,,,,,0
51122,51121,Nymphaea,Waterlilies,genus,https://inaturalist-open-data.s3.amazonaws.com/photos/8612205/medium.jpg,,,,,,,,,,,0
51305,51304,Tamarix,Tamarisks,genus,https://inaturalist-open-data.s3.amazonaws.com/photos/31521/medium.jpg,,,,,,,,,,,0
51338,51337,Limnanthes,Meadowfoams,genus,https://inaturalist-open-data.s3.amazonaws.com/photos/27886/medium.jpg,,,,,,,,,,,0
51935,51937,Drosera,Sundews,genus,https://inaturalist-open-data.s3.amazonaws.com/photos/61889240/medium.jpg,,,,,,,,,,,0
52470,52469,Philadelphus,mock oranges,genus,https://inaturalist-open-data.s3.amazonaws.com/photos/83023833/medium.jpeg,,,,,,,,,,,0
52616,52615,Zostera,Eelgrasses,genus,https://inaturalist-open-data.s3.amazonaws.com/photos/35524456/medium.jpg,,,,,,,,,,,0
52631,64657,Azolla,Mosquito Ferns,genus,https://inaturalist-open-data.s3.amazonaws.com/photos/35465064/medium.jpg,,,,,,,,,,,0
52643,52642,Juncus,Rushes,genus,https://inaturalist-open-data.s3.amazonaws.com/photos/403792468/medium.jpeg,,,,,,,,,,,0
52679,47754,Polypodiaceae,polypody family,family,https://inaturalist-open-data.s3.amazonaws.com/photos/8304/medium.jpg,,,,,,,,,,,0
52682,47754,Dennstaedtiaceae,bracken family,family,https://inaturalist-open-data.s3.amazonaws.com/photos/143677347/medium.jpeg,,,,,,,,,,,0
52689,781703,Sambucus,elders,genus,https://inaturalist-open-data.s3.amazonaws.com/photos/138654790/medium.jpeg,,,,,,,,,,,0
52942,48932,Navarretia,Pincushion plants,genus,https://static.inaturalist.org/photos/41009557/medium.jpeg,,,,,,,,,,,0
52972,47790,Epilobium,willowherbs,genus,https://inaturalist-open-data.s3.amazonaws.com/photos/148751902/medium.jpg,,,,,,,,,,,0
52995,71417,Claytonia,spring beauties,genus,https://inaturalist-open-data.s3.amazonaws.com/photos/8870/medium.jpg,,,,,,,,,,,0
52997,48932,Collomia,trumpets,genus,https://inaturalist-open-data.s3.amazonaws.com/photos/12790537/medium.jpeg,,,,,,,,,,,0
53350,58321,Aesculus,buckeyes and horse-chestnuts,genus,https://inaturalist-open-data.s3.amazonaws.com/photos/277035469/medium.jpg,,,,,,,,,,,0
53352,49155,Alnus,alders,genus,https://inaturalist-open-data.s3.amazonaws.com/photos/111091510/medium.jpg,,,,,,,,,,,0
53373,49155,Corylus,hazels,genus,https://inaturalist-open-data.s3.amazonaws.com/photos/158366483/medium.jpg,,,,,,,,,,,0
53453,47567,Salix,Willows,genus,https://inaturalist-open-data.s3.amazonaws.com/photos/11846/medium.jpg,,,,,,,,,,,0
53549,53548,Ulmus,elms,genus,https://inaturalist-open-data.s3.amazonaws.com/photos/233093151/medium.jpg,,,,,,,,,,,0
53782,53781,Humulus,Hops,genus,https://inaturalist-open-data.s3.amazonaws.com/photos/16500/medium.jpg,,,,,,,,,,,0
53854,53855,Ilex,hollies,genus,https://inaturalist-open-data.s3.amazonaws.com/photos/84984390/medium.jpg,,,,,,,,,,,0
54262,47562,Abies,firs,genus,https://inaturalist-open-data.s3.amazonaws.com/photos/108627343/medium.jpeg,,,,,,,,,,,0
54495,54497,Juglans,Walnuts,genus,https://inaturalist-open-data.s3.amazonaws.com/photos/340610/medium.jpg,,,,,,,,,,,0
54769,49155,Carpinus,hornbeams,genus,https://static.inaturalist.org/photos/2999193/medium.jpg,,,,,,,,,,,0
54774,781703,Viburnum,viburnums,genus,https://inaturalist-open-data.s3.amazonaws.com/photos/1089094/medium.JPG,,,,,,,,,,,0
54806,47733,Fraxinus,ashes,genus,https://inaturalist-open-data.s3.amazonaws.com/photos/74674308/medium.jpeg,,,,,,,,,,,0
55209,47555,Taxus brevifolia,Pacific yew,species,https://inaturalist-open-data.s3.amazonaws.com/photos/99338130/medium.jpeg,Taxus brevifolia,species,confirmed,1,native,brevifolia,"","",accepted,1,0
55796,52642,Luzula,woodrushes,genus,https://inaturalist-open-data.s3.amazonaws.com/photos/362795943/medium.jpg,,,,,,,,,,,0
56008,47790,Camissonia,"",genus,https://inaturalist-open-data.s3.amazonaws.com/photos/10203/medium.jpg,,,,,,,,,,,0
57280,57279,Ailanthus,ailanthuses,genus,https://inaturalist-open-data.s3.amazonaws.com/photos/100632055/medium.jpeg,,,,,,,,,,,0
57624,50361,Elodea,waterweeds,genus,https://inaturalist-open-data.s3.amazonaws.com/photos/57234967/medium.jpeg,,,,,,,,,,,0
57849,51121,Nuphar,yellow pond-lilies,genus,https://inaturalist-open-data.s3.amazonaws.com/photos/31258607/medium.jpeg,,,,,,,,,,,0
57861,57860,Utricularia,Bladderworts,genus,https://static.inaturalist.org/photos/48651143/medium.jpg,,,,,,,,,,,0
58937,58935,Lythrum,Lythrum Loosestrifes,genus,https://inaturalist-open-data.s3.amazonaws.com/photos/41847224/medium.jpeg,,,,,,,,,,,0
58971,48932,Leptosiphon,"",genus,https://inaturalist-open-data.s3.amazonaws.com/photos/12291/medium.jpg,,,,,,,,,,,0
58992,47365,Portulaca,purslanes,genus,https://inaturalist-open-data.s3.amazonaws.com/photos/179511327/medium.jpeg,,,,,,,,,,,0
59110,59109,Potamogeton,Pondweeds,genus,https://inaturalist-open-data.s3.amazonaws.com/photos/30550982/medium.jpg,,,,,,,,,,,0
59993,59992,Comandra,Comandras,genus,https://inaturalist-open-data.s3.amazonaws.com/photos/14050/medium.jpg,,,,,,,,,,,0
60207,60205,Myriophyllum,Milfoils,genus,https://inaturalist-open-data.s3.amazonaws.com/photos/265825659/medium.jpeg,,,,,,,,,,,0
60254,48072,Alisma,water-plantains,genus,https://inaturalist-open-data.s3.amazonaws.com/photos/93220613/medium.jpeg,,,,,,,,,,,0
60270,60266,Triglochin,Arrowgrasses,genus,https://inaturalist-open-data.s3.amazonaws.com/photos/59035806/medium.jpeg,,,,,,,,,,,0
60464,60463,Butomus,flowering-rushes,genus,https://inaturalist-open-data.s3.amazonaws.com/photos/458759061/medium.jpeg,,,,,,,,,,,0
60999,60998,Ceratophyllum,Hornworts,genus,https://inaturalist-open-data.s3.amazonaws.com/photos/80184/medium.jpg,,,,,,,,,,,0
61092,61091,Ruppia,widgeonweeds,genus,https://inaturalist-open-data.s3.amazonaws.com/photos/219507/medium.jpg,,,,,,,,,,,0
61117,48694,Sparganium,bur-reeds,genus,https://inaturalist-open-data.s3.amazonaws.com/photos/15187/medium.jpg,,,,,,,,,,,0
61215,48932,Microsteris,"",genus,https://inaturalist-open-data.s3.amazonaws.com/photos/117136991/medium.jpeg,,,,,,,,,,,0
61316,50313,Daphne,Daphnes,genus,https://inaturalist-open-data.s3.amazonaws.com/photos/55518212/medium.jpg,,,,,,,,,,,0
63573,47562,Picea,spruces,genus,https://inaturalist-open-data.s3.amazonaws.com/photos/10967638/medium.jpeg,,,,,,,,,,,0
63827,60115,Isoetes nuttallii,Nuttall's quillwort,species,https://inaturalist-open-data.s3.amazonaws.com/photos/184745293/medium.jpeg,Isoetes nuttallii,species,confirmed,1,native,nuttallii,"","",accepted,1,0
63875,58771,Selaginella wallacei,Wallace's spikemoss,species,https://inaturalist-open-data.s3.amazonaws.com/photos/78629207/medium.jpg,Selaginella wallacei,species,confirmed,1,native,wallacei,"","",accepted,1,0
63963,47539,Paxistima,Mountain-Lovers,genus,https://inaturalist-open-data.s3.amazonaws.com/photos/48990/medium.jpg,,,,,,,,,,,0
64322,57010,Cistus,Shrubby Rock-roses,genus,https://static.inaturalist.org/photos/186370547/medium.jpg,,,,,,,,,,,0
64662,47754,Aspleniaceae,spleenwort family,family,https://static.inaturalist.org/photos/92877566/medium.jpeg,,,,,,,,,,,0
69819,47733,Ligustrum,privets,genus,https://inaturalist-open-data.s3.amazonaws.com/photos/126520804/medium.jpeg,,,,,,,,,,,0
72020,71408,Brasenia,"",genus,https://inaturalist-open-data.s3.amazonaws.com/photos/422479/medium.jpg,,,,,,,,,,,0
72235,62369,Menyanthes,"",genus,https://inaturalist-open-data.s3.amazonaws.com/photos/6099661/medium.jpg,,,,,,,,,,,0
72249,50361,Najas,naiads,genus,https://static.inaturalist.org/photos/35036461/medium.jpg,,,,,,,,,,,0
72297,52615,Phyllospadix,surfgrasses,genus,https://inaturalist-open-data.s3.amazonaws.com/photos/83987/medium.JPG,,,,,,,,,,,0
72359,64695,Shepherdia,Buffaloberries,genus,https://inaturalist-open-data.s3.amazonaws.com/photos/82156678/medium.jpeg,,,,,,,,,,,0
82888,47733,Jasminum,jasmine,genus,https://static.inaturalist.org/photos/550743515/medium.jpg,,,,,,,,,,,0
123043,50361,Vallisneria,tapegrasses,genus,https://inaturalist-open-data.s3.amazonaws.com/photos/221042822/medium.jpeg,,,,,,,,,,,0
133386,47555,Taxus cuspidata,Japanese yew,species,https://inaturalist-open-data.s3.amazonaws.com/photos/12117252/medium.jpeg,Taxus cuspidata,species,confirmed,1,exotic,cuspidata,"","",accepted,1,0
133400,50318,Buxus,boxes,genus,https://inaturalist-open-data.s3.amazonaws.com/photos/221901/medium.jpg,,,,,,,,,,,0
137473,60115,Isoetes maritima,maritime quillwort,species,https://inaturalist-open-data.s3.amazonaws.com/photos/7831899/medium.jpg,Isoetes maritima,species,unconfirmed,1,native,maritima,"","",accepted,1,0.477
144238,60115,Isoetes tenella,spiny-spore quillwort,species,https://inaturalist-open-data.s3.amazonaws.com/photos/553075/medium.jpg,Isoetes tenella,species,unconfirmed,1,native,tenella,"","",accepted,1,0.384
204142,47621,Spinulum,"",genus,https://inaturalist-open-data.s3.amazonaws.com/photos/8761053/medium.jpeg,,,,,,,,,,,0
319976,64552,Erythranthe,monkeyflowers,genus,https://inaturalist-open-data.s3.amazonaws.com/photos/72061328/medium.jpeg,,,,,,,,,,,0
332916,47754,Cystopteridaceae,"",family,https://static.inaturalist.org/photos/45118360/medium.jpg,,,,,,,,,,,0
332930,47754,Athyriaceae,lady ferns and allies,family,https://inaturalist-open-data.s3.amazonaws.com/photos/506259/medium.jpg,,,,,,,,,,,0
564913,47790,Chamaenerion,fireweeds,genus,https://static.inaturalist.org/photos/4366320/medium.jpeg,,,,,,,,,,,0
47179,133387,Arctostaphylos,bearberries and manzanitas,genus,https://inaturalist-open-data.s3.amazonaws.com/photos/8370/medium.jpg,,,,,,,,,,,0
47324,50638,Collinsia,Blue-eyed Marys,genus,https://inaturalist-open-data.s3.amazonaws.com/photos/3543523/medium.JPG,,,,,,,,,,,0
47589,47217,Cypripedium,Hardy slipper orchids,genus,https://inaturalist-open-data.s3.amazonaws.com/photos/2696/medium.jpg,,,,,,,,,,,0
47892,47889,Impatiens glandulifera,Himalayan balsam,species,https://inaturalist-open-data.s3.amazonaws.com/photos/1204644/medium.,Impatiens glandulifera,species,confirmed,1,exotic,glandulifera,"","",accepted,1,0.012
48039,48040,Lobelia,Lobelias,genus,https://inaturalist-open-data.s3.amazonaws.com/photos/50470011/medium.jpg,,,,,,,,,,,0
48063,48064,Lysimachia,Loosestrifes,genus,https://inaturalist-open-data.s3.amazonaws.com/photos/24762031/medium.jpg,,,,,,,,,,,0
48245,48231,Aquilegia,columbines,genus,https://inaturalist-open-data.s3.amazonaws.com/photos/245963537/medium.jpg,,,,,,,,,,,0
48252,48253,Thuja plicata,western redcedar,species,https://inaturalist-open-data.s3.amazonaws.com/photos/7846522/medium.jpeg,Thuja plicata,species,confirmed,1,native,plicata,"","",accepted,1,0
48254,48255,Tsuga heterophylla,western hemlock,species,https://inaturalist-open-data.s3.amazonaws.com/photos/45391159/medium.jpg,Tsuga heterophylla,species,confirmed,1,native,heterophylla,"","",accepted,1,0
48385,48386,Heuchera,alumroots,genus,https://inaturalist-open-data.s3.amazonaws.com/photos/7665173/medium.jpg,,,,,,,,,,,0
48528,48527,Symphoricarpos,snowberries,genus,https://inaturalist-open-data.s3.amazonaws.com/photos/44050/medium.jpg,,,,,,,,,,,0
48596,48040,Campanula,bellflowers,genus,https://inaturalist-open-data.s3.amazonaws.com/photos/360354966/medium.jpg,,,,,,,,,,,0
48621,48620,Echinocystis,"",genus,https://inaturalist-open-data.s3.amazonaws.com/photos/15560/medium.jpg,,,,,,,,,,,0
48685,48686,Typha latifolia,broadleaf cattail,species,https://inaturalist-open-data.s3.amazonaws.com/photos/4280840/medium.jpeg,Typha latifolia,species,confirmed,1,native,latifolia,"","",accepted,1,0
48729,48536,Lysichiton,skunk cabbages,genus,https://static.inaturalist.org/photos/270505564/medium.jpg,,,,,,,,,,,0
49340,47322,Castilleja,Paintbrushes,genus,https://static.inaturalist.org/photos/342511568/medium.jpg,,,,,,,,,,,0
49347,48150,Phacelia,Scorpionweeds,genus,https://inaturalist-open-data.s3.amazonaws.com/photos/32535473/medium.jpg,,,,,,,,,,,0
49389,48567,Stellaria,chickweeds,genus,https://inaturalist-open-data.s3.amazonaws.com/photos/236995747/medium.jpg,,,,,,,,,,,0
49465,49464,Trillium,trilliums,genus,https://static.inaturalist.org/photos/15296295/medium.jpg,,,,,,,,,,,0
49478,133387,Monotropa,Indian pipes,genus,https://inaturalist-open-data.s3.amazonaws.com/photos/99737854/medium.jpeg,,,,,,,,,,,0
49650,49464,Toxicoscordion,Deathcamas,genus,https://inaturalist-open-data.s3.amazonaws.com/photos/1832/medium.jpg,,,,,,,,,,,0
49883,49156,Betula papyrifera,paper birch,species,https://static.inaturalist.org/photos/318921929/medium.jpeg,Betula papyrifera,species,confirmed,1,native,papyrifera,"","",accepted,1,0
50259,59992,Arceuthobium,Dwarf-Mistletoes,genus,https://inaturalist-open-data.s3.amazonaws.com/photos/9166/medium.jpg,,,,,,,,,,,0
50636,50638,Plantago,plantains,genus,https://inaturalist-open-data.s3.amazonaws.com/photos/31254943/medium.jpg,,,,,,,,,,,0
50646,47322,Orthocarpus,owl's-clovers,genus,https://inaturalist-open-data.s3.amazonaws.com/photos/24238/medium.jpg,,,,,,,,,,,0
50651,48150,Nemophila,baby blue eyes and allies,genus,https://inaturalist-open-data.s3.amazonaws.com/photos/4795045/medium.jpg,,,,,,,,,,,0
50791,50638,Linaria,Toadflaxes,genus,https://inaturalist-open-data.s3.amazonaws.com/photos/607688611/medium.jpg,,,,,,,,,,,0
50793,47322,Triphysaria,"",genus,https://inaturalist-open-data.s3.amazonaws.com/photos/185414246/medium.jpeg,,,,,,,,,,,0
50800,48386,Lithophragma,woodland stars,genus,https://inaturalist-open-data.s3.amazonaws.com/photos/6257/medium.jpg,,,,,,,,,,,0
50853,48567,Cerastium,Mouse-ear Chickweeds,genus,https://inaturalist-open-data.s3.amazonaws.com/photos/46801074/medium.jpeg,,,,,,,,,,,0
51047,133387,Arbutus,madrones,genus,https://inaturalist-open-data.s3.amazonaws.com/photos/335168998/medium.jpg,,,,,,,,,,,0
51072,47328,Prosartes,American fairybells,genus,https://inaturalist-open-data.s3.amazonaws.com/photos/7515240/medium.jpg,,,,,,,,,,,0
51079,48874,Toxicodendron,poison ivies and oaks,genus,https://inaturalist-open-data.s3.amazonaws.com/photos/64172688/medium.jpg,,,,,,,,,,,0
51086,47599,Triteleia,triplet lilies,genus,https://inaturalist-open-data.s3.amazonaws.com/photos/200077190/medium.jpg,,,,,,,,,,,0
51287,47322,Bellardia,"",genus,https://static.inaturalist.org/photos/22804828/medium.jpeg,,,,,,,,,,,0
51309,51308,Linum,Flaxes,genus,https://inaturalist-open-data.s3.amazonaws.com/photos/102736146/medium.jpeg,,,,,,,,,,,0
51611,50638,Veronica,speedwells,genus,https://static.inaturalist.org/photos/379019197/medium.jpeg,,,,,,,,,,,0
51644,48386,Tiarella,foamflowers,genus,https://inaturalist-open-data.s3.amazonaws.com/photos/32377/medium.jpg,,,,,,,,,,,0
51656,48386,Tellima,"",genus,https://inaturalist-open-data.s3.amazonaws.com/photos/6256/medium.jpg,,,,,,,,,,,0
51753,47599,Brodiaea,Brodiaeas,genus,https://inaturalist-open-data.s3.amazonaws.com/photos/11765/medium.jpg,,,,,,,,,,,0
51874,48527,Lonicera,honeysuckles,genus,https://inaturalist-open-data.s3.amazonaws.com/photos/120273217/medium.jpg,,,,,,,,,,,0
51886,51885,Urtica,nettles,genus,https://inaturalist-open-data.s3.amazonaws.com/photos/202182474/medium.jpeg,,,,,,,,,,,0
52117,133387,Pterospora,pinedrops,genus,https://static.inaturalist.org/photos/12953782/medium.jpg,,,,,,,,,,,0
52326,52327,Amaranthus,amaranths,genus,https://inaturalist-open-data.s3.amazonaws.com/photos/2592919/medium.jpg,,,,,,,,,,,0
52614,52616,Zostera marina,Eelgrass,species,https://inaturalist-open-data.s3.amazonaws.com/photos/407129386/medium.jpeg,Zostera marina,species,confirmed,1,native,marina,"","",accepted,1,0
52618,50255,Abronia latifolia,Yellow Sand Verbena,species,https://inaturalist-open-data.s3.amazonaws.com/photos/134163106/medium.jpg,Abronia latifolia,species,confirmed,1,native,latifolia,"","",accepted,1,0
52670,332930,Athyrium,lady ferns,genus,https://static.inaturalist.org/photos/55216721/medium.jpeg,,,,,,,,,,,0
52683,52682,Pteridium,brackens,genus,https://inaturalist-open-data.s3.amazonaws.com/photos/149174235/medium.jpeg,,,,,,,,,,,0
52686,48434,Woodwardia,chain ferns,genus,https://inaturalist-open-data.s3.amazonaws.com/photos/34686130/medium.jpg,,,,,,,,,,,0
52761,71412,Hypericum,St. John's worts,genus,https://inaturalist-open-data.s3.amazonaws.com/photos/72000734/medium.jpg,,,,,,,,,,,0
52861,52860,Asarum,wild gingers,genus,https://inaturalist-open-data.s3.amazonaws.com/photos/185816053/medium.jpeg,,,,,,,,,,,0
52996,52997,Collomia heterophylla,variableleaf collomia,species,https://inaturalist-open-data.s3.amazonaws.com/photos/270972938/medium.jpg,Collomia heterophylla,species,confirmed,1,native,heterophylla,"","",accepted,1,0
53030,48527,Dipsacus,teasels,genus,https://inaturalist-open-data.s3.amazonaws.com/photos/88464071/medium.jpg,,,,,,,,,,,0
53145,48620,Marah,Man-roots,genus,https://inaturalist-open-data.s3.amazonaws.com/photos/7720/medium.jpg,,,,,,,,,,,0
53157,52942,Navarretia squarrosa,Skunkweed,species,https://inaturalist-open-data.s3.amazonaws.com/photos/206639053/medium.jpg,Navarretia squarrosa,species,confirmed,1,native,squarrosa,"","",accepted,1,0.008
53300,48231,Thalictrum,meadow-rues,genus,https://inaturalist-open-data.s3.amazonaws.com/photos/320818137/medium.jpg,,,,,,,,,,,0
53303,48386,Tolmiea,piggyback plants and youth-on-ages,genus,https://inaturalist-open-data.s3.amazonaws.com/photos/6254/medium.jpg,,,,,,,,,,,0
53317,49194,Verbena,vervains,genus,https://static.inaturalist.org/photos/2037681/medium.jpg,,,,,,,,,,,0
53424,49041,Frangula,False-Buckthorns,genus,https://static.inaturalist.org/photos/18560465/medium.jpeg,,,,,,,,,,,0
53914,48623,Scutellaria,skullcaps,genus,https://inaturalist-open-data.s3.amazonaws.com/photos/81900020/medium.jpeg,,,,,,,,,,,0
53984,50638,Digitalis,Foxgloves,genus,https://inaturalist-open-data.s3.amazonaws.com/photos/229075348/medium.jpg,,,,,,,,,,,0
54491,53373,Corylus avellana,common hazel,species,https://inaturalist-open-data.s3.amazonaws.com/photos/249644515/medium.jpg,Corylus avellana,species,new,0,exotic,avellana,"","",accepted,1,0
54519,48536,Lemna,Duckweeds,genus,https://inaturalist-open-data.s3.amazonaws.com/photos/1934694/medium.jpg,,,,,,,,,,,0
55434,48386,Saxifraga,Saxifrages,genus,https://inaturalist-open-data.s3.amazonaws.com/photos/951633/medium.JPG,,,,,,,,,,,0
55677,48567,Sagina,pearlworts,genus,https://inaturalist-open-data.s3.amazonaws.com/photos/11491/medium.jpg,,,,,,,,,,,0
55714,48623,Teucrium,Woodsages,genus,https://static.inaturalist.org/photos/165031656/medium.jpg,,,,,,,,,,,0
55728,50638,Cymbalaria,Cancerworts,genus,https://inaturalist-open-data.s3.amazonaws.com/photos/31090428/medium.jpg,,,,,,,,,,,0
55731,48567,Spergularia,Sand-Spurries,genus,https://inaturalist-open-data.s3.amazonaws.com/photos/15788/medium.jpg,,,,,,,,,,,0
55754,48527,Valerianella,Cornsalads,genus,https://inaturalist-open-data.s3.amazonaws.com/photos/71484174/medium.jpg,,,,,,,,,,,0
55801,54769,Carpinus betulus,European Hornbeam,species,https://static.inaturalist.org/photos/46763976/medium.jpeg,Carpinus betulus,species,new,0,exotic,betulus,"","",accepted,1,0
55847,47538,Euonymus europaeus,Spindle,species,https://inaturalist-open-data.s3.amazonaws.com/photos/165386172/medium.jpeg,Euonymus europaeus,species,new,0,exotic,europaeus,"","",accepted,1,0
55869,48064,Cyclamen,Cyclamen,genus,https://inaturalist-open-data.s3.amazonaws.com/photos/185832249/medium.jpeg,,,,,,,,,,,0
55883,52849,Hedera,ivies,genus,https://inaturalist-open-data.s3.amazonaws.com/photos/63122305/medium.jpg,,,,,,,,,,,0
55968,48623,Galeopsis,Hempnettles,genus,https://inaturalist-open-data.s3.amazonaws.com/photos/30162184/medium.jpg,,,,,,,,,,,0
56011,51305,Tamarix parviflora,small-flowered tamarisk,species,https://inaturalist-open-data.s3.amazonaws.com/photos/363181277/medium.jpg,Tamarix parviflora,species,confirmed,1,exotic,parviflora,"","",accepted,1,0.031
56034,53352,Alnus rubra,Red Alder,species,https://inaturalist-open-data.s3.amazonaws.com/photos/50900970/medium.jpg,Alnus rubra,species,confirmed,1,native,rubra,"","",accepted,1,0
56161,48527,Valeriana,valerian,genus,https://inaturalist-open-data.s3.amazonaws.com/photos/217362813/medium.jpg,,,,,,,,,,,0
56165,47151,Verbascum,mulleins,genus,https://static.inaturalist.org/photos/21060503/medium.jpg,,,,,,,,,,,0
56932,52345,Cuscuta,dodders,genus,https://inaturalist-open-data.s3.amazonaws.com/photos/11821161/medium.jpg,,,,,,,,,,,0
57006,48567,Spergula,Spurreys,genus,https://inaturalist-open-data.s3.amazonaws.com/photos/268663417/medium.jpeg,,,,,,,,,,,0
57017,51890,Crassula,Stonecrops,genus,https://inaturalist-open-data.s3.amazonaws.com/photos/11354685/medium.jpg,,,,,,,,,,,0
57278,57280,Ailanthus altissima,tree-of-heaven,species,https://static.inaturalist.org/photos/21400202/medium.jpg,Ailanthus altissima,species,new,0,exotic,altissima,"","",accepted,1,0
57285,48527,Plectritis,"",genus,https://inaturalist-open-data.s3.amazonaws.com/photos/127587312/medium.jpeg,,,,,,,,,,,0
57286,48527,Centranthus,Valerian,genus,https://inaturalist-open-data.s3.amazonaws.com/photos/200045291/medium.jpeg,,,,,,,,,,,0
57857,48150,Romanzoffia,Mistmaidens,genus,https://inaturalist-open-data.s3.amazonaws.com/photos/12549/medium.jpg,,,,,,,,,,,0
57869,48536,Spirodela,greater duckweeds,genus,https://static.inaturalist.org/photos/53814500/medium.jpg,,,,,,,,,,,0
58096,50638,Callitriche,Water Starworts,genus,https://inaturalist-open-data.s3.amazonaws.com/photos/12831256/medium.jpeg,,,,,,,,,,,0
58216,56008,Camissonia contorta,plains evening primrose,species,https://inaturalist-open-data.s3.amazonaws.com/photos/215339300/medium.jpg,Camissonia contorta,species,confirmed,1,native,contorta,"","",accepted,1,0
58754,52631,Azolla filiculoides,water fern,species,https://inaturalist-open-data.s3.amazonaws.com/photos/107323237/medium.jpg,Azolla filiculoides,species,new,0,exotic,filiculoides,"","",accepted,1,0
58756,332916,Cystopteris,fragile ferns,genus,https://inaturalist-open-data.s3.amazonaws.com/photos/15453/medium.jpg,,,,,,,,,,,0
58869,48040,Githopsis,"",genus,https://inaturalist-open-data.s3.amazonaws.com/photos/13997/medium.jpg,,,,,,,,,,,0
58871,48040,Heterocodon,"",genus,https://inaturalist-open-data.s3.amazonaws.com/photos/142682/medium.jpg,,,,,,,,,,,0
58875,48567,Polycarpon,"",genus,https://inaturalist-open-data.s3.amazonaws.com/photos/44879384/medium.jpg,,,,,,,,,,,0
58990,48790,Montia fontana,blinks,species,https://inaturalist-open-data.s3.amazonaws.com/photos/6196397/medium.jpeg,Montia fontana,species,confirmed,1,native,fontana,"","",accepted,1,0
59107,59110,Potamogeton foliosus,leafy pondweed,species,https://inaturalist-open-data.s3.amazonaws.com/photos/228698317/medium.jpeg,Potamogeton foliosus,"",unconfirmed,1,native,foliosus,"","",accepted,1,0.237
60092,47322,Rhinanthus,Rattles,genus,https://inaturalist-open-data.s3.amazonaws.com/photos/282787425/medium.jpeg,,,,,,,,,,,0
60202,60207,Myriophyllum aquaticum,Parrot's feather,species,https://inaturalist-open-data.s3.amazonaws.com/photos/97979212/medium.jpeg,Myriophyllum aquaticum,species,new,0,exotic,aquaticum,"","",accepted,1,0
60225,52942,Navarretia intertexta,needleleaf navarretia,species,https://inaturalist-open-data.s3.amazonaws.com/photos/14185/medium.jpg,Navarretia intertexta,variety,confirmed,1,native,intertexta,"","",accepted,1,0.016
60250,50638,Gratiola,hedge-hyssops,genus,https://inaturalist-open-data.s3.amazonaws.com/photos/14242/medium.jpg,,,,,,,,,,,0
60253,60254,Alisma plantago-aquatica,European Water-plantain,species,https://inaturalist-open-data.s3.amazonaws.com/photos/83555577/medium.jpeg,Alisma plantago-aquatica,species,confirmed,1,exotic,plantago-aquatica,"","",accepted,1,0
60264,60270,Triglochin maritima,common arrowgrass,species,https://static.inaturalist.org/photos/291571459/medium.jpg,Triglochin maritima,species,confirmed,1,native,maritima,"","",accepted,1,0
60271,47599,Asparagus,Asparagus,genus,https://inaturalist-open-data.s3.amazonaws.com/photos/203493658/medium.jpeg,,,,,,,,,,,0
60316,48686,Typha angustifolia,narrow-leaved cattail,species,https://inaturalist-open-data.s3.amazonaws.com/photos/143259898/medium.jpeg,Typha angustifolia,species,new,0,exotic,angustifolia,"","",accepted,1,0
60369,133387,Pyrola,wintergreens,genus,https://inaturalist-open-data.s3.amazonaws.com/photos/310741308/medium.jpg,,,,,,,,,,,0
60462,60464,Butomus umbellatus,Flowering-rush,species,https://inaturalist-open-data.s3.amazonaws.com/photos/568917909/medium.jpg,Butomus umbellatus,species,new,0,exotic,umbellatus,"","",accepted,1,0.667
60479,60478,Armeria,Thrift,genus,https://static.inaturalist.org/photos/120960866/medium.jpg,,,,,,,,,,,0
60502,49464,Veratrum,false hellebores,genus,https://inaturalist-open-data.s3.amazonaws.com/photos/60127041/medium.jpg,,,,,,,,,,,0
60997,60999,Ceratophyllum demersum,coontail,species,https://inaturalist-open-data.s3.amazonaws.com/photos/193786804/medium.jpeg,Ceratophyllum demersum,species,confirmed,1,native,demersum,"","",accepted,1,0
61034,60207,Myriophyllum sibiricum,Siberian water-milfoil,species,https://inaturalist-open-data.s3.amazonaws.com/photos/49285117/medium.jpeg,Myriophyllum sibiricum,species,new,0,native,sibiricum,"","",accepted,1,0.833
61090,61092,Ruppia maritima,widgeongrass,species,https://inaturalist-open-data.s3.amazonaws.com/photos/4013248/medium.jpg,Ruppia maritima,species,confirmed,1,native,maritima,"","",accepted,1,0
61167,60254,Alisma triviale,northern water-plantain,species,https://inaturalist-open-data.s3.amazonaws.com/photos/15400/medium.jpg,Alisma triviale,species,new,0,native,triviale,"","",accepted,1,0.125
61210,61215,Microsteris gracilis,slender phlox,species,https://static.inaturalist.org/photos/40935891/medium.jpg,Microsteris gracilis,species,confirmed,1,native,gracilis,"","",accepted,1,0
61321,58937,Lythrum salicaria,purple loosestrife,species,https://static.inaturalist.org/photos/63744014/medium.jpeg,Lythrum salicaria,species,confirmed,1,exotic,salicaria,"","",accepted,1,0
61826,52643,Juncus occidentalis,western rush,species,https://inaturalist-open-data.s3.amazonaws.com/photos/513675817/medium.jpg,Juncus occidentalis,species,confirmed,1,exotic,occidentalis,"","",accepted,1,0
61871,52997,Collomia grandiflora,grand collomia,species,https://inaturalist-open-data.s3.amazonaws.com/photos/19322992/medium.jpg,Collomia grandiflora,species,confirmed,1,native,grandiflora,"","",accepted,1,0.008
61885,48567,Moehringia,Grove sandworts,genus,https://inaturalist-open-data.s3.amazonaws.com/photos/189167962/medium.jpeg,,,,,,,,,,,0
61936,48567,Scleranthus,Knawels,genus,https://inaturalist-open-data.s3.amazonaws.com/photos/16554/medium.jpg,,,,,,,,,,,0
62009,51122,Nymphaea alba,European White Waterlily,species,https://inaturalist-open-data.s3.amazonaws.com/photos/169681028/medium.jpeg,Nymphaea alba,species,new,0,exotic,alba,"","",accepted,1,0.143
62219,47599,Camassia,camas,genus,https://inaturalist-open-data.s3.amazonaws.com/photos/16966/medium.jpg,,,,,,,,,,,0
62223,52470,Philadelphus lewisii,Lewis' mock orange,species,https://static.inaturalist.org/photos/40363644/medium.jpg,Philadelphus lewisii,species,confirmed,1,native,lewisii,"","",accepted,1,0
62232,133387,Chimaphila,wintergreens,genus,https://inaturalist-open-data.s3.amazonaws.com/photos/2124482/medium.jpg,,,,,,,,,,,0
62482,133387,Allotropa,sugarsticks,genus,https://static.inaturalist.org/photos/43175281/medium.jpg,,,,,,,,,,,0
62575,61117,Sparganium emersum,unbranched bur-reed,species,https://static.inaturalist.org/photos/218395908/medium.jpg,Sparganium emersum,species,confirmed,1,native,emersum,"","",accepted,1,0
63054,332916,Gymnocarpium,oak ferns,genus,https://inaturalist-open-data.s3.amazonaws.com/photos/18388/medium.jpg,,,,,,,,,,,0
63137,48527,Linnaea,twinflowers,genus,https://inaturalist-open-data.s3.amazonaws.com/photos/18376/medium.jpg,,,,,,,,,,,0
63348,61117,Sparganium eurycarpum,big bur-reed,species,https://inaturalist-open-data.s3.amazonaws.com/photos/315248244/medium.jpg,Sparganium eurycarpum,species,unconfirmed,1,native,eurycarpum,"","",accepted,1,0.359
63893,63963,Paxistima myrsinites,Oregon Boxwood,species,https://inaturalist-open-data.s3.amazonaws.com/photos/170158626/medium.jpg,Paxistima myrsinites,species,confirmed,1,native,myrsinites,"","",accepted,1,0
63935,54495,Juglans regia,Persian walnut,species,https://inaturalist-open-data.s3.amazonaws.com/photos/146867462/medium.jpg,Juglans regia,species,confirmed,1,exotic,regia,"","",accepted,1,0.019
64192,50638,Kickxia,Cancerworts,genus,https://inaturalist-open-data.s3.amazonaws.com/photos/258649038/medium.jpeg,,,,,,,,,,,0
64245,58971,Leptosiphon bicolor,Bicolor Babystars,species,https://inaturalist-open-data.s3.amazonaws.com/photos/11826/medium.jpg,Leptosiphon bicolor,species,confirmed,1,native,bicolor,"","",accepted,1,0
64292,48040,Triodanis,Venus' Looking-Glasses,genus,https://static.inaturalist.org/photos/18153075/medium.jpg,,,,,,,,,,,0
64571,47151,Buddleja,butterfly bushes and allies,genus,https://inaturalist-open-data.s3.amazonaws.com/photos/34193/medium.jpg,,,,,,,,,,,0
68089,48255,Tsuga mertensiana,mountain hemlock,species,https://inaturalist-open-data.s3.amazonaws.com/photos/104023449/medium.jpg,Tsuga mertensiana,species,confirmed,1,native,mertensiana,"","",accepted,1,0.013
68131,63573,Picea sitchensis,Sitka spruce,species,https://static.inaturalist.org/photos/14402959/medium.jpg,Picea sitchensis,species,confirmed,1,native,sitchensis,"","",accepted,1,0
68214,48386,Boykinia,Brookfoams,genus,https://inaturalist-open-data.s3.amazonaws.com/photos/176599752/medium.jpeg,,,,,,,,,,,0
68866,52631,Azolla caroliniana,eastern mosquito fern,species,https://inaturalist-open-data.s3.amazonaws.com/photos/431403661/medium.jpeg,Azolla caroliniana,species,unconfirmed,1,exotic,caroliniana,"","",accepted,1,0.201
71982,48567,Arenaria,"",genus,https://inaturalist-open-data.s3.amazonaws.com/photos/182271813/medium.jpeg,,,,,,,,,,,0
71992,64662,Asplenium,Spleenworts,genus,https://inaturalist-open-data.s3.amazonaws.com/photos/93830925/medium.jpeg,,,,,,,,,,,0
72017,55329,Botrypus,"",genus,https://static.inaturalist.org/photos/68493574/medium.jpg,,,,,,,,,,,0
72066,48699,Conioselinum,hemlock-parsleys,genus,https://inaturalist-open-data.s3.amazonaws.com/photos/47674974/medium.jpeg,,,,,,,,,,,0
72177,50638,Hippuris,Mare's-Tails,genus,https://inaturalist-open-data.s3.amazonaws.com/photos/61662629/medium.jpeg,,,,,,,,,,,0
72180,48567,Holosteum,"",genus,https://inaturalist-open-data.s3.amazonaws.com/photos/262610977/medium.jpeg,,,,,,,,,,,0
72187,48150,Hydrophyllum,Waterleaves,genus,https://inaturalist-open-data.s3.amazonaws.com/photos/18937205/medium.jpg,,,,,,,,,,,0
72206,47322,Kopsiopsis,Groundcones,genus,https://inaturalist-open-data.s3.amazonaws.com/photos/109829/medium.jpg,,,,,,,,,,,0
72236,48386,Micranthes,Early saxifrages,genus,https://inaturalist-open-data.s3.amazonaws.com/photos/14510/medium.jpg,,,,,,,,,,,0
72240,48567,Moenchia,upright chickweed,genus,https://inaturalist-open-data.s3.amazonaws.com/photos/578064563/medium.jpg,,,,,,,,,,,0
72258,50638,Nothochelone,"",genus,https://inaturalist-open-data.s3.amazonaws.com/photos/1088586/medium.jpg,,,,,,,,,,,0
72270,133387,Orthilia,Nodding Wintergreens,genus,https://inaturalist-open-data.s3.amazonaws.com/photos/180648/medium.jpg,,,,,,,,,,,0
72380,47328,Streptopus,twisted-stalks,genus,https://inaturalist-open-data.s3.amazonaws.com/photos/38566187/medium.jpeg,,,,,,,,,,,0
72427,48536,Wolffia,watermeals,genus,https://inaturalist-open-data.s3.amazonaws.com/photos/61763269/medium.jpeg,,,,,,,,,,,0
75867,72020,Brasenia schreberi,Watershield,species,https://inaturalist-open-data.s3.amazonaws.com/photos/162378518/medium.jpeg,Brasenia schreberi,species,confirmed,1,native,schreberi,"","",accepted,1,0
76416,52997,Collomia linearis,narrow-leaf mountain trumpet,species,https://inaturalist-open-data.s3.amazonaws.com/photos/263158313/medium.jpeg,Collomia linearis,species,unconfirmed,1,native,linearis,"","",accepted,1,0.553
76793,57624,Elodea canadensis,Canadian Waterweed,species,https://inaturalist-open-data.s3.amazonaws.com/photos/144898011/medium.jpg,Elodea canadensis,species,confirmed,1,native,canadensis,"","",accepted,1,0
77553,52643,Juncus bolanderi,bolander's rush,species,https://inaturalist-open-data.s3.amazonaws.com/photos/42665398/medium.jpeg,Juncus bolanderi,species,confirmed,1,native,bolanderi,"","",accepted,1,0.017
77693,58971,Leptosiphon minimus,true babystars,species,https://inaturalist-open-data.s3.amazonaws.com/photos/439041540/medium.jpg,Leptosiphon minimus,species,new,0,native,minimus,"","",accepted,1,0.25
77914,47620,Lycopodium clavatum,stag's-horn clubmoss,species,https://static.inaturalist.org/photos/93549245/medium.jpg,Lycopodium clavatum var. integerrimum,"",unconfirmed,1,native,clavatum,"","",accepted,1,0.863
78016,72235,Menyanthes trifoliata,Bogbean,species,https://inaturalist-open-data.s3.amazonaws.com/photos/504446458/medium.jpg,Menyanthes trifoliata,species,new,0,native,trifoliata,"","",accepted,1,0.2
78119,48790,Montia dichotoma,Dwarf Montia,species,https://inaturalist-open-data.s3.amazonaws.com/photos/378990534/medium.jpeg,Montia dichotoma,species,confirmed,1,native,dichotoma,"","",accepted,1,0
78121,48790,Montia howellii,howell's montia,species,https://inaturalist-open-data.s3.amazonaws.com/photos/367019808/medium.jpeg,Montia howellii,species,confirmed,1,native,howellii,"","",accepted,1,0
78122,48790,Montia linearis,Narrow-leaved Montia,species,https://inaturalist-open-data.s3.amazonaws.com/photos/36411000/medium.jpeg,Montia linearis,species,confirmed,1,native,linearis,"","",accepted,1,0
78157,60207,Myriophyllum spicatum,Eurasian water-milfoil,species,https://inaturalist-open-data.s3.amazonaws.com/photos/51150740/medium.jpg,Myriophyllum spicatum,species,new,0,exotic,spicatum,"","",accepted,1,0.2
78158,60207,Myriophyllum verticillatum,whorled water-milfoil,species,https://inaturalist-open-data.s3.amazonaws.com/photos/221527089/medium.jpg,Myriophyllum verticillatum,species,unconfirmed,1,native,verticillatum,"","",accepted,1,0.352
78234,57849,Nuphar polysepala,western yellow pond-lily,species,https://static.inaturalist.org/photos/284389655/medium.jpeg,Nuphar polysepala,species,confirmed,1,native,polysepala,"","",accepted,1,0
78561,72297,Phyllospadix scouleri,Scouler's Surfgrass,species,https://inaturalist-open-data.s3.amazonaws.com/photos/126592018/medium.jpeg,Phyllospadix scouleri,species,confirmed,1,native,scouleri,"","",accepted,1,0
78562,72297,Phyllospadix torreyi,Torrey's Surfgrass,species,https://inaturalist-open-data.s3.amazonaws.com/photos/208275708/medium.jpg,Phyllospadix torreyi,species,new,0,native,torreyi,"","",accepted,1,0
78705,59110,Potamogeton amplifolius,Broad-leaved Pondweed,species,https://inaturalist-open-data.s3.amazonaws.com/photos/410147852/medium.jpeg,Potamogeton amplifolius,species,confirmed,1,native,amplifolius,"","",accepted,1,0
78706,59110,Potamogeton berchtoldii,Berchtold's pondweed,species,https://inaturalist-open-data.s3.amazonaws.com/photos/553138/medium.jpg,Potamogeton berchtoldii,variety,unconfirmed,1,native,berchtoldii,"","",accepted,1,0.324
78707,59110,Potamogeton crispus,Curly-leaf Pondweed,species,https://inaturalist-open-data.s3.amazonaws.com/photos/341749943/medium.jpeg,Potamogeton crispus,species,new,0,exotic,crispus,"","",accepted,1,0.667
78710,59110,Potamogeton gramineus,grass-leaved pondweed,species,https://inaturalist-open-data.s3.amazonaws.com/photos/222667137/medium.jpeg,Potamogeton gramineus,species,unconfirmed,1,native,gramineus,"","",accepted,1,0.907
78712,59110,Potamogeton natans,floating-leaved pondweed,species,https://inaturalist-open-data.s3.amazonaws.com/photos/416619931/medium.jpg,Potamogeton natans,species,confirmed,1,native,natans,"","",accepted,1,0.02
78713,59110,Potamogeton praelongus,white-stemmed pondweed,species,https://inaturalist-open-data.s3.amazonaws.com/photos/325486323/medium.jpeg,Potamogeton praelongus,species,confirmed,1,native,praelongus,"","",accepted,1,0.111
78714,59110,Potamogeton pusillus,small pondweed,species,https://inaturalist-open-data.s3.amazonaws.com/photos/303445809/medium.jpeg,Potamogeton pusillus,"",unconfirmed,1,native,pusillus,"","",accepted,1,0.266
78715,59110,Potamogeton richardsonii,Richardson's pondweed,species,https://static.inaturalist.org/photos/437376804/medium.jpeg,Potamogeton richardsonii,species,new,0,native,richardsonii,"","",accepted,1,0
78716,59110,Potamogeton robbinsii,robbins' pondweed,species,https://inaturalist-open-data.s3.amazonaws.com/photos/423805901/medium.jpeg,Potamogeton robbinsii,species,new,0,native,robbinsii,"","",accepted,1,0.333
78717,59110,Potamogeton zosteriformis,eel-grass pondweed,species,https://inaturalist-open-data.s3.amazonaws.com/photos/531318080/medium.jpg,Potamogeton zosteriformis,"",unconfirmed,1,native,zosteriformis,"","",accepted,1,0.266
78852,47130,Ribes bracteosum,Stink Currant,species,https://inaturalist-open-data.s3.amazonaws.com/photos/197349358/medium.jpg,Ribes bracteosum,species,confirmed,1,native,bracteosum,"","",accepted,1,0
78858,47130,Ribes lacustre,swamp currant,species,https://static.inaturalist.org/photos/377392354/medium.jpg,Ribes lacustre,species,confirmed,1,native,lacustre,"","",accepted,1,0
78861,47130,Ribes lobbii,gummy gooseberry,species,https://inaturalist-open-data.s3.amazonaws.com/photos/496459207/medium.jpeg,Ribes lobbii,species,confirmed,1,native,lobbii,"","",accepted,1,0
79072,72359,Shepherdia canadensis,Canadian buffalo-berry,species,https://inaturalist-open-data.s3.amazonaws.com/photos/1972996/medium.jpg,Shepherdia canadensis,species,confirmed,1,native,canadensis,"","",accepted,1,0
79161,61117,Sparganium angustifolium,Narrow-leaved Bur-reed,species,https://inaturalist-open-data.s3.amazonaws.com/photos/34187128/medium.jpeg,Sparganium angustifolium,species,unconfirmed,1,native,angustifolium,"","",accepted,1,0.331
79162,61117,Sparganium natans,Small Bur-reed,species,https://inaturalist-open-data.s3.amazonaws.com/photos/555429/medium.jpeg,Sparganium natans,species,confirmed,1,native,natans,"","",accepted,1,0.093
79437,60270,Triglochin scilloides,flowering-quillwort,species,https://inaturalist-open-data.s3.amazonaws.com/photos/63745540/medium.jpg,Triglochin scilloides,"",unconfirmed,1,native,scilloides,"","",accepted,1,0.863
79558,52616,Zostera japonica,Japanese Eelgrass,species,https://inaturalist-open-data.s3.amazonaws.com/photos/47312791/medium.jpeg,Nanozostera japonica,species,new,0,exotic,japonica,"","",unaccepted,1,0
82203,49033,Myrica gale,bog myrtle,species,https://inaturalist-open-data.s3.amazonaws.com/photos/92015224/medium.jpeg,Myrica gale,species,new,0,native,gale,"","",accepted,1,0
83915,52849,Oplopanax,Devil's Clubs and Walking Sticks,genus,https://static.inaturalist.org/photos/93922262/medium.jpg,,,,,,,,,,,0
83992,49156,Betula pendula,silver birch,species,https://inaturalist-open-data.s3.amazonaws.com/photos/36257611/medium.jpeg,Betula pendula,species,confirmed,1,exotic,pendula,"","",accepted,1,0
84298,53350,Aesculus hippocastanum,horse-chestnut,species,https://static.inaturalist.org/photos/288506278/medium.jpeg,Aesculus hippocastanum,species,new,0,exotic,hippocastanum,"","",accepted,1,0
119805,69819,Ligustrum vulgare,Common Privet,species,https://inaturalist-open-data.s3.amazonaws.com/photos/291303580/medium.jpg,Ligustrum vulgare,species,confirmed,1,exotic,vulgare,"","",accepted,1,0
121763,49187,Castanea sativa,Sweet Chestnut,species,https://static.inaturalist.org/photos/12739074/medium.jpg,Castanea sativa,species,confirmed,1,exotic,sativa,"","",accepted,1,0
123050,123043,Vallisneria americana,American eelgrass,species,https://inaturalist-open-data.s3.amazonaws.com/photos/221042773/medium.jpeg,Vallisneria americana,species,confirmed,1,exotic,americana,"","",accepted,1,0.037
127391,61316,Daphne laureola,Spurge-laurel,species,https://static.inaturalist.org/photos/120446955/medium.jpeg,Daphne laureola,species,confirmed,1,exotic,laureola,"","",accepted,1,0
129449,48567,Honckenya,"",genus,https://inaturalist-open-data.s3.amazonaws.com/photos/126292/medium.jpg,,,,,,,,,,,0
133034,61316,Daphne mezereum,Mezereon,species,https://inaturalist-open-data.s3.amazonaws.com/photos/76021443/medium.jpeg,Daphne mezereum,species,new,0,exotic,mezereum,"","",accepted,1,0.029
133397,133400,Buxus sempervirens,common box,species,https://static.inaturalist.org/photos/43384449/medium.jpeg,Buxus sempervirens,species,confirmed,1,exotic,sempervirens,"","",accepted,1,0.051
159231,49156,Betula pumila,swamp birch,species,https://inaturalist-open-data.s3.amazonaws.com/photos/19558503/medium.jpg,Betula pumila,species,unconfirmed,1,native,pumila,"","",accepted,1,0.38
160354,60999,Ceratophyllum echinatum,spineless hornwort,species,https://inaturalist-open-data.s3.amazonaws.com/photos/44783367/medium.jpeg,Ceratophyllum echinatum,species,unconfirmed,1,native,echinatum,"","",accepted,1,0.741
164232,82888,Jasminum nudiflorum,Winter jasmine,species,https://inaturalist-open-data.s3.amazonaws.com/photos/361222488/medium.jpeg,Jasminum nudiflorum,species,new,0,exotic,nudiflorum,"","",accepted,1,0
166162,50280,Parthenocissus tricuspidata,Japanese creeper,species,https://inaturalist-open-data.s3.amazonaws.com/photos/161427647/medium.jpeg,Parthenocissus tricuspidata,species,new,0,exotic,tricuspidata,"","",accepted,1,0
166761,72297,Phyllospadix serrulatus,Serrulate Surfgrass,species,https://inaturalist-open-data.s3.amazonaws.com/photos/30513420/medium.jpg,Phyllospadix serrulatus,species,unconfirmed,1,native,serrulatus,"","",accepted,1,0.569
167322,59110,Potamogeton friesii,Fries' Pondweed,species,https://inaturalist-open-data.s3.amazonaws.com/photos/63400898/medium.jpeg,Potamogeton friesii,species,unconfirmed,1,native,friesii,"","",accepted,1,0.889
167326,59110,Potamogeton obtusifolius,Bluntleaf Pondweed,species,https://inaturalist-open-data.s3.amazonaws.com/photos/14784587/medium.jpeg,Potamogeton obtusifolius,species,unconfirmed,1,native,obtusifolius,"","",accepted,1,0.331
181602,51338,Limnanthes macounii,Macoun's Meadowfoam,species,https://inaturalist-open-data.s3.amazonaws.com/photos/1876980/medium.jpg,Limnanthes macounii,species,confirmed,1,native,macounii,"","",accepted,1,0
181686,48686,Typha × glauca,hybrid cattail,hybrid,https://inaturalist-open-data.s3.amazonaws.com/photos/4406572/medium.jpg,Typha × glauca,hybrid,new,0,unknown,"","","",accepted,1,0.5
204168,204142,Spinulum annotinum,interrupted clubmoss,species,https://inaturalist-open-data.s3.amazonaws.com/photos/109534368/medium.jpg,Spinulum annotinum,"","",0,native,annotinum,"","",accepted,1,0
273241,47322,Aphyllon,"",genus,https://inaturalist-open-data.s3.amazonaws.com/photos/187928351/medium.jpg,,,,,,,,,,,0
489052,48434,Struthiopteris,"",genus,https://static.inaturalist.org/photos/24694544/medium.jpeg,,,,,,,,,,,0
489239,49912,Calandrinia ciliata,fringed redmaids,species,https://inaturalist-open-data.s3.amazonaws.com/photos/2001/medium.jpg,Calandrinia ciliata,species,confirmed,1,native,ciliata,"","",accepted,1,0
514665,48567,Sabulina,"",genus,https://inaturalist-open-data.s3.amazonaws.com/photos/7833998/medium.jpeg,,,,,,,,,,,0
851026,55329,Sceptridium,grapeferns,genus,https://inaturalist-open-data.s3.amazonaws.com/photos/11889881/medium.jpg,,,,,,,,,,,0
1424141,48386,Brewerimitella,Brewer's and coastal miterworts,genus,https://inaturalist-open-data.s3.amazonaws.com/photos/43675573/medium.jpeg,,,,,,,,,,,0
1424152,48386,Pectiantia,alpine miterworts,genus,https://inaturalist-open-data.s3.amazonaws.com/photos/247026179/medium.jpeg,,,,,,,,,,,0
1555600,57624,Elodea densa,Brazilian elodea,species,https://inaturalist-open-data.s3.amazonaws.com/photos/55527815/medium.jpeg,Egeria densa,species,confirmed,1,exotic,densa,"","",unaccepted,1,0.137
47121,47122,Lupinus,lupines,genus,https://inaturalist-open-data.s3.amazonaws.com/photos/249761150/medium.jpeg,,,,,,,,,,,0
47160,47161,Schoenoplectus,Schoenoplectus Bulrushes,genus,https://inaturalist-open-data.s3.amazonaws.com/photos/25906839/medium.jpg,,,,,,,,,,,0
47192,47193,Cornus canadensis,Canadian bunchberry,species,https://inaturalist-open-data.s3.amazonaws.com/photos/3251560/medium.JPG,Cornus canadensis,species,new,0,native,canadensis,"","",accepted,1,0.8
47351,47148,Prunus,"plums, cherries, and allies",genus,https://inaturalist-open-data.s3.amazonaws.com/photos/93584919/medium.jpg,,,,,,,,,,,0
47357,55849,Allium,onions,genus,https://inaturalist-open-data.s3.amazonaws.com/photos/13632/medium.jpg,,,,,,,,,,,0
47407,47122,Genista,Brooms,genus,https://inaturalist-open-data.s3.amazonaws.com/photos/40488511/medium.jpeg,,,,,,,,,,,0
47436,47122,Lotus,bird's-foot trefoils,genus,https://inaturalist-open-data.s3.amazonaws.com/photos/82867006/medium.jpg,,,,,,,,,,,0
47544,47148,Rubus,brambles,genus,https://inaturalist-open-data.s3.amazonaws.com/photos/1148035/medium.JPG,,,,,,,,,,,0
47565,47566,Populus nigra,Black Poplar,species,https://inaturalist-open-data.s3.amazonaws.com/photos/259215781/medium.jpg,Populus nigra,species,new,0,exotic,nigra,"","",accepted,1,0
47687,47688,Erodium cicutarium,Redstem Stork's-bill,species,https://static.inaturalist.org/photos/181611272/medium.jpeg,Erodium cicutarium ssp. cicutarium,complex,confirmed,1,exotic,cicutarium,"","",unaccepted,1,0
47692,47693,Sherardia,"",genus,https://inaturalist-open-data.s3.amazonaws.com/photos/11845/medium.jpg,,,,,,,,,,,0
47752,47753,Polystichum,shield ferns,genus,https://inaturalist-open-data.s3.amazonaws.com/photos/887917/medium.jpeg,,,,,,,,,,,0
47780,47781,Iris,Irises,genus,https://inaturalist-open-data.s3.amazonaws.com/photos/58969251/medium.jpeg,,,,,,,,,,,0
47902,47903,Opuntia,Prickly Pears,genus,https://inaturalist-open-data.s3.amazonaws.com/photos/120515573/medium.jpeg,,,,,,,,,,,0
48226,47332,Eschscholzia,Desert Poppies,genus,https://inaturalist-open-data.s3.amazonaws.com/photos/1609553/medium.JPG,,,,,,,,,,,0
48227,47727,Acer macrophyllum,bigleaf maple,species,https://inaturalist-open-data.s3.amazonaws.com/photos/192704132/medium.jpeg,Acer macrophyllum,species,confirmed,1,native,macrophyllum,"","",accepted,1,0
48230,48231,Ranunculus,buttercups,genus,https://inaturalist-open-data.s3.amazonaws.com/photos/53566757/medium.jpeg,,,,,,,,,,,0
48241,47328,Erythronium,fawn lilies,genus,https://inaturalist-open-data.s3.amazonaws.com/photos/14234311/medium.jpg,,,,,,,,,,,0
48353,133387,Vaccinium,"blueberries, cranberries, and allies",genus,https://inaturalist-open-data.s3.amazonaws.com/photos/56288/medium.jpg,,,,,,,,,,,0
48436,48437,Adiantum,maidenhair ferns,genus,https://inaturalist-open-data.s3.amazonaws.com/photos/42065251/medium.jpeg,,,,,,,,,,,0
48439,52327,Chenopodium,Goosefoots,genus,https://inaturalist-open-data.s3.amazonaws.com/photos/84485453/medium.jpeg,,,,,,,,,,,0
48442,133387,Gaultheria,wintergreens,genus,https://inaturalist-open-data.s3.amazonaws.com/photos/122726974/medium.jpeg,,,,,,,,,,,0
48493,48231,Delphinium,larkspurs,genus,https://inaturalist-open-data.s3.amazonaws.com/photos/261142549/medium.jpg,,,,,,,,,,,0
48523,48528,Symphoricarpos albus,Common Snowberry,species,https://inaturalist-open-data.s3.amazonaws.com/photos/293373777/medium.jpg,Symphoricarpos albus,species,confirmed,1,native,albus,"","",accepted,1,0
48537,48729,Lysichiton americanus,western skunk cabbage,species,https://static.inaturalist.org/photos/107900/medium.jpg,Lysichiton americanus,species,confirmed,1,native,americanus,"","",accepted,1,0
48539,47122,Cytisus,brooms,genus,https://inaturalist-open-data.s3.amazonaws.com/photos/1179457/medium.jpg,,,,,,,,,,,0
48571,47161,Carex,true sedges,genus,https://inaturalist-open-data.s3.amazonaws.com/photos/18432491/medium.jpeg,,,,,,,,,,,0
48582,47148,Sorbus,Rowans and Mountain Ashes,genus,https://inaturalist-open-data.s3.amazonaws.com/photos/327388047/medium.jpg,,,,,,,,,,,0
48618,48621,Echinocystis lobata,prickly cucumber,species,https://inaturalist-open-data.s3.amazonaws.com/photos/4666634/medium.jpg,Echinocystis lobata,species,unconfirmed,1,exotic,lobata,"","",accepted,1,0.741
48681,47148,Spiraea,meadowsweets,genus,https://inaturalist-open-data.s3.amazonaws.com/photos/20524813/medium.jpeg,,,,,,,,,,,0
48798,48797,Sidalcea,Checkerblooms,genus,https://inaturalist-open-data.s3.amazonaws.com/photos/7333/medium.jpg,,,,,,,,,,,0
48928,47328,Lilium,true lilies,genus,https://inaturalist-open-data.s3.amazonaws.com/photos/210060579/medium.jpg,,,,,,,,,,,0
48943,48516,Datura,Devil's Trumpets,genus,https://inaturalist-open-data.s3.amazonaws.com/photos/174525717/medium.jpeg,,,,,,,,,,,0
49131,48150,Myosotis,Forget-me-nots,genus,https://inaturalist-open-data.s3.amazonaws.com/photos/11134304/medium.jpg,,,,,,,,,,,0
49139,48150,Plagiobothrys,Popcornflowers,genus,https://inaturalist-open-data.s3.amazonaws.com/photos/63049540/medium.jpg,,,,,,,,,,,0
49140,48150,Amsinckia,Fiddlenecks,genus,https://inaturalist-open-data.s3.amazonaws.com/photos/259439469/medium.jpg,,,,,,,,,,,0
49149,47599,Scilla,Squills,genus,https://inaturalist-open-data.s3.amazonaws.com/photos/114184611/medium.jpeg,,,,,,,,,,,0
49230,47148,Amelanchier,serviceberries,genus,https://inaturalist-open-data.s3.amazonaws.com/photos/47463/medium.jpg,,,,,,,,,,,0
49341,49340,Castilleja attenuata,valley tassels,species,https://inaturalist-open-data.s3.amazonaws.com/photos/280434527/medium.jpg,Castilleja attenuata,species,confirmed,1,native,attenuata,"","",accepted,1,0
49370,47122,Astragalus,milkvetches,genus,https://inaturalist-open-data.s3.amazonaws.com/photos/314599137/medium.jpg,,,,,,,,,,,0
49371,47161,Scirpus,Scirpus Bulrushes,genus,https://inaturalist-open-data.s3.amazonaws.com/photos/12835/medium.jpg,,,,,,,,,,,0
49398,133387,Kalmia,mountain-laurels,genus,https://inaturalist-open-data.s3.amazonaws.com/photos/241052591/medium.jpg,,,,,,,,,,,0
49477,49478,Monotropa uniflora,Ghost Pipe,species,https://inaturalist-open-data.s3.amazonaws.com/photos/4319833/medium.jpeg,Monotropa uniflora,species,confirmed,1,native,uniflora,"","",accepted,1,0
49487,133387,Rhododendron,rhododendrons and azaleas,genus,https://static.inaturalist.org/photos/132769155/medium.jpg,,,,,,,,,,,0
49869,48231,Caltha,"",genus,https://inaturalist-open-data.s3.amazonaws.com/photos/3274593/medium.jpg,,,,,,,,,,,0
49871,48231,Actaea,baneberries and cohoshes,genus,https://inaturalist-open-data.s3.amazonaws.com/photos/41899028/medium.jpeg,,,,,,,,,,,0
49877,48231,Clematis,Clematis and leatherflowers,genus,https://inaturalist-open-data.s3.amazonaws.com/photos/25083605/medium.jpeg,,,,,,,,,,,0
49917,47781,Sisyrinchium,blue-eyed grasses,genus,https://inaturalist-open-data.s3.amazonaws.com/photos/27294024/medium.jpg,,,,,,,,,,,0
50204,47604,Bidens,Beggarticks,genus,https://inaturalist-open-data.s3.amazonaws.com/photos/78688129/medium.jpg,,,,,,,,,,,0
50249,47599,Maianthemum,mayflowers and false Solomon's seals,genus,https://inaturalist-open-data.s3.amazonaws.com/photos/80170/medium.jpg,,,,,,,,,,,0
50321,47122,Lathyrus,sweet peas and vetchlings,genus,https://inaturalist-open-data.s3.amazonaws.com/photos/91675201/medium.jpg,,,,,,,,,,,0
50619,47328,Fritillaria,Fritillaries,genus,https://inaturalist-open-data.s3.amazonaws.com/photos/6272/medium.jpg,,,,,,,,,,,0
50641,48516,Solanum,nightshades,genus,https://static.inaturalist.org/photos/5299629/medium.jpeg,,,,,,,,,,,0
50842,47122,Hosackia,"",genus,https://inaturalist-open-data.s3.amazonaws.com/photos/75764305/medium.jpeg,,,,,,,,,,,0
50921,47599,Muscari,Grape hyacinths,genus,https://inaturalist-open-data.s3.amazonaws.com/photos/49812279/medium.jpeg,,,,,,,,,,,0
51046,51047,Arbutus menziesii,Pacific madrone,species,https://inaturalist-open-data.s3.amazonaws.com/photos/8268086/medium.jpg,Arbutus menziesii,species,confirmed,1,native,menziesii,"","",accepted,1,0
51051,47332,Dicentra,Bleedinghearts,genus,https://static.inaturalist.org/photos/118018578/medium.jpg,,,,,,,,,,,0
51071,51072,Prosartes hookeri,Hooker's fairybells,species,https://inaturalist-open-data.s3.amazonaws.com/photos/192085359/medium.jpg,Prosartes hookeri,species,confirmed,1,native,hookeri,"","",accepted,1,0
51080,51079,Toxicodendron diversilobum,Pacific poison oak,species,https://static.inaturalist.org/photos/14897857/medium.jpeg,Toxicodendron diversilobum,species,confirmed,1,native,diversilobum,"","",accepted,1,0
51123,51122,Nymphaea odorata odorata,"",subspecies,https://inaturalist-open-data.s3.amazonaws.com/photos/778406/medium.jpg,Nymphaea odorata ssp. odorata,species,confirmed,1,exotic,odorata,Nymphaea odorata odorata,"",accepted,1,0.028
51148,47148,Crataegus,hawthorns,genus,https://inaturalist-open-data.s3.amazonaws.com/photos/76382616/medium.jpg,,,,,,,,,,,0
51229,48623,Stachys,Hedgenettles,genus,https://inaturalist-open-data.s3.amazonaws.com/photos/45199648/medium.jpeg,,,,,,,,,,,0
51607,55849,Galanthus,snowdrops,genus,https://inaturalist-open-data.s3.amazonaws.com/photos/112148867/medium.jpg,,,,,,,,,,,0
51609,48536,Arum,arum lilies,genus,https://static.inaturalist.org/photos/34006744/medium.jpeg,,,,,,,,,,,0
51643,51644,Tiarella trifoliata,Threeleaf Foamflower,species,https://static.inaturalist.org/photos/134451247/medium.jpeg,Tiarella trifoliata,species,confirmed,1,native,trifoliata,"","",accepted,1,0
51655,51656,Tellima grandiflora,fringe cups,species,https://inaturalist-open-data.s3.amazonaws.com/photos/143999155/medium.jpg,Tellima grandiflora,species,confirmed,1,native,grandiflora,"","",accepted,1,0
51694,48150,Cryptantha,Annual Cryptanthas,genus,https://static.inaturalist.org/photos/6720361/medium.jpg,,,,,,,,,,,0
51742,48699,Aegopodium,"",genus,https://inaturalist-open-data.s3.amazonaws.com/photos/119193/medium.jpg,,,,,,,,,,,0
51811,47122,Laburnum,Laburnums,genus,https://inaturalist-open-data.s3.amazonaws.com/photos/12186994/medium.jpg,,,,,,,,,,,0
51876,47122,Trifolium,clovers,genus,https://static.inaturalist.org/photos/187688592/medium.jpg,,,,,,,,,,,0
52118,52117,Pterospora andromedea,woodland pinedrops,species,https://inaturalist-open-data.s3.amazonaws.com/photos/113501396/medium.jpeg,Pterospora andromedea,species,confirmed,1,native,andromedea,"","",accepted,1,0.047
52195,48567,Silene,Catchflies,genus,https://inaturalist-open-data.s3.amazonaws.com/photos/9522/medium.jpg,,,,,,,,,,,0
52472,47122,Vicia,Vetches,genus,https://inaturalist-open-data.s3.amazonaws.com/photos/51639903/medium.jpg,,,,,,,,,,,0
52504,47332,Papaver,Poppies,genus,https://static.inaturalist.org/photos/18288854/medium.jpg,,,,,,,,,,,0
52617,52327,Salicornia,pickleweeds,genus,https://inaturalist-open-data.s3.amazonaws.com/photos/2774880/medium.JPG,,,,,,,,,,,0
52672,47753,Dryopteris,wood ferns,genus,https://inaturalist-open-data.s3.amazonaws.com/photos/133824012/medium.jpg,,,,,,,,,,,0
52677,48437,Pentagramma,"",genus,https://inaturalist-open-data.s3.amazonaws.com/photos/10360182/medium.jpg,,,,,,,,,,,0
52680,52679,Polypodium,polypody ferns,genus,https://static.inaturalist.org/photos/375942266/medium.jpeg,,,,,,,,,,,0
52681,52683,Pteridium aquilinum,common bracken,species,https://inaturalist-open-data.s3.amazonaws.com/photos/64559686/medium.jpg,Pteridium aquilinum,species,confirmed,1,native,aquilinum,"","",accepted,1,0
52685,52686,Woodwardia fimbriata,giant chain fern,species,https://inaturalist-open-data.s3.amazonaws.com/photos/30798531/medium.jpg,Woodwardia fimbriata,species,confirmed,1,native,fimbriata,"","",accepted,1,0
52701,47434,Bromus,bromes,genus,https://inaturalist-open-data.s3.amazonaws.com/photos/271464058/medium.jpg,,,,,,,,,,,0
52715,47434,Cortaderia,Pampas grasses,genus,https://inaturalist-open-data.s3.amazonaws.com/photos/19012/medium.jpg,,,,,,,,,,,0
52724,47746,Equisetum arvense,field horsetail,species,https://inaturalist-open-data.s3.amazonaws.com/photos/72597295/medium.jpg,Equisetum arvense,species,confirmed,1,native,arvense,"","",accepted,1,0
52734,47161,Cyperus,Flatsedges,genus,https://inaturalist-open-data.s3.amazonaws.com/photos/82657803/medium.jpg,,,,,,,,,,,0
52803,47434,Melica,melicgrasses,genus,https://inaturalist-open-data.s3.amazonaws.com/photos/20894945/medium.jpeg,,,,,,,,,,,0
52836,48699,Angelica,angelicas,genus,https://inaturalist-open-data.s3.amazonaws.com/photos/367447501/medium.jpeg,,,,,,,,,,,0
52971,52972,Epilobium brachycarpum,panicled willowherb,species,https://inaturalist-open-data.s3.amazonaws.com/photos/320668528/medium.jpeg,Epilobium brachycarpum,species,confirmed,1,native,brachycarpum,"","",accepted,1,0.009
52973,50853,Cerastium glomeratum,Sticky mouse-ear chickweed,species,https://inaturalist-open-data.s3.amazonaws.com/photos/364232762/medium.jpg,Cerastium glomeratum,species,confirmed,1,exotic,glomeratum,"","",accepted,1,0
52999,48699,Conium,"",genus,https://inaturalist-open-data.s3.amazonaws.com/photos/5169/medium.jpg,,,,,,,,,,,0
53022,52345,Convolvulus,bindweeds,genus,https://inaturalist-open-data.s3.amazonaws.com/photos/32864798/medium.jpg,,,,,,,,,,,0
53050,52972,Epilobium ciliatum,fringed willowherb,species,https://inaturalist-open-data.s3.amazonaws.com/photos/296254377/medium.jpg,Epilobium ciliatum,species,new,0,native,ciliatum,"","",accepted,1,0
53053,48699,Foeniculum,"",genus,https://inaturalist-open-data.s3.amazonaws.com/photos/340076603/medium.jpeg,,,,,,,,,,,0
53060,47693,Galium,bedstraws,genus,https://inaturalist-open-data.s3.amazonaws.com/photos/30968909/medium.jpg,,,,,,,,,,,0
53095,48699,Heracleum,hogweeds,genus,https://inaturalist-open-data.s3.amazonaws.com/photos/7984388/medium.jpeg,,,,,,,,,,,0
53136,47604,Madia,tarweeds,genus,https://inaturalist-open-data.s3.amazonaws.com/photos/17593/medium.jpg,,,,,,,,,,,0
53141,47604,Anisocarpus,"",genus,https://inaturalist-open-data.s3.amazonaws.com/photos/5245/medium.jpg,,,,,,,,,,,0
53152,47122,Medicago,medicks,genus,https://static.inaturalist.org/photos/114442803/medium.jpg,,,,,,,,,,,0
53192,48382,Pterostegia,"",genus,https://inaturalist-open-data.s3.amazonaws.com/photos/152560/medium.jpg,,,,,,,,,,,0
53196,48382,Rumex,docks and sorrels,genus,https://inaturalist-open-data.s3.amazonaws.com/photos/14989/medium.jpg,,,,,,,,,,,0
53199,47122,Rupertia,"",genus,https://inaturalist-open-data.s3.amazonaws.com/photos/73805727/medium.jpg,,,,,,,,,,,0
53202,48699,Sanicula,sanicles,genus,https://inaturalist-open-data.s3.amazonaws.com/photos/15406/medium.jpg,,,,,,,,,,,0
53315,51886,Urtica urens,Dwarf Nettle,species,https://inaturalist-open-data.s3.amazonaws.com/photos/346153612/medium.jpg,Urtica urens,species,new,1,exotic,urens,"","",accepted,1,0
53368,53373,Corylus cornuta californica,California hazelnut,subspecies,https://inaturalist-open-data.s3.amazonaws.com/photos/295770866/medium.jpg,Corylus cornuta ssp. californica,subspecies,confirmed,1,native,cornuta,Corylus cornuta californica,"",accepted,1,0
53376,47148,Cotoneaster,Cotoneasters,genus,https://inaturalist-open-data.s3.amazonaws.com/photos/87746968/medium.jpeg,Cotoneaster spp.,species,new,1,unknown,"","","",accepted,1,0.137
53387,47193,Cornus sericea,red osier dogwood,species,https://static.inaturalist.org/photos/16633753/medium.jpg,Cornus stolonifera,species,confirmed,1,native,sericea,"","",unaccepted,1,0
53415,47148,Holodiscus,"",genus,https://inaturalist-open-data.s3.amazonaws.com/photos/5390/medium.jpg,,,,,,,,,,,0
53420,47148,Oemleria,"",genus,https://inaturalist-open-data.s3.amazonaws.com/photos/5409/medium.jpg,,,,,,,,,,,0
53438,47148,Rosa,roses,genus,https://inaturalist-open-data.s3.amazonaws.com/photos/128386918/medium.jpeg,,,,,,,,,,,0
53449,47130,Ribes divaricatum divaricatum,"",variety,https://inaturalist-open-data.s3.amazonaws.com/photos/70367393/medium.jpeg,Ribes divaricatum var. divaricatum,variety,confirmed,1,native,divaricatum,"",Ribes divaricatum divaricatum,accepted,1,0
53597,55849,Narcissus,daffodils,genus,https://static.inaturalist.org/photos/119190821/medium.jpg,,,,,,,,,,,0
53787,47332,Fumaria,Fumitories,genus,https://inaturalist-open-data.s3.amazonaws.com/photos/199736592/medium.jpeg,,,,,,,,,,,0
53856,53854,Ilex aquifolium,European holly,species,https://inaturalist-open-data.s3.amazonaws.com/photos/117929954/medium.jpg,Ilex aquifolium,species,confirmed,1,exotic,aquifolium,"","",accepted,1,0
53864,48797,Abutilon,Indian mallows,genus,https://inaturalist-open-data.s3.amazonaws.com/photos/6261687/medium.jpeg,,,,,,,,,,,0
54052,47148,Pyracantha,firethorns,genus,https://inaturalist-open-data.s3.amazonaws.com/photos/6798/medium.jpg,,,,,,,,,,,0
54500,47148,Malus,apples and crabapples,genus,https://inaturalist-open-data.s3.amazonaws.com/photos/14004/medium.jpg,,,,,,,,,,,0
54518,54519,Lemna minor,Common Duckweed,species,https://inaturalist-open-data.s3.amazonaws.com/photos/145834264/medium.jpeg,Lemna minor,species,confirmed,1,native,minor,"","",accepted,1,0
54523,47122,Pisum,Peas,genus,https://inaturalist-open-data.s3.amazonaws.com/photos/313782726/medium.jpg,,,,,,,,,,,0
54604,48623,Marrubium,Horehounds,genus,https://inaturalist-open-data.s3.amazonaws.com/photos/10810/medium.jpg,,,,,,,,,,,0
54808,54806,Fraxinus pennsylvanica,green ash,species,https://inaturalist-open-data.s3.amazonaws.com/photos/17093750/medium.jpg,Fraxinus pennsylvanica,species,new,1,exotic,pennsylvanica,"","",accepted,1,0.125
54838,47566,Populus balsamifera,balsam poplar,species,https://static.inaturalist.org/photos/156783951/medium.jpg,Populus balsamifera,species,new,0,native,balsamifera,"","",accepted,1,0.125
54840,47566,Populus tremuloides,quaking aspen,species,https://inaturalist-open-data.s3.amazonaws.com/photos/26648317/medium.jpeg,Populus tremuloides,species,confirmed,1,native,tremuloides,"","",accepted,1,0
55343,48699,Lomatium,Biscuitroots,genus,https://inaturalist-open-data.s3.amazonaws.com/photos/8867/medium.jpg,,,,,,,,,,,0
55460,48623,Lamium,deadnettles and archangels,genus,https://static.inaturalist.org/photos/138606452/medium.jpeg,,,,,,,,,,,0
55461,50651,Nemophila pedunculata,Meadow Baby-blue-eyes,species,https://inaturalist-open-data.s3.amazonaws.com/photos/268062265/medium.jpeg,Nemophila pedunculata,species,confirmed,1,native,pedunculata,"","",accepted,1,0
55667,55677,Sagina procumbens,Procumbent Pearlwort,species,https://static.inaturalist.org/photos/122935534/medium.jpeg,Sagina procumbens,species,confirmed,1,native,procumbens,"","",accepted,1,0
55730,55731,Spergularia rubra,Red Sand Spurrey,species,https://inaturalist-open-data.s3.amazonaws.com/photos/63647774/medium.jpg,Spergularia rubra,species,confirmed,1,exotic,rubra,"","",accepted,1,0
55735,51890,Sedum,stonecrops,genus,https://inaturalist-open-data.s3.amazonaws.com/photos/137304118/medium.jpeg,,,,,,,,,,,0
55751,47148,Geum,avens,genus,https://static.inaturalist.org/photos/28198687/medium.jpg,,,,,,,,,,,0
55752,55754,Valerianella locusta,common cornsalad,species,https://inaturalist-open-data.s3.amazonaws.com/photos/74123736/medium.jpeg,Valerianella locusta,species,new,0,exotic,locusta,"","",accepted,1,0
55758,47332,Chelidonium,celandines,genus,https://inaturalist-open-data.s3.amazonaws.com/photos/191051063/medium.jpg,,,,,,,,,,,0
55767,52995,Claytonia sibirica,Candy Flower,species,https://inaturalist-open-data.s3.amazonaws.com/photos/104700784/medium.jpg,Claytonia sibirica,species,confirmed,1,native,sibirica,"","",accepted,1,0
55810,55849,Leucojum,snowflakes,genus,https://inaturalist-open-data.s3.amazonaws.com/photos/57163240/medium.jpeg,,,,,,,,,,,0
55818,47332,Corydalis,Corydalises,genus,https://inaturalist-open-data.s3.amazonaws.com/photos/105543052/medium.jpg,,,,,,,,,,,0
55820,48064,Primula,Primroses,genus,https://inaturalist-open-data.s3.amazonaws.com/photos/64504107/medium.jpg,,,,,,,,,,,0
55882,55883,Hedera helix,common ivy,species,https://inaturalist-open-data.s3.amazonaws.com/photos/38428455/medium.jpeg,Hedera helix,species,confirmed,1,exotic,helix,"","",accepted,1,0
55967,55968,Galeopsis bifida,Bifid Hemp-nettle,species,https://inaturalist-open-data.s3.amazonaws.com/photos/221830009/medium.jpg,Galeopsis bifida,species,new,0,exotic,bifida,"","",accepted,1,0.375
55969,54774,Viburnum opulus,guelder-rose,species,https://inaturalist-open-data.s3.amazonaws.com/photos/27858788/medium.jpg,Viburnum opulus,species,new,0,native,opulus,"","",accepted,1,0
55978,48797,Malva,Mallows,genus,https://inaturalist-open-data.s3.amazonaws.com/photos/7691700/medium.jpg,,,,,,,,,,,0
55979,55968,Galeopsis tetrahit,Common hemp-nettle,species,https://inaturalist-open-data.s3.amazonaws.com/photos/346446221/medium.jpeg,Galeopsis tetrahit,"",new,0,exotic,tetrahit,"","",accepted,1,0.036
56002,53030,Dipsacus fullonum,wild teasel,species,https://static.inaturalist.org/photos/4385824/medium.jpg,Dipsacus fullonum,species,new,1,exotic,fullonum,"","",accepted,1,0
56015,51305,Tamarix ramosissima,saltcedar,species,https://inaturalist-open-data.s3.amazonaws.com/photos/371675/medium.JPG,Tamarix ramosissima,species,new,0,exotic,ramosissima,"","",accepted,1,0.167
56031,52345,Calystegia,false bindweeds,genus,https://inaturalist-open-data.s3.amazonaws.com/photos/58969509/medium.jpeg,,,,,,,,,,,0
56089,47122,Robinia,Locust Trees,genus,https://static.inaturalist.org/photos/146377889/medium.jpeg,,,,,,,,,,,0
56095,47599,Hyacinthoides,Bluebells,genus,https://inaturalist-open-data.s3.amazonaws.com/photos/34750997/medium.jpg,,,,,,,,,,,0
56138,47599,Ornithogalum,star-of-Bethlehem,genus,https://inaturalist-open-data.s3.amazonaws.com/photos/53046914/medium.jpeg,,,,,,,,,,,0
56155,48567,Saponaria,Soapworts,genus,https://static.inaturalist.org/photos/46054291/medium.jpg,,,,,,,,,,,0
56172,48623,Leonurus,motherworts,genus,https://inaturalist-open-data.s3.amazonaws.com/photos/1682434/medium.jpg,,,,,,,,,,,0
56175,48150,Echium,Viper's-buglosses,genus,https://inaturalist-open-data.s3.amazonaws.com/photos/17865712/medium.jpg,,,,,,,,,,,0
56234,56235,Centaurium,Centauries,genus,https://inaturalist-open-data.s3.amazonaws.com/photos/109916552/medium.jpeg,,,,,,,,,,,0
56839,48699,Perideridia,yampahs,genus,https://inaturalist-open-data.s3.amazonaws.com/photos/22636/medium.jpg,,,,,,,,,,,0
56855,47604,Adenocaulon,trailplants,genus,https://inaturalist-open-data.s3.amazonaws.com/photos/46132350/medium.jpg,,,,,,,,,,,0
57005,57006,Spergula arvensis,Corn spurrey,species,https://inaturalist-open-data.s3.amazonaws.com/photos/62210573/medium.jpeg,Spergula arvensis,species,confirmed,1,exotic,arvensis,"","",accepted,1,0
57007,49389,Stellaria nitens,shining chickweed,species,https://inaturalist-open-data.s3.amazonaws.com/photos/195838589/medium.jpg,Stellaria nitens,species,confirmed,1,native,nitens,"","",accepted,1,0
57022,47161,Eleocharis,spikerushes,genus,https://inaturalist-open-data.s3.amazonaws.com/photos/33564882/medium.jpeg,,,,,,,,,,,0
57067,47122,Melilotus,melilots and sweetclovers,genus,https://inaturalist-open-data.s3.amazonaws.com/photos/11727/medium.jpg,,,,,,,,,,,0
57126,51753,Brodiaea coronaria,crown brodiaea,species,https://inaturalist-open-data.s3.amazonaws.com/photos/96888150/medium.jpeg,Brodiaea coronaria,species,confirmed,1,native,coronaria,"","",accepted,1,0.007
57132,51086,Triteleia hyacinthina,white brodiaea,species,https://inaturalist-open-data.s3.amazonaws.com/photos/212604100/medium.jpeg,Triteleia hyacinthina,species,confirmed,1,native,hyacinthina,"","",accepted,1,0
57149,52972,Epilobium densiflorum,denseflower willowherb,species,https://static.inaturalist.org/photos/42287785/medium.jpg,Epilobium densiflorum,species,confirmed,1,native,densiflorum,"","",accepted,1,0
57150,52972,Epilobium minutum,little willowherb,species,https://inaturalist-open-data.s3.amazonaws.com/photos/121052854/medium.jpeg,Epilobium minutum,species,confirmed,1,native,minutum,"","",accepted,1,0
57166,47434,Danthonia,Oatgrasses,genus,https://inaturalist-open-data.s3.amazonaws.com/photos/11803/medium.jpg,,,,,,,,,,,0
57233,52995,Claytonia exigua,Pale Springbeauty,species,https://inaturalist-open-data.s3.amazonaws.com/photos/64303517/medium.jpeg,Claytonia exigua,species,confirmed,1,native,exigua,"","",accepted,1,0
57251,47148,Physocarpus,ninebarks,genus,https://inaturalist-open-data.s3.amazonaws.com/photos/20478/medium.jpg,,,,,,,,,,,0
57276,50793,Triphysaria pusilla,dwarf owl's-clover,species,https://inaturalist-open-data.s3.amazonaws.com/photos/464624719/medium.jpeg,Triphysaria pusilla,species,confirmed,1,native,pusilla,"","",accepted,1,0
57283,57286,Centranthus ruber,Red Valerian,species,https://inaturalist-open-data.s3.amazonaws.com/photos/524544102/medium.jpg,Centranthus ruber,species,new,1,exotic,ruber,"","",accepted,1,0
57287,57285,Plectritis macrocera,Longhorn Seablush,species,https://inaturalist-open-data.s3.amazonaws.com/photos/481001266/medium.jpg,Plectritis macrocera,species,confirmed,1,native,macrocera,"","",accepted,1,0
57506,51072,Prosartes smithii,largeflower fairybells,species,https://inaturalist-open-data.s3.amazonaws.com/photos/12088/medium.jpg,Prosartes smithii,species,new,0,native,smithii,"","",accepted,1,0
57786,57285,Plectritis congesta,shortspur seablush,species,https://inaturalist-open-data.s3.amazonaws.com/photos/19627382/medium.jpg,Plectritis congesta,species,confirmed,1,native,congesta,"","",accepted,1,0
57798,50837,Gilia capitata capitata,Blue Field Gilia,subspecies,https://inaturalist-open-data.s3.amazonaws.com/photos/359653/medium.jpeg,Gilia capitata var. capitata,species,confirmed,1,native,capitata,Gilia capitata capitata,"",accepted,1,0.009
57863,47161,Rhynchospora,Beaksedges,genus,https://inaturalist-open-data.s3.amazonaws.com/photos/50977623/medium.jpg,,,,,,,,,,,0
57867,57869,Spirodela polyrhiza,greater duckweed,species,https://inaturalist-open-data.s3.amazonaws.com/photos/8810628/medium.jpeg,Spirodela polyrrhiza,species,new,0,native,polyrhiza,"","",unaccepted,1,0.25
57893,52326,Amaranthus albus,prostrate pigweed,species,https://static.inaturalist.org/photos/2165585/medium.jpg,Amaranthus albus,species,confirmed,1,exotic,albus,"","",accepted,1,0.028
57952,47604,Coreopsis,Tickseed,genus,https://inaturalist-open-data.s3.amazonaws.com/photos/52851933/medium.jpg,,,,,,,,,,,0
58093,58096,Callitriche marginata,Winged Water-starwort,species,https://inaturalist-open-data.s3.amazonaws.com/photos/71393068/medium.jpg,Callitriche marginata,species,confirmed,1,native,marginata,"","",accepted,1,0.02
58112,52327,Atriplex,Saltbushes,genus,https://inaturalist-open-data.s3.amazonaws.com/photos/23926689/medium.jpg,,,,,,,,,,,0
58307,48231,Myosurus,Mousetail,genus,https://static.inaturalist.org/photos/191268659/medium.jpg,,,,,,,,,,,0
58333,48516,Lycium,boxthorns,genus,https://inaturalist-open-data.s3.amazonaws.com/photos/95204198/medium.jpeg,,,,,,,,,,,0
58346,47161,Bolboschoenus,Clubrushes,genus,https://inaturalist-open-data.s3.amazonaws.com/photos/85389480/medium.jpg,,,,,,,,,,,0
58725,47574,Juniperus communis,common juniper,species,https://inaturalist-open-data.s3.amazonaws.com/photos/61660329/medium.jpg,Juniperus communis,species,confirmed,1,native,communis,"","",accepted,1,0
58728,49289,Berberis,Barberries,genus,https://inaturalist-open-data.s3.amazonaws.com/photos/48462428/medium.jpg,,,,,,,,,,,0
58759,48437,Aspidotis,lace ferns,genus,https://inaturalist-open-data.s3.amazonaws.com/photos/23009/medium.jpg,,,,,,,,,,,0
58774,52326,Amaranthus blitoides,procumbent pigweed,species,https://static.inaturalist.org/photos/2479833/medium.jpg,Amaranthus blitoides,species,confirmed,1,exotic,blitoides,"","",accepted,1,0.036
58867,58869,Githopsis specularioides,common bluecup,species,https://inaturalist-open-data.s3.amazonaws.com/photos/13997/medium.jpg,Githopsis specularioides,species,confirmed,1,native,specularioides,"","",accepted,1,0.083
58949,52972,Epilobium torreyi,Torrey's willowherb,species,https://static.inaturalist.org/photos/129867399/medium.jpeg,Epilobium torreyi,species,unconfirmed,1,native,torreyi,"","",accepted,1,0.75
58991,58992,Portulaca oleracea,Common Purslane,species,https://inaturalist-open-data.s3.amazonaws.com/photos/157729445/medium.jpeg,Portulaca oleracea,species,new,1,exotic,oleracea,"","",accepted,1,0.056
59013,47324,Collinsia parviflora,small-flowered blue-eyed mary,species,https://inaturalist-open-data.s3.amazonaws.com/photos/184717231/medium.jpg,Collinsia parviflora,species,confirmed,1,native,parviflora,"","",accepted,1,0
59029,56165,Verbascum thapsus,great mullein,species,https://static.inaturalist.org/photos/44885369/medium.jpg,Verbascum thapsus,species,confirmed,1,exotic,thapsus,"","",accepted,1,0
59261,47604,Calendula,marigolds,genus,https://inaturalist-open-data.s3.amazonaws.com/photos/182596247/medium.jpeg,,,,,,,,,,,0
59986,49478,Monotropa hypopitys,pinesap,species,https://inaturalist-open-data.s3.amazonaws.com/photos/14046/medium.jpg,Monotropa hypopitys,species,confirmed,1,native,hypopitys,"","",accepted,1,0.059
60001,48567,Dianthus,carnations,genus,https://inaturalist-open-data.s3.amazonaws.com/photos/141115670/medium.jpg,,,,,,,,,,,0
60124,48699,Lilaeopsis,grassworts,genus,https://inaturalist-open-data.s3.amazonaws.com/photos/64231404/medium.jpeg,,,,,,,,,,,0
60126,48699,Cicuta,water hemlocks,genus,https://inaturalist-open-data.s3.amazonaws.com/photos/14180/medium.jpg,,,,,,,,,,,0
60128,48699,Oenanthe,Water-dropworts,genus,https://static.inaturalist.org/photos/280545779/medium.jpg,,,,,,,,,,,0
60221,50339,Ludwigia palustris,Water Purslane,species,https://inaturalist-open-data.s3.amazonaws.com/photos/425242/medium.jpg,Ludwigia palustris,species,confirmed,1,native,palustris,"","",accepted,1,0
60251,53317,Verbena hastata,blue vervain,species,https://static.inaturalist.org/photos/6560152/medium.jpeg,Verbena hastata,species,new,0,native,hastata,"","",accepted,1,0
60258,47161,Isolepis,"",genus,https://inaturalist-open-data.s3.amazonaws.com/photos/23889158/medium.jpeg,,,,,,,,,,,0
60265,60271,Asparagus officinalis,wild asparagus,species,https://inaturalist-open-data.s3.amazonaws.com/photos/285678052/medium.jpg,Asparagus officinalis,species,confirmed,1,exotic,officinalis,"","",accepted,1,0
60306,47434,Pleuropogon,"",genus,https://inaturalist-open-data.s3.amazonaws.com/photos/183008/medium.jpg,,,,,,,,,,,0
60385,56235,Gentianella,dwarf gentians,genus,https://inaturalist-open-data.s3.amazonaws.com/photos/1246553/medium.,,,,,,,,,,,0
60476,60479,Armeria maritima,Sea Thrift,species,https://static.inaturalist.org/photos/176790677/medium.jpeg,Armeria maritima,species,confirmed,1,native,maritima,"","",accepted,1,0
60848,47332,Meconella,"",genus,https://inaturalist-open-data.s3.amazonaws.com/photos/15087/medium.jpg,,,,,,,,,,,0
60970,47604,Jaumea,"",genus,https://inaturalist-open-data.s3.amazonaws.com/photos/16764/medium.jpg,,,,,,,,,,,0
61064,47434,Glyceria,Sweet Grasses,genus,https://inaturalist-open-data.s3.amazonaws.com/photos/87781838/medium.jpeg,,,,,,,,,,,0
61305,47604,Doronicum,Leopard's-banes,genus,https://inaturalist-open-data.s3.amazonaws.com/photos/34068716/medium.jpg,,,,,,,,,,,0
61884,61885,Moehringia macrophylla,Largeleaf Sandwort,species,https://inaturalist-open-data.s3.amazonaws.com/photos/3908325/medium.jpg,Moehringia macrophylla,species,confirmed,1,native,macrophylla,"","",accepted,1,0
62220,62219,Camassia quamash,small camas,species,https://static.inaturalist.org/photos/98664586/medium.jpg,Camassia quamash,species,confirmed,1,native,quamash,"","",accepted,1,0
62238,62232,Chimaphila menziesii,Little Prince's Pine,species,https://inaturalist-open-data.s3.amazonaws.com/photos/40940597/medium.jpg,Chimaphila menziesii,"",unconfirmed,0,native,menziesii,"","",accepted,1,0.59
62256,47217,Neottia,"",genus,https://inaturalist-open-data.s3.amazonaws.com/photos/33732/medium.jpg,,,,,,,,,,,0
62267,47604,Balsamorhiza,balsamroots,genus,https://inaturalist-open-data.s3.amazonaws.com/photos/30540/medium.jpg,,,,,,,,,,,0
62481,62482,Allotropa virgata,sugarstick,species,https://inaturalist-open-data.s3.amazonaws.com/photos/596570317/medium.jpg,Allotropa virgata,species,confirmed,1,native,virgata,"","",accepted,1,0.018
63690,54262,Abies grandis,grand fir,species,https://inaturalist-open-data.s3.amazonaws.com/photos/83838154/medium.jpeg,Abies grandis,species,confirmed,1,native,grandis,"","",accepted,1,0
63878,54806,Fraxinus latifolia,Oregon Ash,species,https://inaturalist-open-data.s3.amazonaws.com/photos/475505/medium.jpg,Fraxinus latifolia,species,confirmed,1,exotic,latifolia,"","",accepted,1,0
63910,48257,Pseudotsuga menziesii menziesii,Coast Douglas-fir,variety,https://inaturalist-open-data.s3.amazonaws.com/photos/641410/medium.jpg,Pseudotsuga menziesii var. menziesii,variety,confirmed,1,native,menziesii,"",Pseudotsuga menziesii menziesii,accepted,1,0
64184,52995,Claytonia rubra,Redstem Springbeauty,species,https://inaturalist-open-data.s3.amazonaws.com/photos/195128757/medium.jpeg,Claytonia rubra,species,confirmed,1,native,rubra,"","",accepted,1,0
64276,47434,Phragmites,"",genus,https://inaturalist-open-data.s3.amazonaws.com/photos/2676655/medium.jpg,,,,,,,,,,,0
64293,64292,Triodanis perfoliata,clasping Venus's looking glass,species,https://inaturalist-open-data.s3.amazonaws.com/photos/7717458/medium.jpg,Triodanis perfoliata ssp. perfoliata,species,unconfirmed,1,native,perfoliata,"","",unaccepted,1,0.225
64318,64322,Cistus creticus,Hoary Rock-rose,species,https://inaturalist-open-data.s3.amazonaws.com/photos/337336536/medium.jpeg,Cistus creticus,species,new,1,exotic,creticus,"","",accepted,1,0.079
64332,64192,Kickxia elatine,Sharp-leaved Fluellen,species,https://inaturalist-open-data.s3.amazonaws.com/photos/8816411/medium.jpg,Kickxia elatine,species,confirmed,1,exotic,elatine,"","",accepted,1,0.028
64336,47122,Acmispon,deervetch,genus,https://inaturalist-open-data.s3.amazonaws.com/photos/72627742/medium.jpg,,,,,,,,,,,0
68049,47179,Arctostaphylos uva-ursi,bearberry,species,https://static.inaturalist.org/photos/181302737/medium.jpeg,Arctostaphylos uva-ursi,species,confirmed,1,native,uva-ursi,"","",accepted,1,0
68213,68214,Boykinia occidentalis,coastal brookfoam,species,https://static.inaturalist.org/photos/20491076/medium.jpg,Boykinia occidentalis,species,confirmed,1,native,occidentalis,"","",accepted,1,0
71943,49289,Achlys,"",genus,https://static.inaturalist.org/photos/121126/medium.JPG,,,,,,,,,,,0
71989,47148,Aruncus,"",genus,https://inaturalist-open-data.s3.amazonaws.com/photos/272575/medium.jpg,,,,,,,,,,,0
72077,48437,Cryptogramma,parsley ferns,genus,https://inaturalist-open-data.s3.amazonaws.com/photos/218335491/medium.jpeg,,,,,,,,,,,0
72105,47161,Dulichium,"",genus,https://inaturalist-open-data.s3.amazonaws.com/photos/85982806/medium.jpeg,,,,,,,,,,,0
72113,133387,Empetrum,crowberries,genus,https://inaturalist-open-data.s3.amazonaws.com/photos/53111037/medium.jpeg,,,,,,,,,,,0
72146,48699,Glehnia,"",genus,https://inaturalist-open-data.s3.amazonaws.com/photos/772204/medium.jpg,,,,,,,,,,,0
72156,48567,Gypsophila,"",genus,https://inaturalist-open-data.s3.amazonaws.com/photos/307574256/medium.jpeg,,,,,,,,,,,0
72168,47604,Hemizonella,"",genus,https://inaturalist-open-data.s3.amazonaws.com/photos/280124/medium.jpg,,,,,,,,,,,0
72262,47781,Olsynium,"",genus,https://inaturalist-open-data.s3.amazonaws.com/photos/99896857/medium.jpg,,,,,,,,,,,0
72276,47122,Oxytropis,Locoweed,genus,https://inaturalist-open-data.s3.amazonaws.com/photos/109974425/medium.jpeg,,,,,,,,,,,0
72365,48699,Sium,water parsnips,genus,https://inaturalist-open-data.s3.amazonaws.com/photos/216012266/medium.jpeg,,,,,,,,,,,0
72407,48231,Trautvetteria,tassel rues,genus,https://inaturalist-open-data.s3.amazonaws.com/photos/274731/medium.jpg,,,,,,,,,,,0
72433,56235,Zeltnera,Zeltneras,genus,https://inaturalist-open-data.s3.amazonaws.com/photos/385956919/medium.jpeg,,,,,,,,,,,0
75240,54262,Abies amabilis,Pacific silver fir,species,https://inaturalist-open-data.s3.amazonaws.com/photos/18000782/medium.jpeg,Abies amabilis,species,confirmed,1,native,amabilis,"","",accepted,1,0
75505,47179,Arctostaphylos columbiana,hairy manzanita,species,https://inaturalist-open-data.s3.amazonaws.com/photos/814361/medium.jpg,Arctostaphylos columbiana,species,confirmed,1,native,columbiana,"","",accepted,1,0
75609,71992,Asplenium trichomanes,maidenhair spleenwort,species,https://inaturalist-open-data.s3.amazonaws.com/photos/511602695/medium.jpg,Asplenium trichomanes,species,confirmed,1,native,trichomanes,"","",accepted,1,0.029
75855,72017,Botrypus virginianus,rattlesnake fern,species,https://static.inaturalist.org/photos/377726705/medium.jpeg,Botrypus virginianus,species,new,1,native,virginianus,"","",accepted,1,0
75916,64571,Buddleja davidii,Butterfly bush,species,https://inaturalist-open-data.s3.amazonaws.com/photos/87998902/medium.jpg,Buddleja davidii,species,new,1,exotic,davidii,"","",accepted,1,0
75991,48596,Campanula scouleri,scouler's harebell,species,https://inaturalist-open-data.s3.amazonaws.com/photos/1707988/medium.jpg,Campanula scouleri,species,confirmed,1,native,scouleri,"","",accepted,1,0
76148,49340,Castilleja miniata,giant red paintbrush,species,https://inaturalist-open-data.s3.amazonaws.com/photos/42374889/medium.jpeg,Castilleja miniata,species,confirmed,1,native,miniata,"","",accepted,1,0.048
76392,52995,Claytonia washingtoniana,Washington Springbeauty,species,https://inaturalist-open-data.s3.amazonaws.com/photos/490660299/medium.jpg,Claytonia washingtoniana,species,new,0,native,washingtoniana,"","",accepted,1,0
76409,47324,Collinsia grandiflora,Giant Blue-eyed Mary,species,https://inaturalist-open-data.s3.amazonaws.com/photos/367713449/medium.jpg,Collinsia grandiflora,species,confirmed,1,native,grandiflora,"","",accepted,1,0
76447,47193,Cornus nuttallii,Pacific Dogwood,species,https://inaturalist-open-data.s3.amazonaws.com/photos/22606935/medium.jpeg,Cornus nuttallii,species,confirmed,1,native,nuttallii,"","",accepted,1,0
76831,52972,Epilobium hallianum,Hall's willowherb,species,https://inaturalist-open-data.s3.amazonaws.com/photos/413039245/medium.jpeg,Epilobium hallianum,species,confirmed,1,native,hallianum,"","",accepted,1,0.032
77300,60250,Gratiola ebracteata,bractless hedge-hyssop,species,https://inaturalist-open-data.s3.amazonaws.com/photos/44675619/medium.jpeg,Gratiola ebracteata,species,confirmed,1,native,ebracteata,"","",accepted,1,0.034
77301,60250,Gratiola neglecta,clammy hedge-hyssop,species,https://inaturalist-open-data.s3.amazonaws.com/photos/303962522/medium.jpg,Gratiola neglecta,"",unconfirmed,0,native,neglecta,"","",accepted,1,0.381
77422,72177,Hippuris vulgaris,Common Mare's Tail,species,https://inaturalist-open-data.s3.amazonaws.com/photos/50186912/medium.jpg,Hippuris vulgaris,species,confirmed,1,native,vulgaris,"","",accepted,1,0
77472,72187,Hydrophyllum tenuipes,Pacific Waterleaf,species,https://static.inaturalist.org/photos/8008230/medium.jpg,Hydrophyllum tenuipes,species,confirmed,1,native,tenuipes,"","",accepted,1,0
77611,72206,Kopsiopsis hookeri,small ground-cone,species,https://inaturalist-open-data.s3.amazonaws.com/photos/814356/medium.jpg,Kopsiopsis hookeri,species,new,0,native,hookeri,"","",accepted,1,0.125
77655,54519,Lemna trisulca,Ivy-leaved Duckweed,species,https://inaturalist-open-data.s3.amazonaws.com/photos/7955723/medium.jpeg,Lemna trisulca,species,new,0,native,trisulca,"","",accepted,1,0.007
77789,50800,Lithophragma glabrum,Bulbous woodland star,species,https://inaturalist-open-data.s3.amazonaws.com/photos/467905882/medium.jpeg,Lithophragma glabrum,species,confirmed,1,native,glabrum,"","",accepted,1,0
77791,50800,Lithophragma parviflorum,smallflower woodland star,species,https://inaturalist-open-data.s3.amazonaws.com/photos/385035827/medium.jpg,Lithophragma parviflorum,species,confirmed,1,native,parviflorum,"","",accepted,1,0
77960,53145,Marah oregana,coastal manroot,species,https://inaturalist-open-data.s3.amazonaws.com/photos/184859119/medium.jpg,Marah oreganus,species,confirmed,1,native,oregana,"","",unaccepted,1,0.009
78088,72240,Moenchia erecta,Upright Chickweed,species,https://inaturalist-open-data.s3.amazonaws.com/photos/236895552/medium.jpeg,Moenchia erecta ssp. erecta,species,confirmed,1,exotic,erecta,"","",unaccepted,1,0
78160,72249,Najas flexilis,slender water-nymph,species,https://inaturalist-open-data.s3.amazonaws.com/photos/150045702/medium.jpeg,Najas flexilis,species,unconfirmed,1,native,flexilis,"","",accepted,1,0.871
78231,72258,Nothochelone nemorosa,Woodland Beardtongue,species,https://inaturalist-open-data.s3.amazonaws.com/photos/95144790/medium.jpeg,Nothochelone nemorosa,species,new,1,native,nemorosa,"","",accepted,1,0
78288,72270,Orthilia secunda,one-sided wintergreen,species,https://static.inaturalist.org/photos/216938573/medium.jpg,Orthilia secunda,species,new,0,native,secunda,"","",accepted,1,0.014
78289,50646,Orthocarpus bracteosus,Rosy Owl's-clover,species,https://inaturalist-open-data.s3.amazonaws.com/photos/203926491/medium.jpg,Orthocarpus bracteosus,species,confirmed,1,native,bracteosus,"","",accepted,1,0
78699,47566,Populus trichocarpa,black cottonwood,species,https://static.inaturalist.org/photos/19455945/medium.jpg,Populus trichocarpa,species,new,0,native,trichocarpa,"","",accepted,1,0
78793,60369,Pyrola asarifolia,bog wintergreen,species,https://inaturalist-open-data.s3.amazonaws.com/photos/80789328/medium.jpg,Pyrola asarifolia,species,new,0,native,asarifolia,"","",accepted,1,0.071
78872,57857,Romanzoffia sitchensis,Sitka Mistmaiden,species,https://inaturalist-open-data.s3.amazonaws.com/photos/146969911/medium.jpeg,Romanzoffia sitchensis,species,new,0,native,sitchensis,"","",accepted,1,0.333
78873,57857,Romanzoffia tracyi,tracy's romanzoffia,species,https://static.inaturalist.org/photos/488606980/medium.jpg,Romanzoffia tracyi,species,confirmed,1,native,tracyi,"","",accepted,1,0
78922,55677,Sagina maxima,Sticky-stem Pearlwort,species,https://inaturalist-open-data.s3.amazonaws.com/photos/278318082/medium.jpg,Sagina maxima,species,new,1,native,maxima,"","",accepted,1,0
78923,55677,Sagina saginoides,Alpine Pearlwort,species,https://inaturalist-open-data.s3.amazonaws.com/photos/80185200/medium.jpeg,Sagina saginoides,species,new,0,native,saginoides,"","",accepted,1,0.022
78990,851026,Sceptridium multifidum,leathery grapefern,species,https://static.inaturalist.org/photos/321143810/medium.jpeg,Sceptridium multifidum,species,confirmed,1,native,multifidum,"","",accepted,1,0.145
79016,53914,Scutellaria galericulata,Marsh Skullcap,species,https://inaturalist-open-data.s3.amazonaws.com/photos/143255406/medium.jpg,Scutellaria galericulata,species,confirmed,1,native,galericulata,"","",accepted,1,0
79169,55731,Spergularia marina,Saltmarsh Sand Spurry,species,https://inaturalist-open-data.s3.amazonaws.com/photos/188027075/medium.jpeg,Spergularia salina,species,confirmed,1,native,marina,"","",unaccepted,1,0
79201,49389,Stellaria crispa,Crisp Starwort,species,https://inaturalist-open-data.s3.amazonaws.com/photos/41500310/medium.jpg,Stellaria crispa,species,confirmed,1,native,crispa,"","",accepted,1,0
79273,72380,Streptopus amplexifolius,white twisted-stalk,species,https://inaturalist-open-data.s3.amazonaws.com/photos/151898177/medium.jpeg,Streptopus amplexifolius,species,confirmed,1,native,amplexifolius,"","",accepted,1,0
79343,53300,Thalictrum occidentale,Western Meadow-rue,species,https://inaturalist-open-data.s3.amazonaws.com/photos/632498/medium.JPG,Thalictrum occidentale,species,new,0,native,occidentale,"","",accepted,1,0
79452,51086,Triteleia grandiflora,large-flowered triteleia,species,https://inaturalist-open-data.s3.amazonaws.com/photos/471689354/medium.jpg,Triteleia grandiflora,species,confirmed,1,native,grandiflora,"","",accepted,1,0
79477,56161,Valeriana sitchensis,Sitka valerian,species,https://inaturalist-open-data.s3.amazonaws.com/photos/146156319/medium.jpg,Valeriana sitchensis,species,confirmed,1,native,sitchensis,"","",accepted,1,0
79527,72427,Wolffia brasiliensis,Brazilian watermeal,species,https://inaturalist-open-data.s3.amazonaws.com/photos/226212359/medium.jpg,Wolffia brasiliensis,species,new,0,exotic,brasiliensis,"","",accepted,1,0
79528,72427,Wolffia columbiana,Columbian Watermeal,species,https://inaturalist-open-data.s3.amazonaws.com/photos/28423169/medium.jpg,Wolffia columbiana,species,confirmed,1,native,columbiana,"","",accepted,1,0.027
79729,47933,Circaea alpina pacifica,Pacific enchanter's-nightshade,subspecies,https://inaturalist-open-data.s3.amazonaws.com/photos/8630571/medium.jpg,Circaea alpina ssp. pacifica,subspecies,confirmed,1,native,alpina,Circaea alpina pacifica,"",accepted,1,0
79754,59993,Comandra umbellata californica,California Comandra,subspecies,https://inaturalist-open-data.s3.amazonaws.com/photos/4216448/medium.jpeg,Comandra umbellata ssp. californica,subspecies,confirmed,1,native,umbellata,Comandra umbellata californica,"",accepted,1,0
81349,47130,Ribes sanguineum sanguineum,Winter Currant,variety,https://inaturalist-open-data.s3.amazonaws.com/photos/1499583/medium.jpg,Ribes sanguineum var. sanguineum,species,confirmed,1,native,sanguineum,"",Ribes sanguineum sanguineum,accepted,1,0
81439,60270,Triglochin concinna concinna,"",variety,https://inaturalist-open-data.s3.amazonaws.com/photos/184379790/medium.jpg,Triglochin concinna var. concinna,variety,unconfirmed,1,native,concinna,"",Triglochin concinna concinna,accepted,1,0.353
83914,83915,Oplopanax horridus,Devil's Club,species,https://inaturalist-open-data.s3.amazonaws.com/photos/41020/medium.jpg,Oplopanax horridus,species,new,0,native,horridus,"","",accepted,1,0
84517,52972,Epilobium hirsutum,Great Willowherb,species,https://inaturalist-open-data.s3.amazonaws.com/photos/83743780/medium.jpg,Epilobium hirsutum,species,confirmed,1,exotic,hirsutum,"","",accepted,1,0.03
85321,48596,Campanula rapunculoides,Creeping Bellflower,species,https://inaturalist-open-data.s3.amazonaws.com/photos/144795941/medium.jpeg,Campanula rapunculoides,species,confirmed,1,exotic,rapunculoides,"","",accepted,1,0
120491,63054,Gymnocarpium disjunctum,Pacific oak fern,species,https://inaturalist-open-data.s3.amazonaws.com/photos/76822841/medium.jpg,Gymnocarpium disjunctum,species,new,0,native,disjunctum,"","",accepted,1,0.022
125440,54806,Fraxinus excelsior,European ash,species,https://inaturalist-open-data.s3.amazonaws.com/photos/218128525/medium.jpeg,Fraxinus excelsior,species,confirmed,1,exotic,excelsior,"","",accepted,1,0
127187,47122,Securigera,Crown-vetches,genus,https://inaturalist-open-data.s3.amazonaws.com/photos/3677294/medium.JPG,,,,,,,,,,,0
128077,49340,Castilleja levisecta,Golden Paintbrush,species,https://inaturalist-open-data.s3.amazonaws.com/photos/124717453/medium.jpg,Castilleja levisecta,species,confirmed,1,native,levisecta,"","",accepted,1,0
128848,53303,Tolmiea menziesii,Youth-on-Age,species,https://inaturalist-open-data.s3.amazonaws.com/photos/381398891/medium.jpeg,Tolmiea menziesii,species,confirmed,1,native,menziesii,"","",accepted,1,0
129267,55731,Spergularia rupicola,Rock Sea-spurrey,species,https://inaturalist-open-data.s3.amazonaws.com/photos/22853774/medium.jpg,Spergularia rupicola,species,new,1,exotic,rupicola,"","",accepted,1,0.174
130805,47332,Pseudofumaria,Rock-fumitories,genus,https://inaturalist-open-data.s3.amazonaws.com/photos/731776/medium.jpg,,,,,,,,,,,0
135883,47574,Juniperus scopulorum,Rocky Mountain Juniper,species,https://static.inaturalist.org/photos/53827887/medium.jpeg,Juniperus scopulorum,species,confirmed,1,native,scopulorum,"","",accepted,1,0
143799,52689,Sambucus cerulea,blue elder,species,https://inaturalist-open-data.s3.amazonaws.com/photos/46738687/medium.jpg,Sambucus cerulea,species,new,0,native,cerulea,"","",accepted,1,0
156250,47332,Roemeria,"",genus,https://static.inaturalist.org/photos/52012592/medium.jpeg,,,,,,,,,,,0
156438,47434,Pseudosasa,Arrow Bamboos,genus,https://inaturalist-open-data.s3.amazonaws.com/photos/1490229/medium.jpg,,,,,,,,,,,0
157398,47122,Galega,Goat-rues,genus,https://inaturalist-open-data.s3.amazonaws.com/photos/449202/medium.jpg,,,,,,,,,,,0
157614,47204,Ionopsidium,"",genus,https://inaturalist-open-data.s3.amazonaws.com/photos/247186804/medium.jpg,,,,,,,,,,,0
159761,48596,Campanula medium,Canterbury-bells,species,https://inaturalist-open-data.s3.amazonaws.com/photos/571010/medium.jpg,Campanula medium,species,confirmed,1,exotic,medium,"","",accepted,1,0
159764,48596,Campanula persicifolia,Peach-leaved Bellflower,species,https://inaturalist-open-data.s3.amazonaws.com/photos/136715790/medium.jpeg,Campanula persicifolia,species,new,1,exotic,persicifolia,"","",accepted,1,0.056
160227,49340,Castilleja victoriae,Victoria's Paintbrush,species,https://inaturalist-open-data.s3.amazonaws.com/photos/41444174/medium.jpg,Castilleja victoriae,species,confirmed,1,native,victoriae,"","",accepted,1,0
160333,50853,Cerastium brachypodum,Short-stalked Chickweed,species,https://inaturalist-open-data.s3.amazonaws.com/photos/32460110/medium.jpeg,Cerastium brachypodum,"",unconfirmed,1,unknown,brachypodum,"","",accepted,1,0.237
160343,50853,Cerastium semidecandrum,Little Mouse-ear,species,https://inaturalist-open-data.s3.amazonaws.com/photos/34524574/medium.jpeg,Cerastium semidecandrum,species,confirmed,1,exotic,semidecandrum,"","",accepted,1,0
160347,50853,Cerastium tomentosum,Snow-in-summer,species,https://inaturalist-open-data.s3.amazonaws.com/photos/130033375/medium.jpg,Cerastium tomentosum,species,confirmed,1,exotic,tomentosum,"","",accepted,1,0
160830,72066,Conioselinum gmelinii,Western Hemlock-parsley,species,https://inaturalist-open-data.s3.amazonaws.com/photos/8822486/medium.jpeg,Conioselinum pacificum,species,confirmed,1,native,gmelinii,"","",unaccepted,1,0
162366,52972,Epilobium obscurum,Short-fruited Willowherb,species,https://inaturalist-open-data.s3.amazonaws.com/photos/506113999/medium.jpg,Epilobium obscurum,species,new,1,exotic,obscurum,"","",accepted,1,0.941
163370,60250,Gratiola virginiana,Virginia hedge-hyssop,species,https://inaturalist-open-data.s3.amazonaws.com/photos/68198845/medium.jpeg,Gratiola virginiana,"","",0,unknown,virginiana,"","",accepted,1,0
163549,55883,Hedera hibernica,Atlantic Ivy,species,https://inaturalist-open-data.s3.amazonaws.com/photos/236581363/medium.jpg,Hedera hibernica,species,new,1,exotic,hibernica,"","",accepted,1,0
170140,56165,Verbascum phlomoides,Orange Mullein,species,https://inaturalist-open-data.s3.amazonaws.com/photos/304748/medium.jpg,Verbascum phlomoides,species,new,0,exotic,phlomoides,"","",accepted,1,0.333
181436,47179,Arctostaphylos × media,"",hybrid,https://inaturalist-open-data.s3.amazonaws.com/photos/116099168/medium.jpeg,Arctostaphylos media,hybrid,new,0,native,"","","",invalid,1,0.022
204204,48567,Atocion,"",genus,https://inaturalist-open-data.s3.amazonaws.com/photos/20412978/medium.jpeg,,,,,,,,,,,0
204212,48231,Ficaria,Fig Buttercups,genus,https://inaturalist-open-data.s3.amazonaws.com/photos/115612911/medium.jpg,,,,,,,,,,,0
204221,51890,Phedimus,"",genus,https://inaturalist-open-data.s3.amazonaws.com/photos/81117625/medium.jpeg,,,,,,,,,,,0
204353,48063,Lysimachia minima,Chaffweed,species,https://inaturalist-open-data.s3.amazonaws.com/photos/214915358/medium.jpeg,Lysimachia minima,species,unconfirmed,1,native,minima,"","",accepted,1,0.796
234559,49156,Betula pubescens pubescens,"",variety,https://static.inaturalist.org/photos/94642697/medium.jpeg,Betula pubescens ssp. pubescens,species,confirmed,1,exotic,pubescens,"",Betula pubescens pubescens,accepted,1,0.018
237322,48790,Montia parvifolia parvifolia,"",variety,https://inaturalist-open-data.s3.amazonaws.com/photos/4141389/medium.png,Montia parvifolia var. flagellaris,species,confirmed,1,native,parvifolia,"",Montia parvifolia parvifolia,unaccepted,1,0
319281,54806,Fraxinus ornus,Manna ash,species,https://inaturalist-open-data.s3.amazonaws.com/photos/72201155/medium.jpg,Fraxinus ornus,species,new,1,exotic,ornus,"","",accepted,1,0
336005,48596,Campanula poscharskyana,Trailing bellflower,species,https://inaturalist-open-data.s3.amazonaws.com/photos/13275353/medium.jpg,Campanula poscharskyana,species,new,0,exotic,poscharskyana,"","",accepted,1,0
406465,55714,Teucrium hircanicum,"",species,https://inaturalist-open-data.s3.amazonaws.com/photos/79992431/medium.jpg,Teucrium hircanicum,species,new,0,exotic,hircanicum,"","",accepted,1,0
430685,47122,Argyrocytisus,"",genus,https://inaturalist-open-data.s3.amazonaws.com/photos/1537876/medium.jpg,,,,,,,,,,,0
446668,52327,Oxybasis,Goosefoots,genus,https://inaturalist-open-data.s3.amazonaws.com/photos/49715256/medium.jpg,,,,,,,,,,,0
453644,319976,Erythranthe moschata,musk monkeyflower,species,https://inaturalist-open-data.s3.amazonaws.com/photos/19171/medium.jpg,Erythranthe moschata,species,confirmed,1,native,moschata,"","",accepted,1,0
453717,319976,Erythranthe microphylla,Small-leaf Monkeyflower,species,https://inaturalist-open-data.s3.amazonaws.com/photos/121654136/medium.jpg,Erythranthe microphylla,species,confirmed,1,native,microphylla,"","",accepted,1,0
470643,319976,Erythranthe guttata,seep monkeyflower,species,https://inaturalist-open-data.s3.amazonaws.com/photos/80360799/medium.jpeg,Erythranthe guttata,species,confirmed,1,native,guttata,"","",accepted,1,0
481693,48437,Myriopteris,lip ferns,genus,https://inaturalist-open-data.s3.amazonaws.com/photos/7672580/medium.jpg,,,,,,,,,,,0
514011,52327,Chenopodiastrum,maple and nettle-leaved goosefoots,genus,https://inaturalist-open-data.s3.amazonaws.com/photos/32073392/medium.jpg,,,,,,,,,,,0
537967,51287,Bellardia viscosa,Yellow Glandweed,species,https://static.inaturalist.org/photos/31449/medium.jpg,Bellardia viscosa,species,confirmed,1,exotic,viscosa,"","",accepted,1,0.026
543175,52689,Sambucus racemosa arborescens,Coastal Red Elder,variety,https://inaturalist-open-data.s3.amazonaws.com/photos/7357995/medium.jpeg,Sambucus racemosa var. arborescens,variety,confirmed,1,native,racemosa,"",Sambucus racemosa arborescens,accepted,1,0
545973,319976,Erythranthe nasuta,shy monkeyflower,species,https://inaturalist-open-data.s3.amazonaws.com/photos/117995360/medium.jpeg,Erythranthe nasuta,species,confirmed,1,native,nasuta,"","",accepted,1,0
564969,564913,Chamaenerion angustifolium,fireweed,species,https://inaturalist-open-data.s3.amazonaws.com/photos/589344702/medium.jpg,Chamaenerion angustifolium,species,confirmed,1,native,angustifolium,"","",accepted,1,0
734821,51890,Petrosedum,"",genus,https://inaturalist-open-data.s3.amazonaws.com/photos/105160533/medium.jpeg,,,,,,,,,,,0
771653,47122,Ulex,Gorses,genus,https://static.inaturalist.org/photos/2107349/medium.jpg,,,,,,,,,,,0
771843,319976,Erythranthe alsinoides,wingstem monkeyflower,species,https://inaturalist-open-data.s3.amazonaws.com/photos/119194864/medium.jpg,Erythranthe alsinoides,species,confirmed,1,native,alsinoides,"","",accepted,1,0
771908,319976,Erythranthe ptilota,wing-leaf monkeyflower,species,https://static.inaturalist.org/photos/144748228/medium.jpg,Erythranthe ptilota,species,new,0,native,ptilota,"","",accepted,1,0.5
774894,489052,Struthiopteris spicant,deer fern,species,https://inaturalist-open-data.s3.amazonaws.com/photos/53091615/medium.jpg,Struthiopteris spicant,species,new,1,native,spicant,"","",accepted,1,0
836878,514665,Sabulina macra,Slender Stitchwort,species,https://inaturalist-open-data.s3.amazonaws.com/photos/502604506/medium.jpg,Sabulina macra,species,confirmed,1,native,macra,"","",accepted,1,0
836888,514665,Sabulina pusilla,annual sandwort,species,https://inaturalist-open-data.s3.amazonaws.com/photos/148507/medium.jpg,Sabulina pusilla,species,unconfirmed,1,native,pusilla,"","",accepted,1,0.345
836893,514665,Sabulina rubella,Beautiful Sandwort,species,https://inaturalist-open-data.s3.amazonaws.com/photos/207222249/medium.jpg,Sabulina rubella,species,new,0,native,rubella,"","",accepted,1,0.333
878738,48231,Halerpestes,"",genus,https://inaturalist-open-data.s3.amazonaws.com/photos/65832406/medium.jpeg,,,,,,,,,,,0
939032,53352,Alnus alnobetula sinuata,Sitka Alder,subspecies,https://inaturalist-open-data.s3.amazonaws.com/photos/144379283/medium.jpeg,Alnus viridis ssp. sinuata,subspecies,confirmed,1,native,alnobetula,Alnus alnobetula sinuata,"",unaccepted,1,0.051
950583,48231,Anemonoides,"",genus,https://inaturalist-open-data.s3.amazonaws.com/photos/620917016/medium.jpg,,,,,,,,,,,0
962562,47434,Eriocoma,Western Needlegrasses,genus,https://static.inaturalist.org/photos/95159703/medium.jpg,,,,,,,,,,,0
984576,48596,Campanula rotundifolia,Harebell Complex,complex,https://inaturalist-open-data.s3.amazonaws.com/photos/214019457/medium.jpg,Campanula rotundifolia,complex,unconfirmed,1,native,rotundifolia,"","",accepted,1,0.353
1047010,60092,Rhinanthus groenlandicus,Little Yellow Rattle,species,https://inaturalist-open-data.s3.amazonaws.com/photos/295804562/medium.jpg,Rhinanthus minor ssp. groenlandicus,species,new,0,native,groenlandicus,"","",unaccepted,1,0.014
1087592,49389,Stellaria media,Common Chickweed Complex,complex,https://inaturalist-open-data.s3.amazonaws.com/photos/116412091/medium.jpeg,Stellaria media,complex,confirmed,1,exotic,media,"","",accepted,1,0
1417248,49389,Stellaria sitchana,Sitka starwort,species,https://inaturalist-open-data.s3.amazonaws.com/photos/9000132/medium.jpg,Stellaria borealis ssp. sitchana,subspecies,confirmed,1,native,sitchana,"","",unaccepted,1,0.147
1424143,1424141,Brewerimitella ovalis,coastal miterwort,species,https://inaturalist-open-data.s3.amazonaws.com/photos/276935121/medium.jpg,Pectiantia ovalis,species,confirmed,1,native,ovalis,"","",unaccepted,1,0
1424153,1424152,Pectiantia pentandra,Alpine Mitrewort,species,https://inaturalist-open-data.s3.amazonaws.com/photos/12661948/medium.jpg,Pectiantia pentandra,"","",0,native,pentandra,"","",accepted,1,0
1504703,52643,Juncus gerardi gerardi,mud rush,subspecies,https://inaturalist-open-data.s3.amazonaws.com/photos/368121723/medium.jpg,Juncus gerardii ssp. gerardii,species,confirmed,1,unknown,gerardi,Juncus gerardi gerardi,"",unaccepted,1,0
1527029,53782,Humulus neomexicanus,western hop,species,https://inaturalist-open-data.s3.amazonaws.com/photos/418733288/medium.jpeg,Humulus lupulus var. neomexicanus,species,new,0,unknown,neomexicanus,"","",unaccepted,1,0.167
1639004,58871,Heterocodon rariflorus,western pearlflower,species,https://inaturalist-open-data.s3.amazonaws.com/photos/42067859/medium.jpeg,Heterocodon rariflorus,species,confirmed,1,native,rariflorus,"","",accepted,1,0.02
47203,47204,Lepidium,Pepperweeds,genus,https://inaturalist-open-data.s3.amazonaws.com/photos/59023843/medium.jpg,,,,,,,,,,,0
47216,47217,Calypso,fairy-slippers,genus,https://static.inaturalist.org/photos/358/medium.jpg,,,,,,,,,,,0
47361,47362,Apocynum,dogbanes,genus,https://inaturalist-open-data.s3.amazonaws.com/photos/353214749/medium.jpeg,,,,,,,,,,,0
47603,47604,Taraxacum,dandelions,genus,https://inaturalist-open-data.s3.amazonaws.com/photos/357067554/medium.jpg,,,,,,,,,,,0
47691,47692,Sherardia arvensis,Field madder,species,https://inaturalist-open-data.s3.amazonaws.com/photos/426141892/medium.jpg,Sherardia arvensis,species,confirmed,1,exotic,arvensis,"","",accepted,1,0
47696,47434,Cynosurus,Dog's Tail,genus,https://inaturalist-open-data.s3.amazonaws.com/photos/283098/medium.jpg,,,,,,,,,,,0
47698,47204,Hesperis,"",genus,https://inaturalist-open-data.s3.amazonaws.com/photos/40906909/medium.jpg,,,,,,,,,,,0
47751,47752,Polystichum munitum,western sword fern,species,https://inaturalist-open-data.s3.amazonaws.com/photos/412744739/medium.jpeg,Polystichum munitum,species,confirmed,1,native,munitum,"","",accepted,1,0
47757,47758,Oxalis oregana,Oregon woodsorrel,species,https://inaturalist-open-data.s3.amazonaws.com/photos/75262332/medium.jpg,Oxalis oregana,species,new,1,native,oregana,"","",accepted,1,0
47888,47889,Impatiens capensis,common jewelweed,species,https://inaturalist-open-data.s3.amazonaws.com/photos/419410578/medium.jpg,Impatiens capensis,species,new,1,native,capensis,"","",accepted,1,0
48016,47204,Arabidopsis,"",genus,https://static.inaturalist.org/photos/64416196/medium.jpeg,,,,,,,,,,,0
48031,47217,Platanthera,Bog Orchids,genus,https://inaturalist-open-data.s3.amazonaws.com/photos/78592990/medium.jpeg,,,,,,,,,,,0
48070,48071,Sagittaria latifolia,broadleaf arrowhead,species,https://inaturalist-open-data.s3.amazonaws.com/photos/89848802/medium.jpg,Sagittaria latifolia,variety,unconfirmed,1,native,latifolia,"","",accepted,1,0.309
48160,47604,Centaurea,knapweeds,genus,https://static.inaturalist.org/photos/28956867/medium.jpg,,,,,,,,,,,0
48225,48226,Eschscholzia californica,California poppy,species,https://inaturalist-open-data.s3.amazonaws.com/photos/67227218/medium.jpg,Eschscholzia californica,species,confirmed,1,exotic,californica,"","",accepted,1,0
48251,48245,Aquilegia formosa formosa,crimson columbine,variety,https://inaturalist-open-data.s3.amazonaws.com/photos/379852/medium.jpg,Aquilegia formosa var. formosa,species,confirmed,1,native,formosa,"",Aquilegia formosa formosa,accepted,1,0
48441,48442,Gaultheria shallon,salal,species,https://inaturalist-open-data.s3.amazonaws.com/photos/271254015/medium.jpg,Gaultheria shallon,species,confirmed,1,native,shallon,"","",accepted,1,0
48538,48539,Cytisus scoparius,Scotch Broom,species,https://inaturalist-open-data.s3.amazonaws.com/photos/70985676/medium.jpg,Cytisus scoparius,species,confirmed,1,exotic,scoparius,"","",accepted,1,0
48544,47604,Mycelis,"",genus,https://inaturalist-open-data.s3.amazonaws.com/photos/295924851/medium.jpg,,,,,,,,,,,0
48561,47604,Cirsium,Plume Thistles,genus,https://static.inaturalist.org/photos/59587162/medium.jpg,,,,,,,,,,,0
48624,48623,Nepeta,catmints,genus,https://static.inaturalist.org/photos/24782442/medium.jpeg,,,,,,,,,,,0
48678,47604,Solidago,goldenrods,genus,https://inaturalist-open-data.s3.amazonaws.com/photos/57467655/medium.jpeg,,,,,,,,,,,0
48935,50259,Arceuthobium americanum,Lodgepole Pine Dwarf-Mistletoe,species,https://inaturalist-open-data.s3.amazonaws.com/photos/129989903/medium.jpg,Arceuthobium americanum,species,unconfirmed,1,native,americanum,"","",accepted,1,0.857
48972,48382,Polygonum,knotweeds,genus,https://inaturalist-open-data.s3.amazonaws.com/photos/227072695/medium.jpg,,,,,,,,,,,0
49130,49131,Myosotis scorpioides,water forget-me-not,species,https://inaturalist-open-data.s3.amazonaws.com/photos/199155526/medium.jpg,Myosotis scorpioides,species,confirmed,1,exotic,scorpioides,"","",accepted,1,0
49445,47217,Corallorhiza,Coralroots,genus,https://inaturalist-open-data.s3.amazonaws.com/photos/72829209/medium.jpeg,,,,,,,,,,,0
49652,47204,Cardamine,Bittercresses and Toothworts,genus,https://inaturalist-open-data.s3.amazonaws.com/photos/17401/medium.jpg,,,,,,,,,,,0
49870,49871,Actaea rubra,red baneberry,species,https://inaturalist-open-data.s3.amazonaws.com/photos/247810008/medium.jpeg,Actaea rubra,species,new,0,native,rubra,"","",accepted,1,0.125
50055,47434,Setaria,foxtails and bristlegrasses,genus,https://inaturalist-open-data.s3.amazonaws.com/photos/159937386/medium.jpeg,,,,,,,,,,,0
50299,47148,Fragaria,strawberries,genus,https://inaturalist-open-data.s3.amazonaws.com/photos/56019786/medium.jpg,,,,,,,,,,,0
50612,47121,Lupinus nanus,Sky Lupine,species,https://static.inaturalist.org/photos/3337466/medium.jpg,Lupinus nanus,species,unconfirmed,1,native,nanus,"","",accepted,1,0.252
50614,47121,Lupinus bicolor,Miniature Lupine,species,https://inaturalist-open-data.s3.amazonaws.com/photos/184064245/medium.jpg,Lupinus bicolor,species,confirmed,1,native,bicolor,"","",accepted,1,0
50630,47204,Erysimum,Wallflowers,genus,https://static.inaturalist.org/photos/63101390/medium.jpeg,,,,,,,,,,,0
50707,47217,Cephalanthera,"",genus,https://inaturalist-open-data.s3.amazonaws.com/photos/39297872/medium.jpg,,,,,,,,,,,0
50716,47217,Epipactis,Helleborines,genus,https://inaturalist-open-data.s3.amazonaws.com/photos/4811198/medium.jpeg,,,,,,,,,,,0
50718,47217,Goodyera,rattlesnake plantains,genus,https://inaturalist-open-data.s3.amazonaws.com/photos/150468053/medium.jpeg,,,,,,,,,,,0
50741,47217,Spiranthes,Ladies'-tresses,genus,https://inaturalist-open-data.s3.amazonaws.com/photos/14572/medium.jpg,,,,,,,,,,,0
50790,50791,Linaria vulgaris,common toadflax,species,https://inaturalist-open-data.s3.amazonaws.com/photos/542354433/medium.jpg,Linaria vulgaris,species,new,0,exotic,vulgaris,"","",accepted,1,0
50807,47604,Uropappus,"",genus,https://inaturalist-open-data.s3.amazonaws.com/photos/7016134/medium.jpeg,,,,,,,,,,,0
50841,50842,Hosackia gracilis,witch's-teeth,species,https://static.inaturalist.org/photos/1895532/medium.jpg,Hosackia gracilis,species,confirmed,1,native,gracilis,"","",accepted,1,0
50847,50853,Cerastium arvense strictum,field mouse-ear chickweed,subspecies,https://inaturalist-open-data.s3.amazonaws.com/photos/42426739/medium.jpeg,Cerastium arvense ssp. strictum,subspecies,confirmed,1,native,arvense,Cerastium arvense strictum,"",accepted,1,0
50879,47604,Erigeron,fleabanes and horseweeds,genus,https://inaturalist-open-data.s3.amazonaws.com/photos/471076045/medium.jpg,,,,,,,,,,,0
50988,47604,Lasthenia,goldfields,genus,https://inaturalist-open-data.s3.amazonaws.com/photos/261982606/medium.jpeg,,,,,,,,,,,0
51048,51051,Dicentra formosa,Pacific Bleeding Heart,species,https://inaturalist-open-data.s3.amazonaws.com/photos/304784/medium.jpg,Dicentra formosa ssp. Formosa,species,confirmed,1,native,formosa,"","",invalid,1,0
51306,51309,Linum usitatissimum,common flax,species,https://inaturalist-open-data.s3.amazonaws.com/photos/420040739/medium.jpg,Linum usitatissimum,species,confirmed,1,exotic,usitatissimum,"","",accepted,1,0.061
51610,51611,Veronica chamaedrys,Germander Speedwell,species,https://inaturalist-open-data.s3.amazonaws.com/photos/291786073/medium.jpg,Veronica chamaedrys,species,new,1,exotic,chamaedrys,"","",accepted,1,0
51619,48699,Myrrhis,"",genus,https://inaturalist-open-data.s3.amazonaws.com/photos/929197/medium.jpg,,,,,,,,,,,0
51637,47434,Digitaria,"crabgrasses, cottontops, and allies",genus,https://inaturalist-open-data.s3.amazonaws.com/photos/157290926/medium.jpeg,,,,,,,,,,,0
51649,51644,Tiarella trifoliata trifoliata,Threeleaf Foamflower,variety,https://inaturalist-open-data.s3.amazonaws.com/photos/134228715/medium.jpg,Tiarella trifoliata var. trifoliata,variety,new,0,native,trifoliata,"",Tiarella trifoliata trifoliata,accepted,1,0.167
51650,51644,Tiarella trifoliata laciniata,Lace Foamflower,variety,https://inaturalist-open-data.s3.amazonaws.com/photos/156807242/medium.jpeg,Tiarella trifoliata var. laciniata,variety,new,0,native,trifoliata,"",Tiarella trifoliata laciniata,accepted,1,0.25
51726,49131,Myosotis arvensis,field forget-me-not,species,https://inaturalist-open-data.s3.amazonaws.com/photos/31652471/medium.jpg,Myosotis arvensis,species,confirmed,1,exotic,arvensis,"","",accepted,1,0
51736,47889,Impatiens parviflora,small balsam,species,https://static.inaturalist.org/photos/81949718/medium.jpg,Impatiens parviflora,species,confirmed,1,exotic,parviflora,"","",accepted,1,0.029
51741,51742,Aegopodium podagraria,Goutweed,species,https://static.inaturalist.org/photos/229844810/medium.jpeg,Aegopodium podagraria,species,new,0,exotic,podagraria,"","",accepted,1,0
51751,771653,Ulex europaeus,gorse,species,https://inaturalist-open-data.s3.amazonaws.com/photos/330252085/medium.jpg,Ulex europaeus,species,confirmed,1,exotic,europaeus,"","",accepted,1,0
51769,47604,Gaillardia,Blanketflowers,genus,https://inaturalist-open-data.s3.amazonaws.com/photos/2525729/medium.jpg,,,,,,,,,,,0
51808,48063,Lysimachia punctata,Dotted Loosestrife,species,https://static.inaturalist.org/photos/42493882/medium.jpg,Lysimachia punctata,species,new,0,exotic,punctata,"","",accepted,1,0.143
51809,48063,Lysimachia nummularia,creeping Jenny,species,https://inaturalist-open-data.s3.amazonaws.com/photos/519657907/medium.jpg,Lysimachia nummularia,species,new,0,exotic,nummularia,"","",accepted,1,0
51810,51811,Laburnum anagyroides,Common Laburnum,species,https://inaturalist-open-data.s3.amazonaws.com/photos/73007670/medium.jpeg,Laburnum anagyroides,species,confirmed,1,exotic,anagyroides,"","",accepted,1,0
51822,51821,Euphorbia,Spurges,genus,https://inaturalist-open-data.s3.amazonaws.com/photos/10222514/medium.jpg,,,,,,,,,,,0
51900,47604,Hypochaeris,Cat's-Ears,genus,https://inaturalist-open-data.s3.amazonaws.com/photos/2280301/medium.jpg,,,,,,,,,,,0
51901,47604,Antennaria,pussytoes,genus,https://static.inaturalist.org/photos/284838018/medium.jpg,,,,,,,,,,,0
52163,47204,Cakile,Searockets,genus,https://inaturalist-open-data.s3.amazonaws.com/photos/39469/medium.jpg,,,,,,,,,,,0
52173,48230,Ranunculus californicus,California buttercup,species,https://inaturalist-open-data.s3.amazonaws.com/photos/268067607/medium.jpg,Ranunculus californicus,species,confirmed,1,native,californicus,"","",accepted,1,0
52587,47604,Silybum,"",genus,https://static.inaturalist.org/photos/99604692/medium.jpeg,,,,,,,,,,,0
52655,51935,Drosera anglica,Great Sundew,species,https://inaturalist-open-data.s3.amazonaws.com/photos/4827/medium.jpg,Drosera anglica,species,unconfirmed,1,native,anglica,"","",accepted,1,0.381
52658,51935,Drosera rotundifolia,round-leaved sundew,species,https://static.inaturalist.org/photos/49468506/medium.jpg,Drosera rotundifolia,species,confirmed,1,native,rotundifolia,"","",accepted,1,0.017
52684,52683,Pteridium aquilinum pubescens,Hairy brackenfern,variety,https://inaturalist-open-data.s3.amazonaws.com/photos/567097516/medium.jpg,Pteridium aquilinum var. pubescens,variety,confirmed,1,native,aquilinum,"",Pteridium aquilinum pubescens,accepted,1,0
52693,47434,Agrostis,bent grass,genus,https://inaturalist-open-data.s3.amazonaws.com/photos/97758056/medium.jpeg,,,,,,,,,,,0
52695,47434,Aira,Hair Grass,genus,https://static.inaturalist.org/photos/364292/medium.jpg,,,,,,,,,,,0
52697,47434,Avena,Oats,genus,https://inaturalist-open-data.s3.amazonaws.com/photos/39122466/medium.jpeg,,,,,,,,,,,0
52713,47434,Calamagrostis,Reedgrasses,genus,https://inaturalist-open-data.s3.amazonaws.com/photos/154503428/medium.jpeg,,,,,,,,,,,0
52721,47434,Dactylis,cocks-foot and orchard grasses,genus,https://inaturalist-open-data.s3.amazonaws.com/photos/14604/medium.jpg,,,,,,,,,,,0
52723,47434,Deschampsia,Hair Grass,genus,https://inaturalist-open-data.s3.amazonaws.com/photos/11801/medium.jpg,,,,,,,,,,,0
52765,48623,Prunella,selfheals,genus,https://inaturalist-open-data.s3.amazonaws.com/photos/75591648/medium.jpg,,,,,,,,,,,0
52792,47434,Elymus,wild ryes and wheatgrasses,genus,https://inaturalist-open-data.s3.amazonaws.com/photos/91198864/medium.jpg,,,,,,,,,,,0
52794,47434,Holcus,"",genus,https://static.inaturalist.org/photos/22314776/medium.jpeg,,,,,,,,,,,0
52797,47434,Hordeum,Barleys,genus,https://inaturalist-open-data.s3.amazonaws.com/photos/71926845/medium.jpg,,,,,,,,,,,0
52800,47434,Lolium,Ryegrasses,genus,https://inaturalist-open-data.s3.amazonaws.com/photos/17441417/medium.jpg,,,,,,,,,,,0
52809,47434,Poa,Meadow-grasses,genus,https://static.inaturalist.org/photos/8360831/medium.jpg,,,,,,,,,,,0
52818,47604,Achillea,yarrows,genus,https://static.inaturalist.org/photos/19971995/medium.jpeg,,,,,,,,,,,0
52829,47604,Agoseris,mountain dandelions,genus,https://inaturalist-open-data.s3.amazonaws.com/photos/90108749/medium.jpg,,,,,,,,,,,0
52834,47604,Anaphalis,everlastings,genus,https://static.inaturalist.org/photos/300017666/medium.jpeg,,,,,,,,,,,0
52842,47604,Anthemis,Chamomiles,genus,https://inaturalist-open-data.s3.amazonaws.com/photos/174802475/medium.jpg,,,,,,,,,,,0
52843,47604,Tripleurospermum,"",genus,https://inaturalist-open-data.s3.amazonaws.com/photos/9823/medium.jpg,,,,,,,,,,,0
52845,47604,Matricaria,German chamomiles and pineapple-weeds,genus,https://inaturalist-open-data.s3.amazonaws.com/photos/10253/medium.jpg,,,,,,,,,,,0
52847,48699,Anthriscus,Chervils,genus,https://static.inaturalist.org/photos/39295509/medium.jpg,,,,,,,,,,,0
52855,47604,Artemisia,wormwoods and sagebrushes,genus,https://inaturalist-open-data.s3.amazonaws.com/photos/142854263/medium.jpeg,,,,,,,,,,,0
52858,52861,Asarum caudatum,Western Wild Ginger,species,https://inaturalist-open-data.s3.amazonaws.com/photos/500166528/medium.jpg,Asarum caudatum,species,confirmed,1,native,caudatum,"","",accepted,1,0
52914,47604,Cichorium,chicories and endives,genus,https://inaturalist-open-data.s3.amazonaws.com/photos/283894255/medium.jpg,,,,,,,,,,,0
52935,47604,Eupatorium,bonesets,genus,https://inaturalist-open-data.s3.amazonaws.com/photos/24639390/medium.jpeg,,,,,,,,,,,0
52975,47604,Eurybia,wood asters,genus,https://inaturalist-open-data.s3.amazonaws.com/photos/50377570/medium.jpg,,,,,,,,,,,0
52977,47204,Barbarea,wintercresses,genus,https://inaturalist-open-data.s3.amazonaws.com/photos/38482827/medium.jpg,,,,,,,,,,,0
52979,47204,Capsella,Shepherd's-purses,genus,https://inaturalist-open-data.s3.amazonaws.com/photos/126658471/medium.jpeg,,,,,,,,,,,0
52998,52999,Conium maculatum,poison hemlock,species,https://inaturalist-open-data.s3.amazonaws.com/photos/18903781/medium.jpg,Conium maculatum,species,confirmed,1,exotic,maculatum,"","",accepted,1,0
53002,52995,Claytonia perfoliata perfoliata,"",subspecies,https://static.inaturalist.org/photos/26614/medium.JPG,Claytonia perfoliata ssp. perfoliata,subspecies,confirmed,1,native,perfoliata,Claytonia perfoliata perfoliata,"",accepted,1,0
53021,53022,Convolvulus arvensis,field bindweed,species,https://inaturalist-open-data.s3.amazonaws.com/photos/45045895/medium.jpg,Convolvulus arvensis,species,confirmed,1,exotic,arvensis,"","",accepted,1,0
53026,47604,Cotula,Buttons,genus,https://inaturalist-open-data.s3.amazonaws.com/photos/64997138/medium.jpg,,,,,,,,,,,0
53036,47604,Ambrosia,Ragweeds,genus,https://inaturalist-open-data.s3.amazonaws.com/photos/110847951/medium.jpeg,,,,,,,,,,,0
53045,52972,Epilobium ciliatum ciliatum,fringed willowherb,subspecies,https://inaturalist-open-data.s3.amazonaws.com/photos/20060836/medium.jpeg,Epilobium ciliatum ssp. ciliatum,subspecies,confirmed,1,native,ciliatum,Epilobium ciliatum ciliatum,"",accepted,1,1
53052,53053,Foeniculum vulgare,fennel,species,https://static.inaturalist.org/photos/50868492/medium.jpg,Foeniculum vulgare,species,confirmed,1,exotic,vulgare,"","",accepted,1,0
53065,53060,Galium triflorum,fragrant bedstraw,species,https://inaturalist-open-data.s3.amazonaws.com/photos/344310633/medium.jpg,Galium triflorum,species,confirmed,1,native,triflorum,"","",accepted,1,0
53075,47701,Geranium dissectum,Cut-leaved crane's-bill,species,https://static.inaturalist.org/photos/39432181/medium.jpg,Geranium dissectum,species,confirmed,1,exotic,dissectum,"","",accepted,1,0
53078,47604,Pseudognaphalium,rabbit-tobaccos,genus,https://inaturalist-open-data.s3.amazonaws.com/photos/49732889/medium.jpg,,,,,,,,,,,0
53082,47604,Gnaphalium,cudweeds,genus,https://inaturalist-open-data.s3.amazonaws.com/photos/47654653/medium.jpg,,,,,,,,,,,0
53093,47604,Helenium,sneezeweeds,genus,https://inaturalist-open-data.s3.amazonaws.com/photos/88727490/medium.jpg,,,,,,,,,,,0
53094,53095,Heracleum maximum,common cowparsnip,species,https://inaturalist-open-data.s3.amazonaws.com/photos/137558496/medium.jpg,Heracleum maximum,species,confirmed,1,native,maximum,"","",accepted,1,0
53106,47604,Lactuca,wild lettuces,genus,https://inaturalist-open-data.s3.amazonaws.com/photos/91403681/medium.jpg,,,,,,,,,,,0
53113,47204,Brassica,cabbages and mustards,genus,https://inaturalist-open-data.s3.amazonaws.com/photos/6441380/medium.jpg,,,,,,,,,,,0
53135,53136,Madia gracilis,grassy tarweed,species,https://inaturalist-open-data.s3.amazonaws.com/photos/272767956/medium.jpg,Madia gracilis,species,confirmed,1,native,gracilis,"","",accepted,1,0
53137,53141,Anisocarpus madioides,woodland madia,species,https://inaturalist-open-data.s3.amazonaws.com/photos/3533149/medium.jpg,Anisocarpus madioides,species,confirmed,1,native,madioides,"","",accepted,1,0
53143,53136,Madia sativa,coast tarweed,species,https://static.inaturalist.org/photos/214033351/medium.jpg,Madia sativa,species,confirmed,1,exotic,sativa,"","",accepted,1,0.02
53167,48699,Osmorhiza,sweet cicely,genus,https://inaturalist-open-data.s3.amazonaws.com/photos/4817759/medium.jpeg,,,,,,,,,,,0
53168,47758,Oxalis corniculata,Creeping Woodsorrel,species,https://inaturalist-open-data.s3.amazonaws.com/photos/279196/medium.jpg,Oxalis corniculata,species,new,1,exotic,corniculata,"","",accepted,1,0
53183,47758,Oxalis stricta,upright yellow woodsorrel,species,https://static.inaturalist.org/photos/165647304/medium.jpg,Oxalis stricta,species,new,0,exotic,stricta,"","",accepted,1,0
53186,47148,Potentilla,cinquefoils,genus,https://inaturalist-open-data.s3.amazonaws.com/photos/29778840/medium.jpg,,,,,,,,,,,0
53189,47604,Psilocarphus,Woolly-Marbles,genus,https://inaturalist-open-data.s3.amazonaws.com/photos/176157768/medium.jpeg,,,,,,,,,,,0
53191,53192,Pterostegia drymarioides,Fairy Mist,species,https://static.inaturalist.org/photos/1947422/medium.jpg,Pterostegia drymarioides,"","",0,unknown,drymarioides,"","",accepted,1,0
53198,53199,Rupertia physodes,forest scurfpea,species,https://inaturalist-open-data.s3.amazonaws.com/photos/23591918/medium.jpg,Rupertia physodes,species,confirmed,1,native,physodes,"","",accepted,1,0.009
53204,48623,Clinopodium,Calamints,genus,https://inaturalist-open-data.s3.amazonaws.com/photos/82741061/medium.jpg,,,,,,,,,,,0
53207,47604,Senecio,groundsels,genus,https://inaturalist-open-data.s3.amazonaws.com/photos/10991261/medium.jpeg,,,,,,,,,,,0
53267,47204,Sisymbrium,Hedgemustards,genus,https://inaturalist-open-data.s3.amazonaws.com/photos/56156876/medium.jpg,,,,,,,,,,,0
53268,50249,Maianthemum stellatum,star-flowered lily-of-the-valley,species,https://inaturalist-open-data.s3.amazonaws.com/photos/5315/medium.jpg,Maianthemum stellatum,species,confirmed,1,native,stellatum,"","",accepted,1,0
53270,47604,Sonchus,sow thistles,genus,https://inaturalist-open-data.s3.amazonaws.com/photos/15490773/medium.jpeg,,,,,,,,,,,0
53305,48699,Torilis,hedge parslies,genus,https://inaturalist-open-data.s3.amazonaws.com/photos/176506656/medium.jpg,,,,,,,,,,,0
53322,52472,Vicia gigantea,giant vetch,species,https://inaturalist-open-data.s3.amazonaws.com/photos/505767784/medium.jpg,Vicia nigricans var. gigantea,species,new,0,native,gigantea,"","",unaccepted,1,0
53327,47362,Vinca,periwinkles,genus,https://inaturalist-open-data.s3.amazonaws.com/photos/94954066/medium.jpeg,,,,,,,,,,,0
53366,47193,Cornus sericea occidentalis,western dogwood,subspecies,https://inaturalist-open-data.s3.amazonaws.com/photos/89793568/medium.jpeg,Cornus occidentalis,subspecies,new,0,native,sericea,Cornus sericea occidentalis,"",unaccepted,1,0.833
53396,47604,Eriophyllum,Woolly sunflowers,genus,https://inaturalist-open-data.s3.amazonaws.com/photos/200883682/medium.jpg,,,,,,,,,,,0
53416,51874,Lonicera hispidula,Pink Honeysuckle,species,https://inaturalist-open-data.s3.amazonaws.com/photos/91736943/medium.jpeg,Lonicera hispidula,species,confirmed,1,native,hispidula,"","",accepted,1,0
53419,53420,Oemleria cerasiformis,Osoberry,species,https://inaturalist-open-data.s3.amazonaws.com/photos/5410/medium.jpg,Oemleria cerasiformis,species,confirmed,1,native,cerasiformis,"","",accepted,1,0
53547,53549,Ulmus americana,American elm,species,https://inaturalist-open-data.s3.amazonaws.com/photos/8798295/medium.jpeg,Ulmus americana,species,new,0,exotic,americana,"","",accepted,1,0
53771,53376,Cotoneaster horizontalis,Wall cotoneaster,species,https://inaturalist-open-data.s3.amazonaws.com/photos/1680590/medium.jpg,Cotoneaster horizontalis,species,confirmed,1,exotic,horizontalis,"","",accepted,1,0
53785,53787,Fumaria officinalis,Common Fumitory,species,https://inaturalist-open-data.s3.amazonaws.com/photos/51645699/medium.jpg,Fumaria officinalis,species,confirmed,1,exotic,officinalis,"","",accepted,1,0.038
53910,47746,Equisetum hyemale affine,western scouringrush,subspecies,https://inaturalist-open-data.s3.amazonaws.com/photos/615460/medium.jpg,Equisetum hyemale ssp. affine,subspecies,confirmed,1,native,hyemale,Equisetum hyemale affine,"",accepted,1,0
53983,53984,Digitalis purpurea,purple foxglove,species,https://inaturalist-open-data.s3.amazonaws.com/photos/179728943/medium.jpeg,Digitalis purpurea,species,new,1,exotic,purpurea,"","",accepted,1,0
54047,47604,Microseris,silverpuffs,genus,https://inaturalist-open-data.s3.amazonaws.com/photos/30757058/medium.jpeg,,,,,,,,,,,0
54051,47604,Crepis,hawksbeards,genus,https://inaturalist-open-data.s3.amazonaws.com/photos/1185795/medium.jpg,,,,,,,,,,,0
54142,47604,Tragopogon,Salsifies,genus,https://inaturalist-open-data.s3.amazonaws.com/photos/384473289/medium.jpeg,,,,,,,,,,,0
54332,47204,Nasturtium,Watercresses,genus,https://inaturalist-open-data.s3.amazonaws.com/photos/40694653/medium.jpg,,,,,,,,,,,0
54521,47604,Tanacetum,tansies,genus,https://static.inaturalist.org/photos/86915918/medium.jpeg,,,,,,,,,,,0
54522,54523,Pisum sativum,Common Pea,species,https://inaturalist-open-data.s3.amazonaws.com/photos/57714057/medium.jpg,Pisum sativum,species,new,1,exotic,sativum,"","",accepted,1,0.571
54570,48623,Mentha,mints,genus,https://inaturalist-open-data.s3.amazonaws.com/photos/1186003/medium.jpg,,,,,,,,,,,0
54605,54604,Marrubium vulgare,White Horehound,species,https://inaturalist-open-data.s3.amazonaws.com/photos/276099846/medium.jpg,Marrubium vulgare,species,confirmed,1,exotic,vulgare,"","",accepted,1,0
54677,47204,Rorippa,yellowcresses,genus,https://inaturalist-open-data.s3.amazonaws.com/photos/90030042/medium.jpeg,,,,,,,,,,,0
54841,53453,Salix alba,white willow,species,https://inaturalist-open-data.s3.amazonaws.com/photos/70159039/medium.jpeg,Salix alba,species,new,0,exotic,alba,"","",accepted,1,0.167
54846,53453,Salix lucida,shining willow,species,https://static.inaturalist.org/photos/182253816/medium.jpg,Salix lucida,species,confirmed,1,unknown,lucida,"","",accepted,1,0.029
54923,47604,Packera,American groundsels and ragworts,genus,https://inaturalist-open-data.s3.amazonaws.com/photos/13243258/medium.jpg,,,,,,,,,,,0
55104,52680,Polypodium glycyrrhiza,licorice fern,species,https://inaturalist-open-data.s3.amazonaws.com/photos/112316556/medium.jpeg,Polypodium glycyrrhiza,species,confirmed,1,native,glycyrrhiza,"","",accepted,1,0
55326,47204,Lunaria,honesties,genus,https://inaturalist-open-data.s3.amazonaws.com/photos/9865/medium.jpg,,,,,,,,,,,0
55365,47604,Grindelia,gumplants,genus,https://inaturalist-open-data.s3.amazonaws.com/photos/195833808/medium.jpg,,,,,,,,,,,0
55412,47204,Raphanus,Radishes,genus,https://inaturalist-open-data.s3.amazonaws.com/photos/61669677/medium.jpeg,,,,,,,,,,,0
55458,47204,Thysanocarpus,Fringepods,genus,https://inaturalist-open-data.s3.amazonaws.com/photos/13050/medium.jpg,,,,,,,,,,,0
55466,53202,Sanicula arctopoides,Footsteps of spring,species,https://inaturalist-open-data.s3.amazonaws.com/photos/63522634/medium.jpeg,Sanicula arctopoides,species,confirmed,1,native,arctopoides,"","",accepted,1,0
55564,47604,Bellis,"",genus,https://inaturalist-open-data.s3.amazonaws.com/photos/3908816/medium.jpg,,,,,,,,,,,0
55620,50641,Solanum dulcamara,bittersweet nightshade,species,https://inaturalist-open-data.s3.amazonaws.com/photos/70860715/medium.jpeg,Solanum dulcamara var. dulcamara,species,confirmed,1,exotic,dulcamara,"","",unaccepted,1,0
55725,48150,Symphytum,Comfreys,genus,https://inaturalist-open-data.s3.amazonaws.com/photos/2031387/medium.JPG,,,,,,,,,,,0
55737,47148,Sanguisorba,burnets,genus,https://inaturalist-open-data.s3.amazonaws.com/photos/21536938/medium.jpg,,,,,,,,,,,0
55748,51611,Veronica arvensis,corn speedwell,species,https://static.inaturalist.org/photos/70848855/medium.jpg,Veronica arvensis,species,confirmed,1,exotic,arvensis,"","",accepted,1,0
55749,51611,Veronica serpyllifolia,thyme-leaved speedwell,species,https://inaturalist-open-data.s3.amazonaws.com/photos/9573/medium.jpg,Veronica serpyllifolia,species,confirmed,1,exotic,serpyllifolia,"","",accepted,1,0
55757,55758,Chelidonium majus,Greater celandine,species,https://inaturalist-open-data.s3.amazonaws.com/photos/7431957/medium.jpg,Chelidonium majus,species,new,0,exotic,majus,"","",accepted,1,0
55770,47781,Crocus,Crocuses,genus,https://inaturalist-open-data.s3.amazonaws.com/photos/111025487/medium.jpeg,,,,,,,,,,,0
55779,47604,Petasites,Butterburs,genus,https://inaturalist-open-data.s3.amazonaws.com/photos/180164398/medium.jpeg,,,,,,,,,,,0
55809,55810,Leucojum aestivum,Summer snowflake,species,https://inaturalist-open-data.s3.amazonaws.com/photos/349353226/medium.jpeg,Leucojum aestivum,species,new,0,exotic,aestivum,"","",accepted,1,0
55824,47204,Draba,Drabas,genus,https://inaturalist-open-data.s3.amazonaws.com/photos/267431236/medium.jpeg,,,,,,,,,,,0
55826,49131,Myosotis sylvatica,Wood Forget-me-not,species,https://inaturalist-open-data.s3.amazonaws.com/photos/363401670/medium.jpeg,Myosotis sylvatica,species,confirmed,1,exotic,sylvatica,"","",accepted,1,0
55831,48623,Glechoma,ground-ivies,genus,https://inaturalist-open-data.s3.amazonaws.com/photos/483918587/medium.jpeg,,,,,,,,,,,0
55854,48943,Datura stramonium,jimsonweed,species,https://static.inaturalist.org/photos/153860760/medium.jpeg,Datura stramonium,species,confirmed,1,exotic,stramonium,"","",accepted,1,0.022
55910,47604,Hieracium,hawkweeds,genus,https://inaturalist-open-data.s3.amazonaws.com/photos/72202962/medium.jpeg,,,,,,,,,,,0
55925,47701,Geranium robertianum,Herb Robert,species,https://inaturalist-open-data.s3.amazonaws.com/photos/85572773/medium.jpg,Geranium robertianum,species,confirmed,1,exotic,robertianum,"","",accepted,1,0
55977,55978,Malva moschata,musk mallow,species,https://inaturalist-open-data.s3.amazonaws.com/photos/138963389/medium.jpg,Malva moschata,species,new,1,exotic,moschata,"","",accepted,1,0
55982,47604,Lapsana,Nippleworts,genus,https://inaturalist-open-data.s3.amazonaws.com/photos/10127/medium.jpg,,,,,,,,,,,0
56023,47148,Alchemilla,Lady's-mantles,genus,https://static.inaturalist.org/photos/200085309/medium.jpeg,,,,,,,,,,,0
56058,47604,Leucanthemum,Oxeye Daisies,genus,https://inaturalist-open-data.s3.amazonaws.com/photos/73086618/medium.jpg,,,,,,,,,,,0
56062,47204,Alliaria,garlic mustards,genus,https://static.inaturalist.org/photos/195172644/medium.jpg,,,,,,,,,,,0
56063,48582,Sorbus aucuparia,European mountain ash,species,https://inaturalist-open-data.s3.amazonaws.com/photos/10450/medium.jpg,Sorbus aucuparia,species,confirmed,1,exotic,aucuparia,"","",accepted,1,0
56065,53060,Galium odoratum,Sweet Woodruff,species,https://inaturalist-open-data.s3.amazonaws.com/photos/74944506/medium.jpg,Galium odoratum,species,new,1,exotic,odoratum,"","",accepted,1,0
56088,56089,Robinia pseudoacacia,black locust,species,https://inaturalist-open-data.s3.amazonaws.com/photos/37431398/medium.jpeg,Robinia pseudoacacia,species,confirmed,1,exotic,pseudoacacia,"","",accepted,1,0
56112,47604,Symphyotrichum,American asters,genus,https://inaturalist-open-data.s3.amazonaws.com/photos/5044116/medium.jpg,,,,,,,,,,,0
56132,56095,Hyacinthoides non-scripta,bluebell,species,https://inaturalist-open-data.s3.amazonaws.com/photos/10647/medium.jpg,Hyacinthoides non-scripta,species,confirmed,1,exotic,non-scripta,"","",accepted,1,0
56154,56155,Saponaria officinalis,common soapwort,species,https://inaturalist-open-data.s3.amazonaws.com/photos/10694/medium.jpg,Saponaria officinalis,species,confirmed,1,exotic,officinalis,"","",accepted,1,0.027
56162,55978,Malva sylvestris,Common Mallow,species,https://inaturalist-open-data.s3.amazonaws.com/photos/608220986/medium.jpg,Malva sylvestris,species,new,1,exotic,sylvestris,"","",accepted,1,0
56171,56172,Leonurus cardiaca,common motherwort,species,https://inaturalist-open-data.s3.amazonaws.com/photos/10720/medium.jpg,Leonurus cardiaca,species,new,0,exotic,cardiaca,"","",accepted,1,0
56174,56175,Echium vulgare,viper's-bugloss,species,https://inaturalist-open-data.s3.amazonaws.com/photos/130825766/medium.jpg,Echium vulgare,species,confirmed,1,exotic,vulgare,"","",accepted,1,0
56223,47604,Tussilago,"",genus,https://inaturalist-open-data.s3.amazonaws.com/photos/33353003/medium.jpeg,,,,,,,,,,,0
56236,56234,Centaurium erythraea,Common centaury,species,https://inaturalist-open-data.s3.amazonaws.com/photos/606419153/medium.jpg,Centaurium erythraea,species,new,0,exotic,erythraea,"","",accepted,1,0
56620,52972,Epilobium tetragonum tetragonum,"",subspecies,https://inaturalist-open-data.s3.amazonaws.com/photos/59123369/medium.jpg,Epilobium tetragonum ssp. tetragonum,species,new,1,exotic,tetragonum,Epilobium tetragonum tetragonum,"",accepted,1,0.8
56727,48699,Daucus,carrots,genus,https://static.inaturalist.org/photos/56882175/medium.jpeg,,,,,,,,,,,0
56827,55343,Lomatium utriculatum,Foothill desert-parsley,species,https://inaturalist-open-data.s3.amazonaws.com/photos/119730003/medium.jpg,Lomatium utriculatum,species,confirmed,1,native,utriculatum,"","",accepted,1,0
56840,53202,Sanicula bipinnatifida,Purple Sanicle,species,https://inaturalist-open-data.s3.amazonaws.com/photos/260889818/medium.jpg,Sanicula bipinnatifida,species,confirmed,1,native,bipinnatifida,"","",accepted,1,0
56844,48699,Scandix,"",genus,https://inaturalist-open-data.s3.amazonaws.com/photos/13507730/medium.jpg,,,,,,,,,,,0
56848,48699,Yabea,"",genus,https://inaturalist-open-data.s3.amazonaws.com/photos/258617/medium.jpg,,,,,,,,,,,0
56854,56855,Adenocaulon bicolor,American trailplant,species,https://inaturalist-open-data.s3.amazonaws.com/photos/3471018/medium.jpeg,Adenocaulon bicolor,species,confirmed,1,native,bicolor,"","",accepted,1,0
56955,47604,Helianthus,sunflowers,genus,https://inaturalist-open-data.s3.amazonaws.com/photos/112547785/medium.jpg,,,,,,,,,,,0
56971,53136,Madia exigua,small tarweed,species,https://inaturalist-open-data.s3.amazonaws.com/photos/198254770/medium.jpeg,Madia exigua,species,confirmed,1,native,exigua,"","",accepted,1,0.102
56993,47204,Lobularia,"",genus,https://inaturalist-open-data.s3.amazonaws.com/photos/1187855/medium.jpg,,,,,,,,,,,0
56998,55677,Sagina apetala,Annual Pearlwort,species,https://inaturalist-open-data.s3.amazonaws.com/photos/509292619/medium.jpg,Sagina apetala,species,confirmed,1,exotic,apetala,"","",accepted,1,0.033
57000,55677,Sagina decumbens occidentalis,western pearlwort,subspecies,https://inaturalist-open-data.s3.amazonaws.com/photos/33104549/medium.jpeg,Sagina decumbens ssp. occidentalis,subspecies,confirmed,1,native,decumbens,Sagina decumbens occidentalis,"",accepted,1,0
57020,57022,Eleocharis acicularis,Needle Spikerush,species,https://inaturalist-open-data.s3.amazonaws.com/photos/409910492/medium.jpeg,Eleocharis acicularis,species,unconfirmed,1,native,acicularis,"","",accepted,1,0.309
57032,47746,Equisetum telmateia braunii,Braun's Giant Horsetail,subspecies,https://static.inaturalist.org/photos/66893591/medium.jpg,Equisetum telmateia ssp. braunii,subspecies,confirmed,1,native,telmateia,Equisetum telmateia braunii,"",accepted,1,0
57048,64336,Acmispon parviflorus,Short-flower Deervetch,species,https://inaturalist-open-data.s3.amazonaws.com/photos/147260/medium.jpg,Acmispon parviflorus,species,confirmed,1,native,parviflorus,"","",accepted,1,0
57066,57067,Melilotus officinalis,Yellow Sweetclover,species,https://inaturalist-open-data.s3.amazonaws.com/photos/79309141/medium.jpg,Melilotus officinalis,species,new,0,exotic,officinalis,"","",accepted,1,0.143
57069,47121,Lupinus microcarpus,chick lupine,species,https://inaturalist-open-data.s3.amazonaws.com/photos/70038146/medium.jpg,Lupinus microcarpus,species,confirmed,1,native,microcarpus,"","",accepted,1,0
57107,52643,Juncus bufonius,Toad rush,species,https://inaturalist-open-data.s3.amazonaws.com/photos/530438230/medium.jpg,Juncus bufonius var. bufonius,species,confirmed,1,native,bufonius,"","",unaccepted,1,0
57111,55796,Luzula comosa,Pacific Woodrush,species,https://inaturalist-open-data.s3.amazonaws.com/photos/376275332/medium.jpeg,Luzula comosa,species,new,0,native,comosa,"","",accepted,1,0
57146,47789,Clarkia purpurea quadrivulnera,four-spot,subspecies,https://inaturalist-open-data.s3.amazonaws.com/photos/12650408/medium.jpeg,Clarkia quadrivulnera,species,new,1,native,purpurea,Clarkia purpurea quadrivulnera,"",invalid,1,0.045
57160,47434,Briza,Rattlesnake Grasses,genus,https://inaturalist-open-data.s3.amazonaws.com/photos/32507/medium.jpg,,,,,,,,,,,0
57165,57166,Danthonia californica,California oatgrass,species,https://inaturalist-open-data.s3.amazonaws.com/photos/431713/medium.jpg,Danthonia californica,species,confirmed,1,native,californica,"","",accepted,1,0
57170,47434,Festuca,Fescues,genus,https://inaturalist-open-data.s3.amazonaws.com/photos/41600338/medium.jpeg,,,,,,,,,,,0
57185,47434,Leymus,"",genus,https://inaturalist-open-data.s3.amazonaws.com/photos/11813/medium.jpg,,,,,,,,,,,0
57187,47434,Koeleria,Junegrasses,genus,https://inaturalist-open-data.s3.amazonaws.com/photos/79378658/medium.jpg,,,,,,,,,,,0
57189,47434,Phalaris,Canarygrasses,genus,https://inaturalist-open-data.s3.amazonaws.com/photos/11818/medium.jpg,,,,,,,,,,,0
57193,47434,Phleum,Timothies,genus,https://inaturalist-open-data.s3.amazonaws.com/photos/209619890/medium.jpg,,,,,,,,,,,0
57200,47434,Polypogon,"",genus,https://inaturalist-open-data.s3.amazonaws.com/photos/18998186/medium.jpeg,,,,,,,,,,,0
57229,52995,Claytonia exigua glauca,Glaucous Springbeauty,subspecies,https://inaturalist-open-data.s3.amazonaws.com/photos/12359172/medium.jpeg,Claytonia exigua ssp. glauca,subspecies,confirmed,1,native,exigua,Claytonia exigua glauca,"",accepted,1,0
57234,52995,Claytonia exigua exigua,"",subspecies,https://inaturalist-open-data.s3.amazonaws.com/photos/6527551/medium.jpg,Claytonia exigua ssp. exigua,species,confirmed,1,native,exigua,Claytonia exigua exigua,"",accepted,1,0.019
57249,57251,Physocarpus capitatus,Pacific ninebark,species,https://static.inaturalist.org/photos/133641026/medium.jpeg,Physocarpus capitatus,species,confirmed,1,native,capitatus,"","",accepted,1,0
57254,54052,Pyracantha coccinea,Firethorn,species,https://inaturalist-open-data.s3.amazonaws.com/photos/334597305/medium.jpeg,Pyracantha coccinea,species,confirmed,1,exotic,coccinea,"","",accepted,1,0
57317,52472,Vicia villosa,hairy vetch,species,https://inaturalist-open-data.s3.amazonaws.com/photos/344614087/medium.jpeg,Vicia villosa,species,confirmed,0,exotic,villosa,"","",accepted,1,0
57481,56031,Calystegia sepium,hedge bindweed,species,https://inaturalist-open-data.s3.amazonaws.com/photos/5313410/medium.jpg,Calystegia sepium,species,confirmed,1,exotic,sepium,"","",accepted,1,0
57514,51607,Galanthus elwesii,greater snowdrop,species,https://static.inaturalist.org/photos/12112/medium.jpg,Galanthus elwesii,species,new,1,exotic,elwesii,"","",accepted,1,0
57525,47604,Crocidium,"",genus,https://inaturalist-open-data.s3.amazonaws.com/photos/6743475/medium.jpg,,,,,,,,,,,0
57635,56095,Hyacinthoides hispanica,Spanish Bluebell,species,https://static.inaturalist.org/photos/22062607/medium.jpeg,Hyacinthoides hispanica,species,confirmed,1,exotic,hispanica,"","",accepted,1,0
57643,47701,Geranium purpureum,Little-Robin,species,https://inaturalist-open-data.s3.amazonaws.com/photos/70705593/medium.jpg,Geranium purpureum,species,new,0,exotic,purpureum,"","",accepted,1,0
57697,51694,Cryptantha torreyana,Torrey's Cryptantha,species,https://inaturalist-open-data.s3.amazonaws.com/photos/415032229/medium.jpg,Cryptantha torreyana,"","",0,native,torreyana,"","",accepted,1,0
57787,57285,Plectritis congesta brachystemon,Pink Plectritis,subspecies,https://inaturalist-open-data.s3.amazonaws.com/photos/197028733/medium.jpg,Plectritis brachystemon,subspecies,new,0,native,congesta,Plectritis congesta brachystemon,"",unaccepted,1,0.1
57862,57863,Rhynchospora alba,white beak-sedge,species,https://inaturalist-open-data.s3.amazonaws.com/photos/439968923/medium.jpeg,Rhynchospora alba,"",unconfirmed,0,native,alba,"","",accepted,1,0.432
57976,47604,Filago,cudweeds,genus,https://inaturalist-open-data.s3.amazonaws.com/photos/73639992/medium.jpeg,,,,,,,,,,,0
58066,49139,Plagiobothrys tenellus,Pacific popcornflower,species,https://inaturalist-open-data.s3.amazonaws.com/photos/708778/medium.jpg,Plagiobothrys tenellus,species,confirmed,1,native,tenellus,"","",accepted,1,0
58068,47204,Arabis,Rock-cresses,genus,https://inaturalist-open-data.s3.amazonaws.com/photos/15158/medium.jpg,,,,,,,,,,,0
58070,47204,Athysanus,"",genus,https://inaturalist-open-data.s3.amazonaws.com/photos/264032231/medium.jpeg,,,,,,,,,,,0
58073,47204,Descurainia,Tansymustards,genus,https://static.inaturalist.org/photos/90963163/medium.jpeg,,,,,,,,,,,0
58127,48439,Chenopodium album,Common Lambsquarters,species,https://inaturalist-open-data.s3.amazonaws.com/photos/234299048/medium.jpeg,Chenopodium album,species,confirmed,1,exotic,album,"","",accepted,1,0
58202,55978,Malva parviflora,cheeseweed mallow,species,https://inaturalist-open-data.s3.amazonaws.com/photos/182669400/medium.jpeg,Malva parviflora,species,new,0,exotic,parviflora,"","",accepted,1,0.007
58296,52995,Claytonia parviflora parviflora,Little-flower Springbeauty,subspecies,https://inaturalist-open-data.s3.amazonaws.com/photos/1876989/medium.jpg,Claytonia parviflora ssp. parviflora,species,confirmed,1,native,parviflora,Claytonia parviflora parviflora,"",accepted,1,0
58306,58307,Myosurus minimus,Tiny Mousetail,species,https://inaturalist-open-data.s3.amazonaws.com/photos/512040887/medium.jpg,Myosurus minimus,species,confirmed,1,native,minimus,"","",accepted,1,0
58365,47434,Alopecurus,Foxtail grasses,genus,https://inaturalist-open-data.s3.amazonaws.com/photos/42036458/medium.jpeg,,,,,,,,,,,0
58373,47434,Distichlis,"",genus,https://inaturalist-open-data.s3.amazonaws.com/photos/12854/medium.jpg,,,,,,,,,,,0
58374,47434,Echinochloa,Barnyard Grasses,genus,https://inaturalist-open-data.s3.amazonaws.com/photos/58692437/medium.jpeg,,,,,,,,,,,0
58375,47434,Cynodon,Bermuda Grasses,genus,https://static.inaturalist.org/photos/32306241/medium.jpeg,,,,,,,,,,,0
58388,47434,Sorghum,"Johnsongrasses, milos, sudangrasses, and allies",genus,https://static.inaturalist.org/photos/84936503/medium.jpg,,,,,,,,,,,0
58390,47434,Triticum,Wheats,genus,https://inaturalist-open-data.s3.amazonaws.com/photos/75684/medium.jpg,,,,,,,,,,,0
58755,58756,Cystopteris fragilis,brittle bladderfern,species,https://inaturalist-open-data.s3.amazonaws.com/photos/76902942/medium.jpg,Cystopteris fragilis,species,confirmed,1,native,fragilis,"","",accepted,1,0
58776,52326,Amaranthus retroflexus,Redroot Amaranth,species,https://inaturalist-open-data.s3.amazonaws.com/photos/92981720/medium.jpeg,Amaranthus retroflexus,species,confirmed,1,exotic,retroflexus,"","",accepted,1,0.014
58827,47604,Euthamia,grass-leaved goldenrods,genus,https://inaturalist-open-data.s3.amazonaws.com/photos/166199361/medium.jpg,,,,,,,,,,,0
58907,57067,Melilotus albus,White Sweetclover,species,https://inaturalist-open-data.s3.amazonaws.com/photos/16273/medium.jpg,Melilotus albus,species,new,0,exotic,albus,"","",accepted,1,0
58917,47701,Geranium carolinianum,Carolina crane's-bill,species,https://inaturalist-open-data.s3.amazonaws.com/photos/373139186/medium.jpg,Geranium carolinianum,species,confirmed,1,native,carolinianum,"","",accepted,1,0
58921,50651,Nemophila parviflora parviflora,Small-flower Nemophila,variety,https://static.inaturalist.org/photos/4130721/medium.jpg,Nemophila parviflora var. parviflora,variety,confirmed,1,native,parviflora,"",Nemophila parviflora parviflora,accepted,1,0
59005,53060,Galium murale,tiny bedstraw,species,https://static.inaturalist.org/photos/196259484/medium.jpg,Galium murale,species,new,1,exotic,murale,"","",accepted,1,0.111
59012,49340,Castilleja exserta exserta,"",variety,https://inaturalist-open-data.s3.amazonaws.com/photos/26173818/medium.jpg,Castilleja exserta var. exserta,"","",0,unknown,exserta,"",Castilleja exserta exserta,accepted,1,0
59068,49371,Scirpus microcarpus,Panicled Bulrush,species,https://inaturalist-open-data.s3.amazonaws.com/photos/8626608/medium.jpg,Scirpus microcarpus,species,confirmed,1,native,microcarpus,"","",accepted,1,0
59205,47160,Schoenoplectus acutus,hardstem bulrush,species,https://inaturalist-open-data.s3.amazonaws.com/photos/17377005/medium.jpeg,Schoenoplectus acutus,species,confirmed,1,native,acutus,"","",accepted,1,0
59260,59261,Calendula arvensis,field marigold,species,https://static.inaturalist.org/photos/277459004/medium.jpeg,Calendula arvensis,species,new,1,exotic,arvensis,"","",accepted,1,0
59520,48241,Erythronium oregonum,giant white fawn lily,species,https://inaturalist-open-data.s3.amazonaws.com/photos/192044591/medium.jpg,Erythronium oregonum ssp. oregonum,species,confirmed,1,native,oregonum,"","",unaccepted,1,0
59549,47121,Lupinus polyphyllus,Large-leaved lupine,species,https://inaturalist-open-data.s3.amazonaws.com/photos/135866080/medium.jpg,Lupinus polyphyllus,species,confirmed,1,native,polyphyllus,"","",accepted,1,0
59571,47604,Arctium,burdocks,genus,https://inaturalist-open-data.s3.amazonaws.com/photos/13564/medium.jpg,,,,,,,,,,,0
59902,48623,Melissa,Melissas,genus,https://inaturalist-open-data.s3.amazonaws.com/photos/147050685/medium.jpg,,,,,,,,,,,0
60127,60128,Oenanthe sarmentosa,water parsley,species,https://inaturalist-open-data.s3.amazonaws.com/photos/425425036/medium.jpg,Oenanthe sarmentosa,species,confirmed,1,native,sarmentosa,"","",accepted,1,0
60145,47604,Leontodon,hawkbits,genus,https://inaturalist-open-data.s3.amazonaws.com/photos/52320808/medium.jpeg,,,,,,,,,,,0
60151,47604,Soliva,burweeds and allies,genus,https://inaturalist-open-data.s3.amazonaws.com/photos/49618845/medium.jpg,,,,,,,,,,,0
60158,58096,Callitriche heterophylla bolanderi,Large Water-starwort,subspecies,https://inaturalist-open-data.s3.amazonaws.com/photos/35167682/medium.jpg,Callitriche heterophylla var. bolanderi,variety,confirmed,1,native,heterophylla,Callitriche heterophylla bolanderi,"",accepted,1,0
60175,58112,Atriplex patula,Common Orache,species,https://inaturalist-open-data.s3.amazonaws.com/photos/223445688/medium.jpg,Atriplex patula,species,confirmed,1,exotic,patula,"","",accepted,1,0
60176,58112,Atriplex prostrata,Creeping Saltbush,species,https://static.inaturalist.org/photos/83925401/medium.jpeg,Atriplex prostrata,species,new,0,exotic,prostrata,"","",accepted,1,0
60194,64336,Acmispon denticulatus,riverbar bird's-foot trefoil,species,https://inaturalist-open-data.s3.amazonaws.com/photos/79086869/medium.jpeg,Acmispon denticulatus,species,confirmed,1,native,denticulatus,"","",accepted,1,0
60204,47701,Geranium pusillum,Small-flowered Crane's-bill,species,https://inaturalist-open-data.s3.amazonaws.com/photos/78496116/medium.jpg,Geranium pusillum,species,confirmed,1,exotic,pusillum,"","",accepted,1,0
60208,48623,Lycopus,water horehounds,genus,https://inaturalist-open-data.s3.amazonaws.com/photos/17792/medium.jpg,,,,,,,,,,,0
60214,53864,Abutilon theophrasti,velvetleaf,species,https://inaturalist-open-data.s3.amazonaws.com/photos/222832154/medium.jpeg,Abutilon theophrasti,species,new,0,exotic,theophrasti,"","",accepted,1,0.014
60233,53196,Rumex salicifolius,willow dock,species,https://inaturalist-open-data.s3.amazonaws.com/photos/1937151/medium.jpg,Rumex salicifolius,species,confirmed,1,native,salicifolius,"","",accepted,1,0
60257,60258,Isolepis cernua,Slender Clubrush,species,https://inaturalist-open-data.s3.amazonaws.com/photos/157015317/medium.jpg,Isolepis cernua,species,confirmed,1,native,cernua,"","",accepted,1,0
60301,47434,Panicum,panicgrasses,genus,https://inaturalist-open-data.s3.amazonaws.com/photos/22271340/medium.jpg,,,,,,,,,,,0
60311,47434,Puccinellia,Salt Grass,genus,https://inaturalist-open-data.s3.amazonaws.com/photos/457467/medium.jpg,,,,,,,,,,,0
60736,50793,Triphysaria versicolor versicolor,Yellow-beak False Owl's-clover,subspecies,https://inaturalist-open-data.s3.amazonaws.com/photos/14934/medium.jpg,Triphysaria versicolor ssp. versicolor,subspecies,confirmed,1,native,versicolor,Triphysaria versicolor versicolor,"",accepted,1,0
60739,60479,Armeria maritima californica,California Thrift,subspecies,https://inaturalist-open-data.s3.amazonaws.com/photos/14930/medium.jpg,Armeria maritima ssp. californica,subspecies,confirmed,1,native,maritima,Armeria maritima californica,"",accepted,1,0.016
60880,56031,Calystegia soldanella,Sea Bindweed,species,https://static.inaturalist.org/photos/38934714/medium.jpg,Calystegia soldanella,species,confirmed,1,native,soldanella,"","",accepted,1,0.01
60958,47604,Gamochaeta,Everlastings and Cudweeds,genus,https://inaturalist-open-data.s3.amazonaws.com/photos/189571560/medium.jpeg,,,,,,,,,,,0
60969,60970,Jaumea carnosa,Marsh Jaumea,species,https://inaturalist-open-data.s3.amazonaws.com/photos/83365382/medium.jpeg,Jaumea carnosa,species,confirmed,1,native,carnosa,"","",accepted,1,0.016
61005,50321,Lathyrus littoralis,silky beach pea,species,https://inaturalist-open-data.s3.amazonaws.com/photos/71426184/medium.jpg,Lathyrus littoralis,species,confirmed,1,native,littoralis,"","",accepted,1,0
61048,47789,Clarkia amoena,Farewell-To-Spring,species,https://inaturalist-open-data.s3.amazonaws.com/photos/397513326/medium.jpg,Clarkia amoena,species,confirmed,1,native,amoena,"","",accepted,1,0
61060,61064,Glyceria occidentalis,western manna grass,species,https://static.inaturalist.org/photos/292512566/medium.jpg,Glyceria occidentalis,species,confirmed,1,native,occidentalis,"","",accepted,1,0.019
61086,53196,Rumex occidentalis,western dock,species,https://inaturalist-open-data.s3.amazonaws.com/photos/489826508/medium.jpeg,Rumex occidentalis,species,confirmed,1,native,occidentalis,"","",accepted,1,0
61100,53453,Salix sitchensis,Sitka willow,species,https://inaturalist-open-data.s3.amazonaws.com/photos/25806012/medium.jpeg,Salix sitchensis,species,confirmed,1,native,sitchensis,"","",accepted,1,0
61110,49340,Castilleja ambigua ambigua,Johnny-nip,variety,https://inaturalist-open-data.s3.amazonaws.com/photos/286056/medium.JPG,Castilleja ambigua var. ambigua,"","",0,native,ambigua,"",Castilleja ambigua ambigua,accepted,1,0
61112,51611,Veronica scutellata,Marsh Speedwell,species,https://inaturalist-open-data.s3.amazonaws.com/photos/156209118/medium.jpeg,Veronica scutellata,species,confirmed,1,native,scutellata,"","",accepted,1,0
61168,51609,Arum italicum,Italian arum,species,https://inaturalist-open-data.s3.amazonaws.com/photos/3644466/medium.JPG,Arum italicum,species,new,1,exotic,italicum,"","",accepted,1,0
61397,48623,Origanum,Marjorams,genus,https://static.inaturalist.org/photos/139527030/medium.jpg,,,,,,,,,,,0
61474,55731,Spergularia macrotheca macrotheca,Beach Sandspurry,variety,https://static.inaturalist.org/photos/208461/medium.jpg,Spergularia macrotheca var. macrotheca,variety,confirmed,1,native,macrotheca,"",Spergularia macrotheca macrotheca,accepted,1,0
61521,61305,Doronicum pardalianches,Leopard's-bane,species,https://inaturalist-open-data.s3.amazonaws.com/photos/102902/medium.jpg,Doronicum pardalianches,species,new,0,exotic,pardalianches,"","",accepted,1,0
61787,48382,Persicaria,"knotweeds, smartweeds, and waterpeppers",genus,https://inaturalist-open-data.s3.amazonaws.com/photos/31165463/medium.jpg,,,,,,,,,,,0
61789,48150,Anchusa,Alkanets,genus,https://inaturalist-open-data.s3.amazonaws.com/photos/3359951/medium.jpg,,,,,,,,,,,0
62207,48626,Oenothera biennis,common evening-primrose,species,https://inaturalist-open-data.s3.amazonaws.com/photos/149646914/medium.jpg,Oenothera biennis,species,new,1,exotic,biennis,"","",accepted,1,0
62208,48626,Oenothera glazioviana,Large-flowered Evening-primrose,species,https://inaturalist-open-data.s3.amazonaws.com/photos/212657466/medium.jpg,Oenothera glazioviana,species,confirmed,1,exotic,glazioviana,"","",accepted,1,0.015
62215,47148,Comarum,"",genus,https://inaturalist-open-data.s3.amazonaws.com/photos/399193/medium.jpg,,,,,,,,,,,0
62239,60369,Pyrola picta,white-veined wintergreen,species,https://inaturalist-open-data.s3.amazonaws.com/photos/2183784/medium.JPG,Pyrola picta ssp. dentata,species,new,0,native,picta,"","",accepted,1,0.333
62338,48063,Lysimachia vulgaris,Yellow Loosestrife,species,https://inaturalist-open-data.s3.amazonaws.com/photos/80592838/medium.jpg,Lysimachia vulgaris,species,confirmed,1,exotic,vulgaris,"","",accepted,1,0.014
62441,48063,Lysimachia ciliata,fringed loosestrife,species,https://inaturalist-open-data.s3.amazonaws.com/photos/83474552/medium.jpeg,Lysimachia ciliata,species,new,0,native,ciliata,"","",accepted,1,0.75
62474,47902,Opuntia fragilis,Brittle Pricklypear,species,https://inaturalist-open-data.s3.amazonaws.com/photos/286780359/medium.jpeg,Opuntia fragilis,species,confirmed,1,native,fragilis,"","",accepted,1,0
62493,48681,Spiraea douglasii,Rose Spirea,species,https://inaturalist-open-data.s3.amazonaws.com/photos/293367164/medium.jpeg,Spiraea douglasii,species,confirmed,1,native,douglasii,"","",accepted,1,0
62499,47604,Jacobaea,ragworts,genus,https://inaturalist-open-data.s3.amazonaws.com/photos/48635936/medium.jpeg,,,,,,,,,,,0
63868,58759,Aspidotis densa,serpentine fern,species,https://inaturalist-open-data.s3.amazonaws.com/photos/419008916/medium.jpeg,Aspidotis densa,species,confirmed,1,native,densa,"","",accepted,1,0
64055,52672,Dryopteris expansa,spreading wood fern,species,https://inaturalist-open-data.s3.amazonaws.com/photos/21824168/medium.jpg,Dryopteris expansa,species,confirmed,1,native,expansa,"","",accepted,1,0
64186,52643,Juncus kelloggii,kellogg's dwarf rush,species,https://inaturalist-open-data.s3.amazonaws.com/photos/3818183/medium.jpg,Juncus kelloggii,species,confirmed,1,native,kelloggii,"","",accepted,1,0.075
64237,64276,Phragmites australis,common reed,species,https://static.inaturalist.org/photos/32409466/medium.jpg,Phragmites australis,species,confirmed,1,native,australis,"","",accepted,1,0
64240,52715,Cortaderia selloana,Pampas Grass,species,https://inaturalist-open-data.s3.amazonaws.com/photos/173109660/medium.jpg,Cortaderia selloana,species,new,1,exotic,selloana,"","",accepted,1,0.118
64541,60001,Dianthus armeria,Deptford pink,species,https://static.inaturalist.org/photos/108051453/medium.jpg,Dianthus armeria ssp. armeria,species,confirmed,1,exotic,armeria,"","",unaccepted,1,0
64617,47204,Aurinia,"",genus,https://inaturalist-open-data.s3.amazonaws.com/photos/932775/medium.jpeg,,,,,,,,,,,0
68218,55434,Saxifraga mertensiana,wood saxifrage,species,https://static.inaturalist.org/photos/107638482/medium.jpg,Saxifraga mertensiana,species,unconfirmed,1,native,mertensiana,"","",accepted,1,0.892
69930,52643,Juncus tenuis,Slender Path Rush,species,https://inaturalist-open-data.s3.amazonaws.com/photos/32809281/medium.jpg,Juncus tenuis var. tenuis,species,confirmed,1,native,tenuis,"","",unaccepted,1,0
71045,49140,Amsinckia spectabilis,woolly breeches,species,https://inaturalist-open-data.s3.amazonaws.com/photos/282216239/medium.jpeg,Amsinckia spectabilis,species,new,0,native,spectabilis,"","",accepted,1,0.014
71076,53453,Salix scouleriana,Scouler's willow,species,https://inaturalist-open-data.s3.amazonaws.com/photos/311172740/medium.jpg,Salix scouleriana,species,confirmed,1,native,scouleriana,"","",accepted,1,0
71950,47434,Agropyron,"",genus,https://inaturalist-open-data.s3.amazonaws.com/photos/76983920/medium.jpg,,,,,,,,,,,0
71973,47434,Anthoxanthum,sweetgrasses,genus,https://inaturalist-open-data.s3.amazonaws.com/photos/168398572/medium.jpeg,,,,,,,,,,,0
71988,47434,Arrhenatherum,"",genus,https://inaturalist-open-data.s3.amazonaws.com/photos/725447/medium.jpg,,,,,,,,,,,0
71995,47204,Aubrieta,"",genus,https://inaturalist-open-data.s3.amazonaws.com/photos/1150161/medium.jpg,,,,,,,,,,,0
72028,47204,Camelina,gold-of-pleasures,genus,https://inaturalist-open-data.s3.amazonaws.com/photos/41979415/medium.jpg,,,,,,,,,,,0
72054,47434,Cinna,"",genus,https://inaturalist-open-data.s3.amazonaws.com/photos/136662/medium.jpg,,,,,,,,,,,0
72067,47204,Conringia,"",genus,https://inaturalist-open-data.s3.amazonaws.com/photos/1150923/medium.jpg,,,,,,,,,,,0
72073,47604,Cota,"",genus,https://inaturalist-open-data.s3.amazonaws.com/photos/10700/medium.jpg,,,,,,,,,,,0
72097,47204,Diplotaxis,Wall-Rockets,genus,https://inaturalist-open-data.s3.amazonaws.com/photos/208253/medium.jpg,,,,,,,,,,,0
72104,47148,Drymocallis,"",genus,https://inaturalist-open-data.s3.amazonaws.com/photos/4402140/medium.jpg,,,,,,,,,,,0
72123,47204,Eruca,"",genus,https://inaturalist-open-data.s3.amazonaws.com/photos/3031599/medium.JPG,,,,,,,,,,,0
72133,48382,Fallopia,Fallopias,genus,https://inaturalist-open-data.s3.amazonaws.com/photos/46628104/medium.jpg,,,,,,,,,,,0
72191,47204,Idahoa,"",genus,https://inaturalist-open-data.s3.amazonaws.com/photos/290598/medium.jpg,,,,,,,,,,,0
72195,47204,Isatis,woads,genus,https://static.inaturalist.org/photos/64416076/medium.jpeg,,,,,,,,,,,0
72221,47604,Luina,"",genus,https://inaturalist-open-data.s3.amazonaws.com/photos/211812335/medium.jpg,,,,,,,,,,,0
72264,47604,Onopordum,cotton thistles,genus,https://inaturalist-open-data.s3.amazonaws.com/photos/162256300/medium.jpg,,,,,,,,,,,0
72355,47434,Secale,"",genus,https://inaturalist-open-data.s3.amazonaws.com/photos/75687/medium.jpg,,,,,,,,,,,0
72357,47604,Sericocarpus,White-topped Asters,genus,https://inaturalist-open-data.s3.amazonaws.com/photos/72487398/medium.jpg,,,,,,,,,,,0
72390,47204,Teesdalia,Shepherdscress,genus,https://inaturalist-open-data.s3.amazonaws.com/photos/110848702/medium.jpg,,,,,,,,,,,0
72396,47204,Thlaspi,penny cresses,genus,https://inaturalist-open-data.s3.amazonaws.com/photos/114726/medium.jpg,,,,,,,,,,,0
72402,47434,Torreyochloa,"",genus,https://inaturalist-open-data.s3.amazonaws.com/photos/977562/medium.jpg,,,,,,,,,,,0
72416,47204,Turritis,tower mustards,genus,https://inaturalist-open-data.s3.amazonaws.com/photos/290604/medium.jpg,,,,,,,,,,,0
75263,71943,Achlys triphylla,vanilla leaf,species,https://static.inaturalist.org/photos/58369712/medium.jpg,Achlys triphylla,species,confirmed,1,native,triphylla,"","",accepted,1,0
75398,52326,Amaranthus powellii,powell's amaranth,species,https://inaturalist-open-data.s3.amazonaws.com/photos/310633623/medium.jpg,Amaranthus powellii,species,confirmed,1,exotic,powellii,"","",accepted,1,0.027
75450,52836,Angelica genuflexa,Kneeling Angelica,species,https://inaturalist-open-data.s3.amazonaws.com/photos/58970790/medium.jpg,Angelica genuflexa,species,confirmed,1,native,genuflexa,"","",accepted,1,0
75453,52836,Angelica lucida,sea-watch,species,https://static.inaturalist.org/photos/293983117/medium.jpeg,Angelica lucida,species,new,0,native,lucida,"","",accepted,1,0
75701,58112,Atriplex dioica,thickleaf orach,species,https://inaturalist-open-data.s3.amazonaws.com/photos/2982149/medium.jpg,Atriplex dioica,species,unconfirmed,1,native,dioica,"","",accepted,1,0.313
75756,58728,Berberis nervosa,Cascade Oregon-grape,species,https://inaturalist-open-data.s3.amazonaws.com/photos/127348129/medium.jpg,Berberis nervosa,species,confirmed,1,native,nervosa,"","",accepted,1,0
75765,50204,Bidens cernua,Nodding Beggarticks,species,https://inaturalist-open-data.s3.amazonaws.com/photos/110532/medium.jpg,Bidens cernua,species,confirmed,1,native,cernua,"","",accepted,1,0.008
75931,59261,Calendula officinalis,pot marigold,species,https://static.inaturalist.org/photos/181570145/medium.jpg,Calendula officinalis,species,new,1,exotic,officinalis,"","",accepted,1,0.056
75937,58096,Callitriche palustris,Narrow-fruited Water-starwort,species,https://inaturalist-open-data.s3.amazonaws.com/photos/86124739/medium.jpg,Callitriche palustris,species,confirmed,1,native,palustris,"","",accepted,1,0
75938,58096,Callitriche stagnalis,Pond water-starwort,species,https://inaturalist-open-data.s3.amazonaws.com/photos/306557901/medium.jpeg,Callitriche stagnalis,species,new,1,exotic,stagnalis,"","",accepted,1,0
76338,60126,Cicuta douglasii,Western Water Hemlock,species,https://inaturalist-open-data.s3.amazonaws.com/photos/46886647/medium.jpeg,Cicuta douglasii,species,confirmed,1,native,douglasii,"","",accepted,1,0
76445,57952,Coreopsis tinctoria,plains coreopsis,species,https://inaturalist-open-data.s3.amazonaws.com/photos/7330449/medium.jpg,Coreopsis tinctoria,species,new,1,native,tinctoria,"","",accepted,1,0.056
76461,53376,Cotoneaster simonsii,Himalayan cotoneaster,species,https://inaturalist-open-data.s3.amazonaws.com/photos/88086681/medium.jpeg,Cotoneaster simonsii,species,new,1,exotic,simonsii,"","",accepted,1,0
76605,57166,Danthonia unispicata,one-spike oat grass,species,https://static.inaturalist.org/photos/210002873/medium.jpg,Danthonia unispicata,species,unconfirmed,1,native,unispicata,"","",accepted,1,0.36
76779,57022,Eleocharis obtusa,Blunt Spikerush,species,https://inaturalist-open-data.s3.amazonaws.com/photos/385967845/medium.jpeg,Eleocharis obtusa,species,confirmed,1,native,obtusa,"","",accepted,1,0.322
76783,57022,Eleocharis parvula,Small Spikerush,species,https://inaturalist-open-data.s3.amazonaws.com/photos/286046296/medium.jpeg,Eleocharis parvula,"",unconfirmed,1,native,parvula,"","",accepted,1,0.309
76812,72113,Empetrum nigrum,black crowberry,species,https://inaturalist-open-data.s3.amazonaws.com/photos/53111037/medium.jpeg,Empetrum nigrum,species,unconfirmed,0,native,nigrum,"","",accepted,1,0.727
77081,48241,Erythronium revolutum,Coast Fawn Lily,species,https://inaturalist-open-data.s3.amazonaws.com/photos/68044484/medium.jpg,Erythronium revolutum,species,new,0,native,revolutum,"","",accepted,1,0
77188,53060,Galium boreale,Northern Bedstraw,species,https://inaturalist-open-data.s3.amazonaws.com/photos/62348964/medium.jpeg,Galium boreale,species,confirmed,1,native,boreale,"","",accepted,1,0.026
77216,53060,Galium trifidum,three-petal bedstraw,species,https://inaturalist-open-data.s3.amazonaws.com/photos/8230353/medium.jpeg,Galium trifidum,species,confirmed,1,native,trifidum,"","",accepted,1,0.016
77251,47701,Geranium bicknellii,Northern Cranesbill,species,https://inaturalist-open-data.s3.amazonaws.com/photos/96524/medium.jpg,Geranium bicknellii,species,confirmed,1,native,bicknellii,"","",accepted,1,0.009
77255,47701,Geranium lucidum,Shining Crane's-bill,species,https://inaturalist-open-data.s3.amazonaws.com/photos/123333936/medium.jpg,Geranium lucidum,species,confirmed,1,exotic,lucidum,"","",accepted,1,0
77265,55751,Geum aleppicum,Yellow Avens,species,https://inaturalist-open-data.s3.amazonaws.com/photos/461871785/medium.jpg,Geum aleppicum,species,confirmed,1,native,aleppicum,"","",accepted,1,0.02
77287,61064,Glyceria borealis,boreal manna grass,species,https://static.inaturalist.org/photos/79938840/medium.jpg,Glyceria borealis,species,unconfirmed,1,native,borealis,"","",accepted,1,0.234
77288,61064,Glyceria declinata,low manna grass,species,https://inaturalist-open-data.s3.amazonaws.com/photos/665089/medium.jpeg,Glyceria declinata,species,unconfirmed,1,exotic,declinata,"","",accepted,1,0.381
77289,61064,Glyceria elata,Tufted Tall Mannagrass,species,https://inaturalist-open-data.s3.amazonaws.com/photos/405081647/medium.jpg,Glyceria elata,species,confirmed,1,native,elata,"","",accepted,1,0.019
77292,61064,Glyceria leptostachya,narrow manna grass,species,https://inaturalist-open-data.s3.amazonaws.com/photos/426481337/medium.jpeg,Glyceria leptostachya,species,unconfirmed,1,native,leptostachya,"","",accepted,1,0.388
77293,61064,Glyceria striata,Fowl Mannagrass,species,https://inaturalist-open-data.s3.amazonaws.com/photos/129824/medium.jpg,Glyceria striata,species,confirmed,1,native,striata,"","",accepted,1,0.027
77315,72156,Gypsophila paniculata,baby's-breath,species,https://inaturalist-open-data.s3.amazonaws.com/photos/301162473/medium.jpg,Gypsophila paniculata,species,new,1,exotic,paniculata,"","",accepted,1,0.129
77367,72168,Hemizonella minima,Opposite-leaved Tarweed,species,https://inaturalist-open-data.s3.amazonaws.com/photos/280125/medium.jpg,Hemizonella minima,species,unconfirmed,1,native,minima,"","",accepted,1,0.397
77480,52761,Hypericum androsaemum,Tutsan,species,https://inaturalist-open-data.s3.amazonaws.com/photos/4032719/medium.jpg,Hypericum androsaemum,species,confirmed,1,exotic,androsaemum,"","",accepted,1,0
77481,52761,Hypericum calycinum,Rose-of-sharon,species,https://inaturalist-open-data.s3.amazonaws.com/photos/229098021/medium.jpeg,Hypericum calycinum,species,confirmed,1,exotic,calycinum,"","",accepted,1,0
77517,60258,Isolepis setacea,Bristle-leaf Bulrush,species,https://inaturalist-open-data.s3.amazonaws.com/photos/208743702/medium.jpeg,Isolepis setacea,species,unconfirmed,1,exotic,setacea,"","",accepted,1,0.46
77549,52643,Juncus acuminatus,tapered rush,species,https://inaturalist-open-data.s3.amazonaws.com/photos/86104195/medium.jpg,Juncus acuminatus,species,unconfirmed,1,native,acuminatus,"","",accepted,1,0.274
77552,52643,Juncus articulatus,Jointed rush,species,https://inaturalist-open-data.s3.amazonaws.com/photos/61718017/medium.jpg,Juncus articulatus,species,confirmed,1,native,articulatus,"","",accepted,1,0
77561,52643,Juncus covillei,coville's rush,species,https://inaturalist-open-data.s3.amazonaws.com/photos/306300702/medium.jpg,Juncus covillei,species,confirmed,1,native,covillei,"","",accepted,1,0.053
77569,52643,Juncus ensifolius,dagger rush,species,https://inaturalist-open-data.s3.amazonaws.com/photos/87054436/medium.jpg,Juncus ensifolius var. ensifolius,species,confirmed,1,native,ensifolius,"","",unaccepted,1,0
77594,52643,Juncus supiniformis,hair-leaved rush,species,https://inaturalist-open-data.s3.amazonaws.com/photos/267837781/medium.jpeg,Juncus supiniformis,species,unconfirmed,1,native,supiniformis,"","",accepted,1,0.777
77638,50321,Lathyrus japonicus,seaside pea,species,https://inaturalist-open-data.s3.amazonaws.com/photos/354009189/medium.jpeg,Lathyrus japonicus,species,confirmed,1,native,japonicus,"","",accepted,1,0
77642,50321,Lathyrus palustris,marsh pea,species,https://inaturalist-open-data.s3.amazonaws.com/photos/4315670/medium.jpg,Lathyrus palustris,"","",0,native,palustris,"","",accepted,1,0
77742,60124,Lilaeopsis occidentalis,western grasswort,species,https://inaturalist-open-data.s3.amazonaws.com/photos/43407609/medium.jpg,Lilaeopsis occidentalis,species,confirmed,1,native,occidentalis,"","",accepted,1,0
77776,50791,Linaria dalmatica,Balkan toadflax,species,https://inaturalist-open-data.s3.amazonaws.com/photos/571082607/medium.jpg,Linaria dalmatica ssp. dalmatica,species,new,1,exotic,dalmatica,"","",invalid,1,0
77778,50791,Linaria purpurea,Purple Toadflax,species,https://static.inaturalist.org/photos/591592360/medium.jpg,Linaria purpurea,species,confirmed,1,exotic,purpurea,"","",accepted,1,0
77805,55343,Lomatium dissectum,Fernleaf Biscuitroot,species,https://static.inaturalist.org/photos/7660357/medium.jpg,Lomatium dissectum,species,confirmed,1,native,dissectum,"","",accepted,1,0
77818,55343,Lomatium nudicaule,Barestem Biscuitroot,species,https://static.inaturalist.org/photos/39813251/medium.jpeg,Lomatium nudicaule,species,confirmed,1,native,nudicaule,"","",accepted,1,0
77832,51874,Lonicera ciliosa,orange honeysuckle,species,https://inaturalist-open-data.s3.amazonaws.com/photos/42551323/medium.jpg,Lonicera ciliosa,species,confirmed,1,native,ciliosa,"","",accepted,1,0
77847,47121,Lupinus albicaulis,Sicklekeel Lupine,species,https://inaturalist-open-data.s3.amazonaws.com/photos/551949352/medium.jpg,Lupinus albicaulis,variety,unconfirmed,1,native,albicaulis,"","",accepted,1,0.99
77872,47121,Lupinus littoralis,Seashore Lupine,species,https://inaturalist-open-data.s3.amazonaws.com/photos/24599802/medium.jpeg,Lupinus littoralis var. littoralis,species,confirmed,1,native,littoralis,"","",invalid,1,0
77901,55796,Luzula subsessilis,short-stalked woodrush,species,https://inaturalist-open-data.s3.amazonaws.com/photos/37343461/medium.jpg,Luzula subsessilis,species,confirmed,1,native,subsessilis,"","",accepted,1,0
77902,58333,Lycium barbarum,matrimony vine,species,https://inaturalist-open-data.s3.amazonaws.com/photos/41719574/medium.jpeg,Lycium barbarum,species,new,0,exotic,barbarum,"","",accepted,1,0.4
77917,48063,Lysimachia thyrsiflora,Tufted Loosestrife,species,https://inaturalist-open-data.s3.amazonaws.com/photos/290259277/medium.jpg,Lysimachia thyrsiflora,species,new,0,native,thyrsiflora,"","",accepted,1,0.2
77923,53136,Madia glomerata,mountain tarweed,species,https://inaturalist-open-data.s3.amazonaws.com/photos/341719/medium.jpg,Madia glomerata,species,confirmed,1,native,glomerata,"","",accepted,1,0.011
77948,54500,Malus fusca,Pacific Crab Apple,species,https://inaturalist-open-data.s3.amazonaws.com/photos/3101906/medium.JPG,Malus fusca,species,confirmed,1,native,fusca,"","",accepted,1,0
77952,55978,Malva neglecta,dwarf mallow,species,https://inaturalist-open-data.s3.amazonaws.com/photos/531248397/medium.jpg,Malva neglecta,species,confirmed,1,exotic,neglecta,"","",accepted,1,0
77970,60848,Meconella oregana,Oregon Fairypoppy,species,https://inaturalist-open-data.s3.amazonaws.com/photos/117561670/medium.jpg,Meconella oregana,species,confirmed,1,native,oregana,"","",accepted,1,0
77983,52803,Melica harfordii,Harford's oniongrass,species,https://inaturalist-open-data.s3.amazonaws.com/photos/142744/medium.jpg,Melica harfordii,species,confirmed,1,native,harfordii,"","",accepted,1,0.118
77986,52803,Melica subulata,Alaska Oniongrass,species,https://inaturalist-open-data.s3.amazonaws.com/photos/74886261/medium.jpg,Melica subulata,species,confirmed,1,native,subulata,"","",accepted,1,0
78024,72236,Micranthes ferruginea,Russethair Saxifrage,species,https://inaturalist-open-data.s3.amazonaws.com/photos/397592710/medium.jpg,Micranthes ferruginea,species,new,0,native,ferruginea,"","",accepted,1,0
78027,72236,Micranthes integrifolia,Wholeleaf Saxifrage,species,https://static.inaturalist.org/photos/193444128/medium.jpg,Micranthes integrifolia,species,confirmed,1,native,integrifolia,"","",accepted,1,0
78150,49131,Myosotis laxa,bay forget-me-not,species,https://static.inaturalist.org/photos/152439045/medium.jpeg,Myosotis laxa,species,confirmed,1,native,laxa,"","",accepted,1,0
78269,47902,Opuntia polyacantha,Plains Pricklypear,species,https://inaturalist-open-data.s3.amazonaws.com/photos/83108561/medium.jpeg,Opuntia polyacantha,"","",0,native,polyacantha,"","",accepted,1,0
78434,56839,Perideridia gairdneri,Gairdner's Yampah,species,https://inaturalist-open-data.s3.amazonaws.com/photos/420953222/medium.jpeg,Perideridia montana,species,confirmed,1,native,gairdneri,"","",unaccepted,1,0
78629,60306,Pleuropogon refractus,nodding semaphore grass,species,https://inaturalist-open-data.s3.amazonaws.com/photos/285705179/medium.jpeg,Pleuropogon refractus,species,new,1,native,refractus,"","",accepted,1,0.143
78693,52680,Polypodium hesperium,western polypody,species,https://static.inaturalist.org/photos/52045542/medium.jpeg,Polypodium hesperium,species,unconfirmed,1,native,hesperium,"","",accepted,1,0.559
78903,53196,Rumex fueginus,golden dock,species,https://inaturalist-open-data.s3.amazonaws.com/photos/422756409/medium.jpeg,Rumex maritimus ssp. fueginus,species,confirmed,1,native,fueginus,"","",unaccepted,1,0.027
78930,52617,Salicornia depressa,Virginia Glasswort,species,https://inaturalist-open-data.s3.amazonaws.com/photos/23010186/medium.jpg,Salicornia depressa,species,confirmed,1,native,depressa,"","",accepted,1,0
78934,53453,Salix boothii,booth's willow,species,https://inaturalist-open-data.s3.amazonaws.com/photos/397184631/medium.jpeg,Salix boothii,species,unconfirmed,1,native,boothii,"","",accepted,1,0.842
78940,53453,Salix geyeriana,Geyer's willow,species,https://inaturalist-open-data.s3.amazonaws.com/photos/2269966/medium.jpeg,Salix geyeriana,species,confirmed,1,native,geyeriana,"","",accepted,1,0.197
78941,53453,Salix hookeriana,coastal willow,species,https://inaturalist-open-data.s3.amazonaws.com/photos/131374502/medium.jpg,Salix hookeriana,species,confirmed,1,native,hookeriana,"","",accepted,1,0
78952,53453,Salix prolixa,mackenzie's willow,species,https://inaturalist-open-data.s3.amazonaws.com/photos/128996958/medium.jpeg,Salix prolixa,species,confirmed,1,native,prolixa,"","",accepted,1,0.154
78979,53202,Sanicula graveolens,northern sanicle,species,https://inaturalist-open-data.s3.amazonaws.com/photos/516450464/medium.jpg,Sanicula graveolens,species,confirmed,1,native,graveolens,"","",accepted,1,0
78997,47160,Schoenoplectus subterminalis,water bulrush,species,https://inaturalist-open-data.s3.amazonaws.com/photos/87050486/medium.jpeg,Schoenoplectus subterminalis,species,new,0,native,subterminalis,"","",accepted,1,0.029
78998,47160,Schoenoplectus tabernaemontani,soft-stemmed bulrush,species,https://static.inaturalist.org/photos/29520095/medium.jpeg,Schoenoplectus tabernaemontani,species,confirmed,1,native,tabernaemontani,"","",accepted,1,0
79131,72365,Sium suave,water parsnip,species,https://inaturalist-open-data.s3.amazonaws.com/photos/44286732/medium.jpeg,Sium suave,species,confirmed,1,native,suave,"","",accepted,1,0.043
79144,50641,Solanum triflorum,Cutleaf Nightshade,species,https://inaturalist-open-data.s3.amazonaws.com/photos/572287/medium.jpg,Solanum triflorum,"","",0,exotic,triflorum,"","",accepted,1,0
79159,48582,Sorbus scopulina,Greene's mountain ash,species,https://inaturalist-open-data.s3.amazonaws.com/photos/5443487/medium.jpeg,Sorbus scopulina,species,new,0,native,scopulina,"","",accepted,1,0
79191,51229,Stachys mexicana,mexican hedgenettle,species,https://inaturalist-open-data.s3.amazonaws.com/photos/319233550/medium.jpg,Stachys mexicana,species,confirmed,1,native,mexicana,"","",accepted,1,0
79204,49389,Stellaria neglecta,Greater Chickweed,species,https://inaturalist-open-data.s3.amazonaws.com/photos/354433130/medium.jpg,Stellaria neglecta,species,new,1,exotic,neglecta,"","",accepted,1,0
79387,72407,Trautvetteria caroliniensis,Carolina bugbane,species,https://inaturalist-open-data.s3.amazonaws.com/photos/103467603/medium.jpeg,Trautvetteria caroliniensis,species,new,0,native,caroliniensis,"","",accepted,1,0.143
79464,57861,Utricularia gibba,humped bladderwort,species,https://static.inaturalist.org/photos/33952087/medium.jpeg,Utricularia gibba,species,confirmed,1,native,gibba,"","",accepted,1,0.018
79503,52472,Vicia lathyroides,spring vetch,species,https://inaturalist-open-data.s3.amazonaws.com/photos/194303251/medium.jpg,Vicia lathyroides,species,confirmed,1,exotic,lathyroides,"","",accepted,1,0
79550,72433,Zeltnera muehlenbergii,Muehlenberg's Centaury,species,https://inaturalist-open-data.s3.amazonaws.com/photos/394478388/medium.jpeg,Zeltnera muehlenbergii,species,confirmed,1,native,muehlenbergii,"","",accepted,1,0.02
79659,62219,Camassia leichtlinii suksdorfii,Suksdorf's Large Camas,subspecies,https://inaturalist-open-data.s3.amazonaws.com/photos/266443961/medium.jpg,Camassia leichtlinii ssp. suksdorfii,subspecies,confirmed,1,native,leichtlinii,Camassia leichtlinii suksdorfii,"",accepted,1,0
79829,52972,Epilobium hornemannii hornemannii,"",subspecies,https://inaturalist-open-data.s3.amazonaws.com/photos/1443666/medium.jpg,Epilobium hornemannii ssp. hornemannii,"","",0,native,hornemannii,Epilobium hornemannii hornemannii,"",accepted,1,0
79856,53424,Frangula purshiana purshiana,"",subspecies,https://inaturalist-open-data.s3.amazonaws.com/photos/99150898/medium.jpg,Frangula purshiana ssp. purshiana,species,confirmed,1,native,purshiana,Frangula purshiana purshiana,"",accepted,1,0
79940,72180,Holosteum umbellatum umbellatum,Jagged Chickweed,subspecies,https://inaturalist-open-data.s3.amazonaws.com/photos/119046426/medium.jpeg,Holosteum umbellatum ssp. umbellatum,species,unconfirmed,1,exotic,umbellatum,Holosteum umbellatum umbellatum,"",accepted,1,0.988
80178,55677,Sagina maxima crassicaulis,thick-stemmed pearlwort,subspecies,https://inaturalist-open-data.s3.amazonaws.com/photos/27645848/medium.jpg,Sagina maxima ssp. crassicaulis,subspecies,confirmed,1,native,maxima,Sagina maxima crassicaulis,"",accepted,1,0.059
80182,61936,Scleranthus annuus annuus,Annual Knawel,subspecies,https://inaturalist-open-data.s3.amazonaws.com/photos/594438/medium.jpg,Scleranthus annuus ssp. annuus,subspecies,confirmed,1,exotic,annuus,Scleranthus annuus annuus,"",accepted,1,0
80222,49389,Stellaria longipes longipes,goldie's starwort,subspecies,https://inaturalist-open-data.s3.amazonaws.com/photos/21949546/medium.jpeg,Stellaria longipes ssp. longipes,species,unconfirmed,1,native,longipes,Stellaria longipes longipes,"",accepted,1,0.763
80266,56161,Valeriana sitchensis scouleri,Scouler's Valerian,subspecies,https://inaturalist-open-data.s3.amazonaws.com/photos/3908415/medium.jpg,Valeriana scouleri,species,new,1,native,sitchensis,Valeriana sitchensis scouleri,"",unaccepted,1,0.714
81026,63137,Linnaea borealis longiflora,Longtube Twinflower,variety,https://inaturalist-open-data.s3.amazonaws.com/photos/58326812/medium.jpeg,Linnaea borealis ssp. longiflora,subspecies,confirmed,1,native,borealis,"",Linnaea borealis longiflora,accepted,1,0
81277,58875,Polycarpon tetraphyllum tetraphyllum,four-leaved allseed,subspecies,https://inaturalist-open-data.s3.amazonaws.com/photos/69348234/medium.jpg,Polycarpon tetraphyllum ssp. tetraphyllum,species,confirmed,1,exotic,tetraphyllum,Polycarpon tetraphyllum tetraphyllum,"",accepted,1,0.052
81378,55731,Spergularia canadensis occidentalis,western sand-spurrey,variety,https://inaturalist-open-data.s3.amazonaws.com/photos/8726127/medium.jpeg,Spergularia canadensis var. occidentalis,variety,confirmed,1,native,canadensis,"",Spergularia canadensis occidentalis,accepted,1,0
81427,51644,Tiarella trifoliata unifoliata,Oneleaf Foamflower,variety,https://inaturalist-open-data.s3.amazonaws.com/photos/215563590/medium.jpeg,Tiarella trifoliata var. unifoliata,"",unconfirmed,1,native,trifoliata,"",Tiarella trifoliata unifoliata,accepted,1,0.914
81432,49650,Toxicoscordion venenosum venenosum,"",variety,https://inaturalist-open-data.s3.amazonaws.com/photos/286053222/medium.jpg,Toxicoscordion venenosum var. venenosum,variety,confirmed,1,native,venenosum,"",Toxicoscordion venenosum venenosum,accepted,1,0
81754,48623,Thymus,Thymes,genus,https://static.inaturalist.org/photos/167107445/medium.jpg,,,,,,,,,,,0
84146,52643,Juncus canadensis,Canada Rush,species,https://inaturalist-open-data.s3.amazonaws.com/photos/42126/medium.jpg,Juncus canadensis,species,confirmed,1,exotic,canadensis,"","",accepted,1,0.02
84328,53060,Galium verum,Lady's Bedstraw,species,https://inaturalist-open-data.s3.amazonaws.com/photos/617752010/medium.jpg,Galium verum,species,confirmed,1,exotic,verum,"","",accepted,1,0.059
84772,47758,Oxalis dillenii,slender yellow woodsorrel,species,https://inaturalist-open-data.s3.amazonaws.com/photos/250700916/medium.jpg,Oxalis dillenii,species,confirmed,1,exotic,dillenii,"","",accepted,1,0.031
118435,62219,Camassia quamash quamash,"",subspecies,https://static.inaturalist.org/photos/7368202/medium.jpg,Camassia quamash ssp. quamash,subspecies,confirmed,1,native,quamash,Camassia quamash quamash,"",accepted,1,0.102
119791,47727,Acer pseudoplatanus,sycamore maple,species,https://static.inaturalist.org/photos/72573830/medium.jpg,Acer pseudoplatanus,species,new,0,exotic,pseudoplatanus,"","",accepted,1,0
120180,47604,Doellingeria,Whitetops,genus,https://inaturalist-open-data.s3.amazonaws.com/photos/60595/medium.jpg,,,,,,,,,,,0
126887,58728,Berberis aquifolium,Oregon grape,species,https://inaturalist-open-data.s3.amazonaws.com/photos/16702958/medium.jpg,Berberis aquifolium,species,confirmed,1,native,aquifolium,"","",accepted,1,0
127186,127187,Securigera varia,purple crownvetch,species,https://inaturalist-open-data.s3.amazonaws.com/photos/34301/medium.jpg,Securigera varia,species,new,0,exotic,varia,"","",accepted,1,0
127196,49131,Myosotis stricta,blue forget-me-not,species,https://inaturalist-open-data.s3.amazonaws.com/photos/285889948/medium.jpg,Myosotis stricta,species,confirmed,1,exotic,stricta,"","",accepted,1,0.009
127355,55869,Cyclamen hederifolium,Ivy-leaved cyclamen,species,https://inaturalist-open-data.s3.amazonaws.com/photos/110836055/medium.jpg,Cyclamen hederifolium,species,confirmed,1,exotic,hederifolium,"","",accepted,1,0
128807,47434,Dichanthelium,rosette grasses,genus,https://inaturalist-open-data.s3.amazonaws.com/photos/88945229/medium.jpeg,,,,,,,,,,,0
129020,51611,Veronica officinalis,heath speedwell,species,https://inaturalist-open-data.s3.amazonaws.com/photos/3867971/medium.JPG,Veronica officinalis,species,new,0,exotic,officinalis,"","",accepted,1,0
129075,53787,Fumaria muralis,common ramping-fumitory,species,https://inaturalist-open-data.s3.amazonaws.com/photos/16104053/medium.jpg,Fumaria muralis,species,new,0,exotic,muralis,"","",accepted,1,0
129448,129449,Honckenya peploides major,Pacific Sea Sandwort,subspecies,https://inaturalist-open-data.s3.amazonaws.com/photos/412901298/medium.jpeg,Honckenya peploides ssp. major,subspecies,confirmed,1,native,peploides,Honckenya peploides major,"",accepted,1,0
129856,47204,Neslia,"",genus,https://inaturalist-open-data.s3.amazonaws.com/photos/932942/medium.jpg,,,,,,,,,,,0
130174,57166,Danthonia spicata,Poverty oatgrass,species,https://static.inaturalist.org/photos/18564686/medium.jpeg,Danthonia spicata,species,new,0,native,spicata,"","",accepted,1,0.029
130800,130805,Pseudofumaria lutea,Yellow Fumitory,species,https://inaturalist-open-data.s3.amazonaws.com/photos/731776/medium.jpg,Corydalis lutea,species,new,0,exotic,lutea,"","",unaccepted,1,0.167
132323,52643,Juncus bulbosus,Bulbous Rush,species,https://inaturalist-open-data.s3.amazonaws.com/photos/47757915/medium.jpg,Juncus bulbosus,species,confirmed,1,exotic,bulbosus,"","",accepted,1,0.018
143678,47752,Polystichum andersonii,Anderson's holly fern,species,https://inaturalist-open-data.s3.amazonaws.com/photos/306893857/medium.jpeg,Polystichum andersonii,species,unconfirmed,1,native,andersonii,"","",accepted,1,0.054
154238,72276,Oxytropis campestris,field locoweed,species,https://inaturalist-open-data.s3.amazonaws.com/photos/32728338/medium.jpg,Oxytropis campestris,species,confirmed,1,native,campestris,"","",accepted,1,0.023
155847,47434,Thinopyrum,"",genus,https://inaturalist-open-data.s3.amazonaws.com/photos/71227005/medium.jpeg,,,,,,,,,,,0
156638,48150,Pentaglottis,"",genus,https://static.inaturalist.org/photos/390096990/medium.jpeg,,,,,,,,,,,0
156879,47148,Argentina,Silverweeds,genus,https://inaturalist-open-data.s3.amazonaws.com/photos/54317947/medium.jpeg,,,,,,,,,,,0
156963,47604,Canadanthus,great northern asters,genus,https://inaturalist-open-data.s3.amazonaws.com/photos/29085036/medium.jpeg,,,,,,,,,,,0
157393,157398,Galega officinalis,common milkpea,species,https://inaturalist-open-data.s3.amazonaws.com/photos/139318793/medium.jpeg,Galega officinalis,species,new,0,exotic,officinalis,"","",accepted,1,0.6
159233,50204,Bidens amplissima,Vancouver Island beggarticks,species,https://inaturalist-open-data.s3.amazonaws.com/photos/157623744/medium.jpeg,Bidens amplissima,species,confirmed,1,native,amplissima,"","",accepted,1,0.01
160946,53376,Cotoneaster dammeri,Bearberry Cotoneaster,species,https://inaturalist-open-data.s3.amazonaws.com/photos/124190179/medium.jpeg,Cotoneaster dammeri,species,confirmed,1,exotic,dammeri,"","",accepted,1,0.062
160947,53376,Cotoneaster divaricatus,Spreading Cotoneaster,species,https://inaturalist-open-data.s3.amazonaws.com/photos/340541156/medium.jpg,Cotoneaster divaricatus,species,new,1,exotic,divaricatus,"","",accepted,1,0
160951,53376,Cotoneaster rehderi,Bullate Cotoneaster,species,https://static.inaturalist.org/photos/51324471/medium.jpg,Cotoneaster rehderi,species,confirmed,1,exotic,rehderi,"","",accepted,1,0
161639,48943,Datura innoxia,downy thorn-apple,species,https://inaturalist-open-data.s3.amazonaws.com/photos/325514308/medium.jpeg,Datura innoxia,species,new,1,exotic,innoxia,"","",accepted,1,0.842
163336,61064,Glyceria maxima,reed meadowgrass,species,https://inaturalist-open-data.s3.amazonaws.com/photos/81753172/medium.jpeg,Glyceria maxima,species,confirmed,1,exotic,maxima,"","",accepted,1,0
163682,53095,Heracleum sphondylium,hogweed,species,https://static.inaturalist.org/photos/298976196/medium.jpg,Heracleum sphondylium,species,new,1,exotic,sphondylium,"","",accepted,1,0.875
164074,157614,Ionopsidium acaule,Violet Cress,species,https://inaturalist-open-data.s3.amazonaws.com/photos/343907878/medium.jpeg,Ionopsidium acaule,species,confirmed,1,exotic,acaule,"","",accepted,1,0.343
164252,52643,Juncus alpinoarticulatus,Northern Green Rush,species,https://inaturalist-open-data.s3.amazonaws.com/photos/260816068/medium.jpg,Juncus alpinoarticulatus,species,unconfirmed,1,native,alpinoarticulatus,"","",accepted,1,0.46
164262,52643,Juncus filiformis,Thread Rush,species,https://inaturalist-open-data.s3.amazonaws.com/photos/82596547/medium.jpg,Juncus filiformis,"",unconfirmed,1,native,filiformis,"","",accepted,1,0.504
164270,52643,Juncus lesueurii,San Francisco rush,species,https://inaturalist-open-data.s3.amazonaws.com/photos/450812/medium.jpg,Juncus lesueurii,species,unconfirmed,1,unknown,lesueurii,"","",accepted,1,0.311
164915,47121,Lupinus oreganus,Kincaid's Lupine,species,https://inaturalist-open-data.s3.amazonaws.com/photos/8010639/medium.jpg,Lupinus oreganus var. kincaidii,subspecies,confirmed,1,native,oreganus,"","",unaccepted,1,1
166953,49139,Plagiobothrys scouleri,Scouler's popcornflower,species,https://inaturalist-open-data.s3.amazonaws.com/photos/214046427/medium.jpeg,Plagiobothrys scouleri,species,confirmed,1,native,scouleri,"","",accepted,1,0
167508,156438,Pseudosasa japonica,Arrow Bamboo,species,https://inaturalist-open-data.s3.amazonaws.com/photos/181582821/medium.jpg,Pseudosasa japonica,species,new,0,exotic,japonica,"","",accepted,1,0.014
168322,53453,Salix candida,Sage-leaf willow,species,https://inaturalist-open-data.s3.amazonaws.com/photos/140334125/medium.jpg,Salix candida,species,unconfirmed,1,native,candida,"","",accepted,1,0.388
168352,53453,Salix pseudomonticola,False Mountain Willow,species,https://inaturalist-open-data.s3.amazonaws.com/photos/113938955/medium.jpeg,Salix pseudomonticola,species,unconfirmed,1,native,pseudomonticola,"","",accepted,1,0.324
168412,53202,Sanicula europaea,wood sanicle,species,https://inaturalist-open-data.s3.amazonaws.com/photos/78990889/medium.jpg,Sanicula europaea,species,confirmed,1,exotic,europaea,"","",accepted,1,0
168942,48798,Sidalcea hendersonii,Henderson's Checker-mallow,species,https://inaturalist-open-data.s3.amazonaws.com/photos/5416298/medium.jpeg,Sidalcea hendersonii,species,confirmed,1,native,hendersonii,"","",accepted,1,0
169309,51229,Stachys arvensis,Field woundwort,species,https://inaturalist-open-data.s3.amazonaws.com/photos/1219408/medium.,Stachys arvensis,species,new,1,exotic,arvensis,"","",accepted,1,0
181694,47727,Acer glabrum douglasii,Douglas maple,variety,https://inaturalist-open-data.s3.amazonaws.com/photos/913182/medium.jpg,Acer glabrum var. douglasii,variety,confirmed,1,native,glabrum,"",Acer glabrum douglasii,accepted,1,0
181942,47604,Scorzoneroides,"",genus,https://inaturalist-open-data.s3.amazonaws.com/photos/52460807/medium.jpg,,,,,,,,,,,0
203680,47604,Pilosella,mouse-ear hawkweeds,genus,https://static.inaturalist.org/photos/42518355/medium.jpg,,,,,,,,,,,0
204175,48063,Lysimachia maritima,Sea Milkwort,species,https://inaturalist-open-data.s3.amazonaws.com/photos/20740872/medium.jpg,Lysimachia maritima,species,new,0,native,maritima,"","",accepted,1,0.048
204214,47434,Graphephorum,"",genus,https://inaturalist-open-data.s3.amazonaws.com/photos/30904990/medium.jpeg,,,,,,,,,,,0
204246,204204,Atocion armeria,Sweet William Catchfly,species,https://static.inaturalist.org/photos/83401547/medium.jpg,Atocion armeria,species,new,1,exotic,armeria,"","",accepted,1,0.056
209238,50791,Linaria texana,Texas toadflax,species,https://inaturalist-open-data.s3.amazonaws.com/photos/116771/medium.jpg,Nuttallanthus texanus,"",unconfirmed,1,native,texana,"","",unaccepted,1,0.209
209478,51309,Linum narbonense,Beautiful Flax,species,https://static.inaturalist.org/photos/130956117/medium.jpg,Linum narbonense,species,new,1,exotic,narbonense,"","",accepted,1,0.129
234429,60479,Armeria maritima sibirica,Siberian sea thrift,subspecies,https://inaturalist-open-data.s3.amazonaws.com/photos/5049096/medium.jpg,Armeria maritima ssp. sibirica,subspecies,confirmed,1,exotic,maritima,Armeria maritima sibirica,"",accepted,1,0.027
234790,62219,Camassia quamash maxima,common camas,subspecies,https://inaturalist-open-data.s3.amazonaws.com/photos/7221920/medium.jpg,Camassia quamash ssp. maxima,subspecies,new,1,native,quamash,Camassia quamash maxima,"",accepted,1,0
234938,49340,Castilleja hispida hispida,Harsh Paintbrush,variety,https://inaturalist-open-data.s3.amazonaws.com/photos/6902721/medium.jpg,Castilleja hispida var. hispida,variety,confirmed,1,native,hispida,"",Castilleja hispida hispida,accepted,1,0
234941,49340,Castilleja miniata dixonii,Dixon's Paintbrush,variety,https://static.inaturalist.org/photos/111354519/medium.jpeg,Castilleja miniata var. dixonii,"",unconfirmed,1,native,miniata,"",Castilleja miniata dixonii,accepted,1,0.928
238339,55677,Sagina maxima maxima,Sticky-stem Pearlwort,subspecies,https://inaturalist-open-data.s3.amazonaws.com/photos/41458058/medium.jpg,Sagina maxima ssp. maxima,subspecies,new,0,native,maxima,Sagina maxima maxima,"",accepted,1,0.333
245731,48039,Lobelia pedunculata,Matted Pratia,species,https://inaturalist-open-data.s3.amazonaws.com/photos/330141368/medium.jpeg,Lobelia pedunculata,species,new,0,exotic,pedunculata,"","",accepted,1,0
316609,62232,Chimaphila umbellata umbellata,Eurasian Umbellate Wintergreen,subspecies,https://static.inaturalist.org/photos/2016628/medium.jpg,Chimaphila umbellata ssp. umbellata,subspecies,confirmed,1,native,umbellata,Chimaphila umbellata umbellata,"",accepted,1,0.031
319936,55728,Cymbalaria muralis muralis,"",subspecies,https://inaturalist-open-data.s3.amazonaws.com/photos/354203915/medium.jpeg,Cymbalaria muralis ssp. muralis,species,new,0,exotic,muralis,Cymbalaria muralis muralis,"",accepted,1,0
337820,53376,Cotoneaster salicifolius,Willow-leaved Cotoneaster,species,https://inaturalist-open-data.s3.amazonaws.com/photos/53574820/medium.jpg,Cotoneaster salicifolius,species,new,0,exotic,salicifolius,"","",accepted,1,0
357949,72236,Micranthes rufidula,Rustyhair Saxifrage,species,https://inaturalist-open-data.s3.amazonaws.com/photos/186915327/medium.jpeg,Micranthes rufidula,species,confirmed,1,native,rufidula,"","",accepted,1,0
357953,72236,Micranthes occidentalis,Western Saxifrage,species,https://inaturalist-open-data.s3.amazonaws.com/photos/530044101/medium.jpg,Micranthes occidentalis,species,new,1,native,occidentalis,"","",accepted,1,0.04
360545,60502,Veratrum viride eschscholtzianum,western green false hellebore,variety,https://inaturalist-open-data.s3.amazonaws.com/photos/491949/medium.JPG,Veratrum viride var. eschscholzianum,species,unconfirmed,1,native,viride,"",Veratrum viride eschscholtzianum,unaccepted,1,0.604
363448,49230,Amelanchier cusickii,Cusick's serviceberry,species,https://inaturalist-open-data.s3.amazonaws.com/photos/70838714/medium.jpeg,Amelanchier cusickii,species,new,0,native,cusickii,"","",accepted,1,0
371533,49149,Scilla sardensis,Lesser Glory-of-the-snow,species,https://inaturalist-open-data.s3.amazonaws.com/photos/1134205/medium.jpg,Scilla sardensis,species,new,1,exotic,sardensis,"","",accepted,1,0.737
379255,48382,Reynoutria,Rhizomatous Knotweeds,genus,https://static.inaturalist.org/photos/7065992/medium.jpg,,,,,,,,,,,0
406080,50641,Solanum nitidibaccatum,Green Nightshade,species,https://inaturalist-open-data.s3.amazonaws.com/photos/184772306/medium.jpeg,Solanum physalifolium var. nitidibaccatum,variety,confirmed,1,exotic,nitidibaccatum,"","",unaccepted,1,0
411074,53376,Cotoneaster coriaceus,Late cotoneaster,species,https://inaturalist-open-data.s3.amazonaws.com/photos/6155423/medium.jpeg,Cotoneaster lacteus,species,new,0,unknown,coriaceus,"","",unaccepted,1,0.167
430682,430685,Argyrocytisus battandieri,Pineapple Broom,species,https://static.inaturalist.org/photos/452954165/medium.jpg,Argyrocytisus battandieri,species,unconfirmed,1,exotic,battandieri,"","",accepted,1,0.689
469472,54500,Malus domestica,apple,species,https://inaturalist-open-data.s3.amazonaws.com/photos/268437/medium.jpg,Malus pumila,species,confirmed,1,exotic,domestica,"","",unaccepted,1,0
495238,53453,Salix × fragilis,hybrid crack willow,hybrid,https://inaturalist-open-data.s3.amazonaws.com/photos/53647918/medium.jpeg,Salix fragilis,hybrid,new,0,unknown,"","","",invalid,1,0.029
496537,48063,Lysimachia latifolia,Western Starflower,species,https://inaturalist-open-data.s3.amazonaws.com/photos/82441036/medium.jpg,Lysimachia latifolia,species,confirmed,1,native,latifolia,"","",accepted,1,0
498529,53376,Cotoneaster dielsianus,Diels' Cotoneaster,species,https://inaturalist-open-data.s3.amazonaws.com/photos/83066219/medium.jpeg,Cotoneaster dielsianus,species,new,1,exotic,dielsianus,"","",accepted,1,0.947
514012,514011,Chenopodiastrum murale,nettle-leaved goosefoot,species,https://inaturalist-open-data.s3.amazonaws.com/photos/282853405/medium.jpeg,Chenopodiastrum murale,species,new,1,exotic,murale,"","",accepted,1,0.375
630966,60369,Pyrola aphylla,Leafless wintergreen,species,https://inaturalist-open-data.s3.amazonaws.com/photos/299622427/medium.jpeg,Pyrola aphylla,species,new,0,native,aphylla,"","",accepted,1,0.167
707672,60369,Pyrola dentata,Toothed Wintergreen,species,https://inaturalist-open-data.s3.amazonaws.com/photos/359693094/medium.jpg,Pyrola dentata,"",unconfirmed,1,native,dentata,"","",accepted,1,0.41
716947,48063,Lysimachia europaea,Arctic Starflower,species,https://inaturalist-open-data.s3.amazonaws.com/photos/8051870/medium.jpeg,Lysimachia europaea,species,confirmed,1,unknown,europaea,"","",accepted,1,0
734805,734821,Petrosedum rupestre,Reflexed Stonecrop,species,https://inaturalist-open-data.s3.amazonaws.com/photos/148595193/medium.jpg,Sedum rupestre,species,new,0,unknown,rupestre,"","",unaccepted,1,0
739040,273241,Aphyllon purpureum,oneflower broomrape,species,https://inaturalist-open-data.s3.amazonaws.com/photos/300487875/medium.jpeg,Aphyllon purpureum,species,confirmed,1,native,purpureum,"","",accepted,1,0
778403,48528,Symphoricarpos mollis hesperius,Spreading Snowberry,variety,https://inaturalist-open-data.s3.amazonaws.com/photos/8677765/medium.jpeg,Symphoricarpos mollis var. hesperius,species,confirmed,1,native,mollis,"",Symphoricarpos mollis hesperius,accepted,1,0.018
791928,48063,Lysimachia arvensis,scarlet pimpernel,species,https://inaturalist-open-data.s3.amazonaws.com/photos/24788920/medium.jpg,Lysimachia arvensis,species,confirmed,1,exotic,arvensis,"","",accepted,1,0
802714,273241,Aphyllon uniflorum,one-flowered cancer-root,species,https://inaturalist-open-data.s3.amazonaws.com/photos/121585502/medium.jpg,Aphyllon uniflorum,species,unconfirmed,1,native,uniflorum,"","",accepted,1,0.759
807416,52504,Papaver cambricum,Welsh Poppy,species,https://inaturalist-open-data.s3.amazonaws.com/photos/133621556/medium.jpg,Papaver cambricum,species,new,0,exotic,cambricum,"","",accepted,1,0
867483,49389,Stellaria apetala,lesser chickweed,species,https://inaturalist-open-data.s3.amazonaws.com/photos/268161103/medium.jpg,Stellaria pallida,species,new,1,exotic,apetala,"","",unaccepted,1,0.65
873482,47574,Juniperus communis kelleyi,"",variety,https://inaturalist-open-data.s3.amazonaws.com/photos/46134125/medium.jpeg,Juniperus communis var. kelleyi,variety,unconfirmed,1,native,communis,"",Juniperus communis kelleyi,accepted,1,0.755
890625,55796,Luzula macrantha,Prairie Woodrush,species,https://inaturalist-open-data.s3.amazonaws.com/photos/193485197/medium.jpeg,Luzula macrantha,species,confirmed,1,native,macrantha,"","",accepted,1,0
896905,446668,Oxybasis chenopodioides,Low Goosefoot,species,https://inaturalist-open-data.s3.amazonaws.com/photos/37942802/medium.jpeg,Oxybasis chenopodioides,species,unconfirmed,1,native,chenopodioides,"","",accepted,1,0.245
897622,48539,Cytisus procumbens,"",species,https://static.inaturalist.org/photos/63813686/medium.jpeg,Cytisus procumbens,species,new,1,exotic,procumbens,"","",accepted,1,0.727
941891,878738,Halerpestes cymbalaria,Alkali Buttercup,species,https://inaturalist-open-data.s3.amazonaws.com/photos/65832931/medium.jpeg,Halerpestes cymbalaria,species,new,0,native,cymbalaria,"","",accepted,1,0.014
950603,950583,Anemonoides nemorosa,wood anemone,species,https://inaturalist-open-data.s3.amazonaws.com/photos/732011/medium.jpg,Anemone nemorosa,species,new,0,exotic,nemorosa,"","",unaccepted,1,0
950619,950583,Anemonoides apennina,Blue Anemone,species,https://inaturalist-open-data.s3.amazonaws.com/photos/63726189/medium.jpg,Anemone apennina,species,new,0,exotic,apennina,"","",unaccepted,1,0
988455,50853,Cerastium pumilum glutinosum,"",variety,https://inaturalist-open-data.s3.amazonaws.com/photos/37928985/medium.jpeg,Cerastium pumilum ssp. glutinosum,species,confirmed,1,exotic,pumilum,"",Cerastium pumilum glutinosum,accepted,1,0
993678,53376,Cotoneaster qungbixiensis,truncate-leaved cotoneaster,species,"",Cotoneaster qungbixiensis,species,new,1,unknown,qungbixiensis,"","",accepted,1,0.947
1005385,50853,Cerastium holosteoides,Common mouse-ear chickweed,species,https://inaturalist-open-data.s3.amazonaws.com/photos/245986323/medium.jpg,Cerastium fontanum ssp. vulgare,subspecies,confirmed,1,exotic,holosteoides,"","",unaccepted,1,0
1023208,446668,Oxybasis macrosperma,"",species,https://inaturalist-open-data.s3.amazonaws.com/photos/439581378/medium.jpeg,Oxybasis macrosperma,subspecies,unconfirmed,1,exotic,macrosperma,"","",accepted,1,0.957
1068235,47204,Boechera,rockcresses,genus,https://inaturalist-open-data.s3.amazonaws.com/photos/64427045/medium.jpg,,,,,,,,,,,0
1178020,47701,Geranium molle,Dove's-foot Crane's-Bill Complex,complex,https://inaturalist-open-data.s3.amazonaws.com/photos/11134348/medium.jpg,Geranium molle,complex,confirmed,1,exotic,molle,"","",accepted,1,0
1221562,962562,Eriocoma nelsonii,Columbia needlegrass,species,https://inaturalist-open-data.s3.amazonaws.com/photos/468648617/medium.jpg,Achnatherum nelsonii,subspecies,confirmed,1,native,nelsonii,"","",unaccepted,1,0.023
1319212,53376,Cotoneaster franchetii,Franchet's cotoneaster,species,https://inaturalist-open-data.s3.amazonaws.com/photos/33337608/medium.jpg,Cotoneaster franchetii,species,new,1,exotic,franchetii,"","",accepted,1,0
1351686,50641,Solanum nigrum,Black Nightshade Complex,complex,https://inaturalist-open-data.s3.amazonaws.com/photos/199968095/medium.jpeg,Solanum nigrum,complex,confirmed,1,exotic,nigrum,"","",accepted,1,0.036
1403902,53060,Galium aparine,"",complex,https://inaturalist-open-data.s3.amazonaws.com/photos/113728457/medium.jpeg,Galium aparine,complex,confirmed,1,native,aparine,"","",accepted,1,0
1419558,57022,Eleocharis palustris,"",complex,https://inaturalist-open-data.s3.amazonaws.com/photos/32859822/medium.jpg,Eleocharis palustris,complex,confirmed,1,native,palustris,"","",accepted,1,0
1426020,51753,Brodiaea rosea rosea,"",subspecies,https://inaturalist-open-data.s3.amazonaws.com/photos/105538552/medium.jpeg,Brodiaea rosea var. rosea,variety,confirmed,1,native,rosea,Brodiaea rosea rosea,"",accepted,1,0.018
1445702,47434,Podagrostis,"",genus,https://inaturalist-open-data.s3.amazonaws.com/photos/465266556/medium.jpeg,,,,,,,,,,,0
1453825,156250,Roemeria argemone,Prickly Poppy,species,https://inaturalist-open-data.s3.amazonaws.com/photos/16169/medium.jpg,Papaver argemone,species,confirmed,1,exotic,argemone,"","",unaccepted,1,0.036
1555488,47204,Mutarda,"",genus,https://inaturalist-open-data.s3.amazonaws.com/photos/80331856/medium.jpeg,,,,,,,,,,,0
1561121,60092,Rhinanthus minor minor,"",subspecies,https://inaturalist-open-data.s3.amazonaws.com/photos/448905246/medium.jpeg,Rhinanthus minor ssp. minor,species,confirmed,1,native,minor,Rhinanthus minor minor,"",accepted,1,0
47359,47361,Apocynum androsaemifolium,spreading dogbane,species,https://inaturalist-open-data.s3.amazonaws.com/photos/375675/medium.jpg,Apocynum androsaemifolium,species,confirmed,1,native,androsaemifolium,"","",accepted,1,0
47695,47696,Cynosurus echinatus,bristly dogtail grass,species,https://inaturalist-open-data.s3.amazonaws.com/photos/438248468/medium.jpeg,Cynosurus echinatus,species,confirmed,1,exotic,echinatus,"","",accepted,1,0
47697,47698,Hesperis matronalis,dame's rocket,species,https://inaturalist-open-data.s3.amazonaws.com/photos/202467231/medium.jpeg,Hesperis matronalis,species,confirmed,1,exotic,matronalis,"","",accepted,1,0
48349,48353,Vaccinium ovatum,Evergreen Huckleberry,species,https://static.inaturalist.org/photos/121469550/medium.jpeg,Vaccinium ovatum,species,new,0,native,ovatum,"","",accepted,1,0
48354,48353,Vaccinium parvifolium,Red Huckleberry,species,https://inaturalist-open-data.s3.amazonaws.com/photos/412813759/medium.jpeg,Vaccinium parvifolium,species,confirmed,1,native,parvifolium,"","",accepted,1,0
48543,48544,Mycelis muralis,Wall Lettuce,species,https://inaturalist-open-data.s3.amazonaws.com/photos/143736650/medium.jpg,Mycelis muralis,species,confirmed,1,exotic,muralis,"","",accepted,1,0
48622,48624,Nepeta cataria,Catnip,species,https://inaturalist-open-data.s3.amazonaws.com/photos/4209829/medium.JPG,Nepeta cataria,species,new,0,exotic,cataria,"","",accepted,1,0
48934,47561,Pinus contorta,lodgepole pine,species,https://inaturalist-open-data.s3.amazonaws.com/photos/45880976/medium.jpeg,Pinus contorta,species,confirmed,1,native,contorta,"","",accepted,1,0
49141,49140,Amsinckia menziesii intermedia,Rancher's fiddleneck,variety,https://inaturalist-open-data.s3.amazonaws.com/photos/23982764/medium.jpeg,Amsinckia intermedia,species,confirmed,1,native,menziesii,"",Amsinckia menziesii intermedia,unaccepted,1,0.043
49444,49445,Corallorhiza mertensiana,Pacific coralroot,species,https://inaturalist-open-data.s3.amazonaws.com/photos/15894/medium.jpg,Corallorhiza mertensiana,species,confirmed,1,native,mertensiana,"","",accepted,1,0
49475,49445,Corallorhiza maculata,spotted coralroot,species,https://static.inaturalist.org/photos/88462956/medium.jpeg,Corallorhiza maculata,species,confirmed,1,native,maculata,"","",accepted,1,0
50298,50299,Fragaria vesca,woodland strawberry,species,https://inaturalist-open-data.s3.amazonaws.com/photos/134106423/medium.jpg,Fragaria vesca,species,confirmed,1,native,vesca,"","",accepted,1,0
50618,50619,Fritillaria affinis,checker lily,species,https://inaturalist-open-data.s3.amazonaws.com/photos/2605/medium.jpg,Fritillaria affinis,species,confirmed,1,native,affinis,"","",accepted,1,0
50706,50707,Cephalanthera austiniae,Phantom Orchid,species,https://inaturalist-open-data.s3.amazonaws.com/photos/4112910/medium.JPG,Cephalanthera austiniae,species,confirmed,1,native,austiniae,"","",accepted,1,0.026
50712,47589,Cypripedium montanum,mountain lady's-slipper,species,https://inaturalist-open-data.s3.amazonaws.com/photos/18334409/medium.jpeg,Cypripedium montanum,"","",0,native,montanum,"","",accepted,1,0
50719,50718,Goodyera oblongifolia,Western Rattlesnake Plantain,species,https://inaturalist-open-data.s3.amazonaws.com/photos/12879824/medium.jpeg,Goodyera oblongifolia,species,confirmed,1,native,oblongifolia,"","",accepted,1,0
50743,50741,Spiranthes romanzoffiana,Hooded Ladies' Tresses,species,https://inaturalist-open-data.s3.amazonaws.com/photos/85942231/medium.jpg,Spiranthes romanzoffiana,species,confirmed,1,native,romanzoffiana,"","",accepted,1,1
50806,50807,Uropappus lindleyi,silverpuffs,species,https://inaturalist-open-data.s3.amazonaws.com/photos/7015916/medium.jpeg,Uropappus lindleyi,"","",0,native,lindleyi,"","",accepted,1,0
51344,48385,Heuchera micrantha diversifolia,"",variety,https://inaturalist-open-data.s3.amazonaws.com/photos/13359312/medium.jpg,Heuchera micrantha var. diversifolia,variety,confirmed,1,native,micrantha,"",Heuchera micrantha diversifolia,accepted,1,0
51618,51619,Myrrhis odorata,sweet cicely,species,https://inaturalist-open-data.s3.amazonaws.com/photos/929198/medium.jpg,Myrrhis odorata,species,new,0,exotic,odorata,"","",accepted,1,0.4
51633,51637,Digitaria sanguinalis,Hairy Crabgrass,species,https://static.inaturalist.org/photos/13055518/medium.jpg,Digitaria sanguinalis,species,new,0,exotic,sanguinalis,"","",accepted,1,0
51646,47544,Rubus parviflorus,thimbleberry,species,https://static.inaturalist.org/photos/508162072/medium.jpg,Rubus parviflorus,species,confirmed,1,native,parviflorus,"","",accepted,1,0
52586,52587,Silybum marianum,milk thistle,species,https://static.inaturalist.org/photos/6078409/medium.jpeg,Silybum marianum,species,new,1,exotic,marianum,"","",accepted,1,0
52627,51229,Stachys chamissonis cooleyae,Cooley's Hedge-nettle,variety,https://inaturalist-open-data.s3.amazonaws.com/photos/6758732/medium.jpg,Stachys cooleyae,species,confirmed,1,native,chamissonis,"",Stachys chamissonis cooleyae,invalid,1,0
52692,52693,Agrostis pallens,seashore bentgrass,species,https://inaturalist-open-data.s3.amazonaws.com/photos/317775663/medium.jpg,Agrostis pallens,species,confirmed,1,native,pallens,"","",accepted,1,0.237
52694,52695,Aira caryophyllea,Silver Hairgrass,species,https://inaturalist-open-data.s3.amazonaws.com/photos/12075346/medium.jpg,Aira caryophyllea,species,confirmed,1,exotic,caryophyllea,"","",accepted,1,0
52703,52701,Bromus hordeaceus,common soft brome,species,https://inaturalist-open-data.s3.amazonaws.com/photos/130309776/medium.jpeg,Bromus hordeaceus,species,confirmed,1,exotic,hordeaceus,"","",accepted,1,0
52720,52721,Dactylis glomerata,orchard grass,species,https://inaturalist-open-data.s3.amazonaws.com/photos/103010705/medium.jpeg,Dactylis glomerata,species,confirmed,1,exotic,glomerata,"","",accepted,1,0
52722,52723,Deschampsia elongata,slender hairgrass,species,https://inaturalist-open-data.s3.amazonaws.com/photos/419360530/medium.jpeg,Deschampsia elongata,species,confirmed,1,native,elongata,"","",accepted,1,0
52727,56932,Cuscuta cephalanthi,Buttonbush Dodder,species,https://static.inaturalist.org/photos/9230754/medium.jpeg,Cuscuta cephalanthi,species,confirmed,1,exotic,cephalanthi,"","",accepted,1,0.014
52764,52765,Prunella vulgaris,common selfheal,species,https://inaturalist-open-data.s3.amazonaws.com/photos/89626619/medium.jpg,Prunella vulgaris,species,confirmed,1,native,vulgaris,"","",accepted,1,0
52791,52792,Elymus glaucus,blue wild rye,species,https://static.inaturalist.org/photos/75985465/medium.jpg,Elymus glaucus,species,confirmed,1,native,glaucus,"","",accepted,1,0
52793,52794,Holcus lanatus,Yorkshire fog,species,https://inaturalist-open-data.s3.amazonaws.com/photos/233046284/medium.jpg,Holcus lanatus,species,confirmed,1,exotic,lanatus,"","",accepted,1,0
52796,52797,Hordeum murinum,wall barley,species,https://inaturalist-open-data.s3.amazonaws.com/photos/12852/medium.jpg,Hordeum murinum,species,confirmed,1,exotic,murinum,"","",accepted,1,0
52833,52834,Anaphalis margaritacea,pearly everlasting,species,https://inaturalist-open-data.s3.amazonaws.com/photos/54041809/medium.jpeg,Anaphalis margaritacea,species,confirmed,1,native,margaritacea,"","",accepted,1,0
52838,52842,Anthemis arvensis,Corn Chamomile,species,https://inaturalist-open-data.s3.amazonaws.com/photos/11171625/medium.jpeg,Anthemis arvensis,species,new,0,exotic,arvensis,"","",accepted,1,0.5
52841,52842,Anthemis cotula,Stinking chamomile,species,https://static.inaturalist.org/photos/362005/medium.jpg,Anthemis cotula,species,confirmed,1,exotic,cotula,"","",accepted,1,0.028
52846,52847,Anthriscus caucalis,Bur Parsley,species,https://inaturalist-open-data.s3.amazonaws.com/photos/25575053/medium.jpg,Anthriscus caucalis,species,confirmed,1,exotic,caucalis,"","",accepted,1,0
52913,52914,Cichorium intybus,chicory,species,https://inaturalist-open-data.s3.amazonaws.com/photos/283894255/medium.jpg,Cichorium intybus,species,new,0,exotic,intybus,"","",accepted,1,0
52974,52975,Eurybia radulina,roughleaf aster,species,https://inaturalist-open-data.s3.amazonaws.com/photos/50377570/medium.jpg,Eurybia radulina,species,confirmed,1,native,radulina,"","",accepted,1,0.036
52976,52977,Barbarea orthoceras,American yellowrocket,species,https://inaturalist-open-data.s3.amazonaws.com/photos/8500245/medium.jpg,Barbarea orthoceras,species,confirmed,1,native,orthoceras,"","",accepted,1,0
52981,49652,Cardamine oligosperma,little western bittercress,species,https://inaturalist-open-data.s3.amazonaws.com/photos/3002876/medium.jpg,Cardamine oligosperma,species,confirmed,1,native,oligosperma,"","",accepted,1,0
52989,48561,Cirsium vulgare,Bull Thistle,species,https://inaturalist-open-data.s3.amazonaws.com/photos/306770747/medium.jpeg,Cirsium vulgare,species,confirmed,1,exotic,vulgare,"","",accepted,1,0
52992,52845,Matricaria discoidea,pineapple-weed,species,https://inaturalist-open-data.s3.amazonaws.com/photos/34171885/medium.jpeg,Matricaria discoidea,species,confirmed,1,native,discoidea,"","",accepted,1,0
52993,48561,Cirsium brevistylum,Short-styled Thistle,species,https://static.inaturalist.org/photos/114124015/medium.jpg,Cirsium brevistylum,species,new,0,native,brevistylum,"","",accepted,1,0
53012,50249,Maianthemum racemosum amplexicaule,western Solomon's plume,subspecies,https://inaturalist-open-data.s3.amazonaws.com/photos/11016026/medium.jpg,Maianthemum racemosum ssp. amplexicaule,subspecies,confirmed,1,native,racemosum,Maianthemum racemosum amplexicaule,"",accepted,1,0
53083,53078,Pseudognaphalium luteoalbum,Jersey Cudweed,species,https://inaturalist-open-data.s3.amazonaws.com/photos/52636719/medium.jpeg,Pseudognaphalium luteoalbum,species,new,1,exotic,luteoalbum,"","",accepted,1,0
53089,53078,Pseudognaphalium stramineum,cottonbatting plant,species,https://inaturalist-open-data.s3.amazonaws.com/photos/6770717/medium.jpeg,Pseudognaphalium stramineum,species,new,1,exotic,stramineum,"","",accepted,1,0
53107,53106,Lactuca serriola,prickly lettuce,species,https://inaturalist-open-data.s3.amazonaws.com/photos/5228/medium.jpg,Lactuca serriola,species,new,1,exotic,serriola,"","",accepted,1,0.056
53166,53167,Osmorhiza berteroi,mountain sweet cicely,species,https://inaturalist-open-data.s3.amazonaws.com/photos/492837001/medium.jpeg,Osmorhiza berteroi,species,confirmed,1,native,berteroi,"","",accepted,1,0
53178,50636,Plantago lanceolata,ribwort plantain,species,https://inaturalist-open-data.s3.amazonaws.com/photos/384758481/medium.jpg,Plantago lanceolata,species,confirmed,1,exotic,lanceolata,"","",accepted,1,0
53188,53189,Psilocarphus tenellus,slender woolly-marbles,species,https://inaturalist-open-data.s3.amazonaws.com/photos/15518468/medium.jpeg,Psilocarphus tenellus,species,confirmed,1,native,tenellus,"","",accepted,1,0
53197,53196,Rumex crispus,curled dock,species,https://inaturalist-open-data.s3.amazonaws.com/photos/447224091/medium.jpeg,Rumex crispus,species,confirmed,1,exotic,crispus,"","",accepted,1,0
53203,53204,Clinopodium douglasii,yerba buena,species,https://static.inaturalist.org/photos/211740178/medium.jpg,Clinopodium douglasii,species,confirmed,1,native,douglasii,"","",accepted,1,0
53210,53207,Senecio sylvaticus,Heath Groundsel,species,https://static.inaturalist.org/photos/428133923/medium.jpg,Senecio sylvaticus,species,new,1,exotic,sylvaticus,"","",accepted,1,0
53211,53207,Senecio vulgaris,common groundsel,species,https://inaturalist-open-data.s3.amazonaws.com/photos/354387481/medium.jpeg,Senecio vulgaris,species,confirmed,1,exotic,vulgaris,"","",accepted,1,0
53266,53267,Sisymbrium officinale,Hedge mustard,species,https://inaturalist-open-data.s3.amazonaws.com/photos/279110497/medium.jpeg,Sisymbrium officinale,species,confirmed,1,exotic,officinale,"","",accepted,1,0
53269,53270,Sonchus asper,prickly sowthistle,species,https://inaturalist-open-data.s3.amazonaws.com/photos/261760280/medium.jpeg,Sonchus asper,species,confirmed,1,exotic,asper,"","",accepted,1,0
53294,53270,Sonchus oleraceus,Common Sow-thistle,species,https://inaturalist-open-data.s3.amazonaws.com/photos/131297526/medium.jpg,Sonchus oleraceus,species,confirmed,1,exotic,oleraceus,"","",accepted,1,0
53313,51876,Trifolium dubium,Lesser hop trefoil,species,https://inaturalist-open-data.s3.amazonaws.com/photos/280916253/medium.jpeg,Trifolium dubium,species,confirmed,1,exotic,dubium,"","",accepted,1,0
53321,52472,Vicia americana americana,American Vetch,variety,https://inaturalist-open-data.s3.amazonaws.com/photos/20335/medium.jpg,Vicia americana var. americana,variety,unconfirmed,1,native,americana,"",Vicia americana americana,accepted,1,0.688
53326,53327,Vinca major,greater periwinkle,species,https://inaturalist-open-data.s3.amazonaws.com/photos/187076568/medium.jpeg,Vinca major,species,new,1,exotic,major,"","",accepted,1,0
53328,50829,Viola adunca,hookedspur violet,species,https://static.inaturalist.org/photos/192684110/medium.jpg,Viola adunca var. adunca,species,confirmed,1,native,adunca,"","",unaccepted,1,0
54050,54051,Crepis capillaris,Smooth hawksbeard,species,https://inaturalist-open-data.s3.amazonaws.com/photos/151130085/medium.jpeg,Crepis capillaris,species,confirmed,1,exotic,capillaris,"","",accepted,1,0
54520,54521,Tanacetum parthenium,feverfew,species,https://inaturalist-open-data.s3.amazonaws.com/photos/10145/medium.jpg,Tanacetum parthenium,species,confirmed,1,exotic,parthenium,"","",accepted,1,0
54531,49652,Cardamine pratensis,Cuckooflower,species,https://inaturalist-open-data.s3.amazonaws.com/photos/601068973/medium.jpg,Cardamine pratensis,species,confirmed,1,native,pratensis,"","",accepted,1,0.016
54835,47351,Prunus virginiana,chokecherry,species,https://inaturalist-open-data.s3.amazonaws.com/photos/146282563/medium.jpg,Prunus virginiana,species,confirmed,1,native,virginiana,"","",accepted,1,0
55021,48016,Arabidopsis thaliana,mouse-ear cress,species,https://inaturalist-open-data.s3.amazonaws.com/photos/187006756/medium.jpeg,Arabidopsis thaliana,species,confirmed,1,exotic,thaliana,"","",accepted,1,0
55342,50829,Viola sempervirens,Redwood Violet,species,https://inaturalist-open-data.s3.amazonaws.com/photos/63038472/medium.jpeg,Viola sempervirens,species,confirmed,1,native,sempervirens,"","",accepted,1,0
55364,55365,Grindelia hirsutula,Hairy Gumweed,species,https://inaturalist-open-data.s3.amazonaws.com/photos/8538806/medium.jpeg,Grindelia hirsutula var. hirsutula,species,new,0,native,hirsutula,"","",unaccepted,1,0
55366,50299,Fragaria × ananassa,garden strawberry,hybrid,https://inaturalist-open-data.s3.amazonaws.com/photos/112410547/medium.jpeg,Fragaria × ananassa,hybrid,new,0,unknown,"","","",accepted,1,0.4
55367,50299,Fragaria chiloensis,beach strawberry,species,https://static.inaturalist.org/photos/12686733/medium.jpg,Fragaria chiloensis,species,confirmed,1,native,chiloensis,"","",accepted,1,0
55411,55412,Raphanus raphanistrum,Wild radish,species,https://static.inaturalist.org/photos/103385471/medium.jpg,Raphanus raphanistrum,species,confirmed,1,exotic,raphanistrum,"","",accepted,1,1
55563,55564,Bellis perennis,Lawn daisy,species,https://inaturalist-open-data.s3.amazonaws.com/photos/515847774/medium.jpg,Bellis perennis,species,confirmed,1,exotic,perennis,"","",accepted,1,0
55666,51611,Veronica persica,bird's-eye speedwell,species,https://inaturalist-open-data.s3.amazonaws.com/photos/472978578/medium.jpeg,Veronica persica,species,new,1,exotic,persica,"","",accepted,1,0
55732,53186,Potentilla norvegica,rough cinquefoil,species,https://inaturalist-open-data.s3.amazonaws.com/photos/218953848/medium.jpeg,Potentilla norvegica,species,confirmed,1,native,norvegica,"","",accepted,1,0
55734,55735,Sedum acre,Biting Stonecrop,species,https://static.inaturalist.org/photos/80435797/medium.jpeg,Sedum acre,species,confirmed,1,exotic,acre,"","",accepted,1,0
55760,50829,Viola arvensis,European field pansy,species,https://inaturalist-open-data.s3.amazonaws.com/photos/37775690/medium.jpeg,Viola arvensis,"","",0,exotic,arvensis,"","",accepted,1,0
55825,51611,Veronica filiformis,Slender speedwell,species,https://static.inaturalist.org/photos/41454372/medium.jpeg,Veronica filiformis,species,confirmed,1,exotic,filiformis,"","",accepted,1,0
55829,49652,Cardamine hirsuta,hairy bittercress,species,https://inaturalist-open-data.s3.amazonaws.com/photos/181993101/medium.jpg,Cardamine hirsuta,species,confirmed,1,exotic,hirsuta,"","",accepted,1,0
55830,55831,Glechoma hederacea,ground-ivy,species,https://inaturalist-open-data.s3.amazonaws.com/photos/280941528/medium.jpg,Glechoma hederacea,species,new,0,exotic,hederacea,"","",accepted,1,0
55844,53327,Vinca minor,lesser periwinkle,species,https://inaturalist-open-data.s3.amazonaws.com/photos/590814671/medium.jpg,Vinca minor,species,new,0,exotic,minor,"","",accepted,1,0
55845,50829,Viola odorata,Sweet violet,species,https://inaturalist-open-data.s3.amazonaws.com/photos/63834973/medium.jpg,Viola odorata,species,confirmed,1,exotic,odorata,"","",accepted,1,0
55850,55779,Petasites hybridus,Common Butterbur,species,https://static.inaturalist.org/photos/29138228/medium.jpg,Petasites hybridus,species,new,0,exotic,hybridus,"","",accepted,1,0.167
55886,55326,Lunaria annua,Annual Honesty,species,https://inaturalist-open-data.s3.amazonaws.com/photos/505567800/medium.jpg,Lunaria annua,species,confirmed,1,exotic,annua,"","",accepted,1,0
55892,50630,Erysimum × cheiri,Wallflower,hybrid,https://inaturalist-open-data.s3.amazonaws.com/photos/1200042/medium.,Erysimum cheiri,species,confirmed,1,exotic,"","","",unaccepted,1,0
55971,54521,Tanacetum vulgare,tansy,species,https://inaturalist-open-data.s3.amazonaws.com/photos/45581182/medium.jpg,Tanacetum vulgare,species,new,1,exotic,vulgare,"","",accepted,1,0
55976,52935,Eupatorium cannabinum,hemp agrimony,species,https://inaturalist-open-data.s3.amazonaws.com/photos/430674096/medium.jpeg,Eupatorium cannabinum,species,new,0,exotic,cannabinum,"","",accepted,1,0.5
55981,55982,Lapsana communis,nipplewort,species,https://inaturalist-open-data.s3.amazonaws.com/photos/20407734/medium.jpg,Lapsana communis,species,confirmed,1,exotic,communis,"","",accepted,1,0
56061,56062,Alliaria petiolata,garlic mustard,species,https://inaturalist-open-data.s3.amazonaws.com/photos/3542548/medium.jpg,Alliaria petiolata,species,confirmed,1,exotic,petiolata,"","",accepted,1,0
56121,52979,Capsella bursa-pastoris,shepherd's-purse,species,https://inaturalist-open-data.s3.amazonaws.com/photos/23130/medium.jpg,Capsella bursa-pastoris,species,confirmed,1,exotic,bursa-pastoris,"","",accepted,1,0
56126,52977,Barbarea vulgaris,bitter wintercress,species,https://inaturalist-open-data.s3.amazonaws.com/photos/369943612/medium.jpg,Barbarea vulgaris,species,confirmed,1,exotic,vulgaris,"","",accepted,1,0
56129,51611,Veronica hederifolia,Ivy-leaved Speedwell,species,https://inaturalist-open-data.s3.amazonaws.com/photos/67478465/medium.jpg,Veronica hederifolia,species,new,1,exotic,hederifolia,"","",accepted,1,0
56153,52643,Juncus effusus,Soft Rush,species,https://inaturalist-open-data.s3.amazonaws.com/photos/41202988/medium.jpg,Juncus effusus,species,confirmed,1,native,effusus,"","",accepted,1,0
56166,61787,Persicaria maculosa,spotted lady's thumb,species,https://inaturalist-open-data.s3.amazonaws.com/photos/432177968/medium.jpeg,Persicaria maculosa,species,confirmed,1,exotic,maculosa,"","",accepted,1,0.009
56188,52472,Vicia hirsuta,Hairy tare,species,https://inaturalist-open-data.s3.amazonaws.com/photos/490035805/medium.jpg,Vicia hirsuta,species,confirmed,1,exotic,hirsuta,"","",accepted,1,0
56222,56223,Tussilago farfara,colt's-foot,species,https://inaturalist-open-data.s3.amazonaws.com/photos/597146847/medium.jpg,Tussilago farfara,species,new,0,exotic,farfara,"","",accepted,1,0.167
56224,49869,Caltha palustris,marsh marigold,species,https://inaturalist-open-data.s3.amazonaws.com/photos/324010734/medium.jpeg,Caltha palustris,species,new,0,native,palustris,"","",accepted,1,0
56726,56727,Daucus pusillus,American wild carrot,species,https://inaturalist-open-data.s3.amazonaws.com/photos/277697754/medium.jpeg,Daucus pusillus,species,confirmed,1,native,pusillus,"","",accepted,1,0
56843,56844,Scandix pecten-veneris,Shepherd's-needle,species,https://inaturalist-open-data.s3.amazonaws.com/photos/66339485/medium.jpeg,Scandix pecten-veneris,species,confirmed,1,exotic,pecten-veneris,"","",accepted,1,0
56847,56848,Yabea microcarpa,California Hedge Parsley,species,https://inaturalist-open-data.s3.amazonaws.com/photos/81101506/medium.jpeg,Yabea microcarpa,species,new,1,native,microcarpa,"","",accepted,1,0
56992,56993,Lobularia maritima,sweet alyssum,species,https://inaturalist-open-data.s3.amazonaws.com/photos/473805234/medium.jpg,Lobularia maritima,species,confirmed,1,exotic,maritima,"","",accepted,1,0
56996,53267,Sisymbrium altissimum,Tall Tumblemustard,species,https://static.inaturalist.org/photos/67836882/medium.jpg,Sisymbrium altissimum,species,confirmed,1,exotic,altissimum,"","",accepted,1,0.027
57016,57017,Crassula connata,sand pygmyweed,species,https://inaturalist-open-data.s3.amazonaws.com/photos/356062780/medium.jpg,Crassula connata,species,confirmed,1,native,connata,"","",accepted,1,0
57053,64336,Acmispon americanus americanus,Spanish clover,variety,https://inaturalist-open-data.s3.amazonaws.com/photos/997642/medium.jpg,Acmispon americanus var. americanus,variety,confirmed,1,native,americanus,"",Acmispon americanus americanus,accepted,1,1
57076,51876,Trifolium campestre,hop trefoil,species,https://inaturalist-open-data.s3.amazonaws.com/photos/73248929/medium.jpg,Trifolium campestre,species,confirmed,1,exotic,campestre,"","",accepted,1,0
57116,54570,Mentha pulegium,Pennyroyal,species,https://inaturalist-open-data.s3.amazonaws.com/photos/412164828/medium.jpeg,Mentha pulegium,species,new,0,exotic,pulegium,"","",accepted,1,0.125
57157,57160,Briza maxima,Greater Quaking Grass,species,https://inaturalist-open-data.s3.amazonaws.com/photos/254236867/medium.jpg,Briza maxima,species,new,1,exotic,maxima,"","",accepted,1,0
57162,57160,Briza minor,Little quaking-grass,species,https://inaturalist-open-data.s3.amazonaws.com/photos/34264/medium.jpg,Briza minor,species,confirmed,1,exotic,minor,"","",accepted,1,0.022
57163,52701,Bromus sterilis,Barren Brome,species,https://inaturalist-open-data.s3.amazonaws.com/photos/152944035/medium.jpeg,Bromus sterilis,species,confirmed,1,exotic,sterilis,"","",accepted,1,0
57164,52723,Deschampsia danthonioides,annual hairgrass,species,https://inaturalist-open-data.s3.amazonaws.com/photos/307794095/medium.jpg,Deschampsia danthonioides,species,confirmed,1,native,danthonioides,"","",accepted,1,0.012
57182,52797,Hordeum vulgare,Common Barley,species,https://inaturalist-open-data.s3.amazonaws.com/photos/76716288/medium.jpg,Hordeum vulgare,species,new,0,exotic,vulgare,"","",accepted,1,0
57184,57185,Leymus triticoides,Creeping wild rye,species,https://inaturalist-open-data.s3.amazonaws.com/photos/12614241/medium.jpeg,Leymus triticoides,species,confirmed,1,native,triticoides,"","",accepted,1,0
57188,57189,Phalaris aquatica,harding grass,species,https://inaturalist-open-data.s3.amazonaws.com/photos/244905231/medium.jpeg,Phalaris aquatica,"",unconfirmed,1,exotic,aquatica,"","",accepted,1,0.619
57191,57189,Phalaris canariensis,canary grass,species,https://inaturalist-open-data.s3.amazonaws.com/photos/528247421/medium.jpg,Phalaris canariensis,species,confirmed,1,exotic,canariensis,"","",accepted,1,0.032
57197,57200,Polypogon monspeliensis,rabbitfoot grass,species,https://inaturalist-open-data.s3.amazonaws.com/photos/4096256/medium.jpg,Polypogon monspeliensis,species,confirmed,1,exotic,monspeliensis,"","",accepted,1,0.017
57215,53196,Rumex conglomeratus,Clustered Dock,species,https://inaturalist-open-data.s3.amazonaws.com/photos/295358545/medium.jpg,Rumex conglomeratus,species,confirmed,1,exotic,conglomeratus,"","",accepted,1,0
57277,51611,Veronica americana,American brooklime,species,https://inaturalist-open-data.s3.amazonaws.com/photos/378688063/medium.jpg,Veronica beccabunga var. americana,variety,confirmed,1,native,americana,"","",unaccepted,1,0
57310,52472,Vicia tetrasperma,Lentil Vetch,species,https://inaturalist-open-data.s3.amazonaws.com/photos/468470609/medium.jpg,Vicia tetrasperma,species,confirmed,1,exotic,tetrasperma,"","",accepted,1,0
57524,57525,Crocidium multicaule,spring gold,species,https://static.inaturalist.org/photos/33411839/medium.jpg,Crocidium multicaule,species,confirmed,1,native,multicaule,"","",accepted,1,0
57980,53082,Gnaphalium palustre,western marsh cudweed,species,https://inaturalist-open-data.s3.amazonaws.com/photos/80222834/medium.jpeg,Gnaphalium palustre,species,confirmed,1,native,palustre,"","",accepted,1,0.026
58049,49140,Amsinckia menziesii menziesii,Small-flowered Fiddleneck,variety,https://inaturalist-open-data.s3.amazonaws.com/photos/23982770/medium.jpeg,Amsinckia menziesii var. menziesii,species,confirmed,1,native,menziesii,"",Amsinckia menziesii menziesii,accepted,1,0
58069,58070,Athysanus pusillus,common sandweed,species,https://static.inaturalist.org/photos/260799030/medium.jpg,Athysanus pusillus,species,confirmed,1,native,pusillus,"","",accepted,1,0
58074,58073,Descurainia sophia,flixweed,species,https://inaturalist-open-data.s3.amazonaws.com/photos/500476951/medium.jpeg,Descurainia sophia,species,confirmed,1,exotic,sophia,"","",accepted,1,0.038
58088,55458,Thysanocarpus curvipes,sand fringepod,species,https://inaturalist-open-data.s3.amazonaws.com/photos/13050/medium.jpg,Thysanocarpus curvipes,species,confirmed,1,native,curvipes,"","",accepted,1,0
58135,57017,Crassula aquatica,Aquatic pygmyweed,species,https://inaturalist-open-data.s3.amazonaws.com/photos/171419290/medium.jpeg,Crassula aquatica,species,unconfirmed,1,native,aquatica,"","",accepted,1,0.733
58159,47121,Lupinus microcarpus microcarpus,Valley Lupine,variety,https://inaturalist-open-data.s3.amazonaws.com/photos/169755798/medium.jpg,Lupinus microcarpus var. microcarpus,variety,confirmed,1,native,microcarpus,"",Lupinus microcarpus microcarpus,accepted,1,0
58229,50636,Plantago elongata,Coastal Plantain,species,https://inaturalist-open-data.s3.amazonaws.com/photos/364351783/medium.jpg,Plantago elongata,species,confirmed,1,native,elongata,"","",accepted,1,0
58364,58365,Alopecurus saccatus,Pacific foxtail,species,https://inaturalist-open-data.s3.amazonaws.com/photos/7641218/medium.jpeg,Alopecurus saccatus,"","",0,native,saccatus,"","",accepted,1,0
58369,52701,Bromus tectorum,Cheatgrass,species,https://inaturalist-open-data.s3.amazonaws.com/photos/58336299/medium.jpeg,Bromus tectorum,species,confirmed,1,exotic,tectorum,"","",accepted,1,0
58372,58373,Distichlis spicata,Saltgrass,species,https://static.inaturalist.org/photos/51439487/medium.jpeg,Distichlis spicata,species,confirmed,1,native,spicata,"","",accepted,1,0
58767,52677,Pentagramma triangularis triangularis,"",subspecies,https://inaturalist-open-data.s3.amazonaws.com/photos/14244966/medium.jpg,Pentagramma triangularis ssp. triangularis,subspecies,confirmed,1,native,triangularis,Pentagramma triangularis triangularis,"",accepted,1,0
58795,47361,Apocynum cannabinum,hemp dogbane,species,https://static.inaturalist.org/photos/106225/medium.jpg,Apocynum cannabinum,species,unconfirmed,1,native,cannabinum,"","",accepted,1,0.791
58865,47203,Lepidium strictum,Upright Pepperweed,species,https://inaturalist-open-data.s3.amazonaws.com/photos/269261/medium.jpg,Lepidium strictum,"",unconfirmed,1,unknown,strictum,"","",accepted,1,0.748
58866,54677,Rorippa curvisiliqua,curvepod yellowcress,species,https://inaturalist-open-data.s3.amazonaws.com/photos/3909861/medium.jpg,Rorippa curvisiliqua,species,confirmed,1,native,curvisiliqua,"","",accepted,1,0.008
58883,57017,Crassula tillaea,Mossy Stonecrop,species,https://inaturalist-open-data.s3.amazonaws.com/photos/152898128/medium.jpeg,Crassula tillaea,species,confirmed,1,exotic,tillaea,"","",accepted,1,0
58886,55735,Sedum spathulifolium,Broad-leaved Stonecrop,species,https://static.inaturalist.org/photos/76266220/medium.jpg,Sedum spathulifolium,species,confirmed,1,native,spathulifolium,"","",accepted,1,0
58960,50636,Plantago coronopus,Buck's-horn Plantain,species,https://static.inaturalist.org/photos/425667373/medium.jpg,Plantago coronopus,species,new,0,exotic,coronopus,"","",accepted,1,0
58961,50636,Plantago major,greater plantain,species,https://inaturalist-open-data.s3.amazonaws.com/photos/349979346/medium.jpeg,Plantago major,species,confirmed,1,native,major,"","",accepted,1,0
59035,50641,Solanum americanum,American black nightshade,species,https://inaturalist-open-data.s3.amazonaws.com/photos/230493224/medium.jpeg,Solanum americanum,species,confirmed,1,exotic,americanum,"","",accepted,1,0
59064,57022,Eleocharis macrostachya,Pale Spikerush,species,https://static.inaturalist.org/photos/143713198/medium.jpg,Eleocharis macrostachya,species,unconfirmed,1,native,macrostachya,"","",accepted,1,0.304
59088,52693,Agrostis exarata,Pacific bentgrass,species,https://inaturalist-open-data.s3.amazonaws.com/photos/229326765/medium.jpeg,Agrostis exarata,species,confirmed,1,native,exarata,"","",accepted,1,0.008
59091,57170,Festuca occidentalis,western fescue,species,https://inaturalist-open-data.s3.amazonaws.com/photos/418739555/medium.jpg,Festuca occidentalis,species,confirmed,1,native,occidentalis,"","",accepted,1,0
59099,57200,Polypogon interruptus,ditch beard grass,species,https://inaturalist-open-data.s3.amazonaws.com/photos/22985404/medium.jpeg,Polypogon interruptus,species,unconfirmed,1,exotic,interruptus,"","",accepted,1,0.799
59545,47121,Lupinus arcticus arcticus,"",subspecies,"",Lupinus arcticus ssp. arcticus,species,confirmed,1,native,arcticus,Lupinus arcticus arcticus,"",accepted,1,0.01
59901,59902,Melissa officinalis,lemon balm,species,https://inaturalist-open-data.s3.amazonaws.com/photos/612537976/medium.jpg,Melissa officinalis,species,confirmed,1,exotic,officinalis,"","",accepted,1,0
60012,60001,Dianthus barbatus barbatus,"",variety,https://inaturalist-open-data.s3.amazonaws.com/photos/99940838/medium.jpeg,Dianthus barbatus ssp. barbatus,species,new,0,exotic,barbatus,"",Dianthus barbatus barbatus,accepted,1,0
60132,48561,Cirsium arvense,creeping thistle,species,https://inaturalist-open-data.s3.amazonaws.com/photos/333452083/medium.jpg,Cirsium arvense,species,confirmed,1,exotic,arvense,"","",accepted,1,0
60150,60151,Soliva sessilis,common soliva,species,https://inaturalist-open-data.s3.amazonaws.com/photos/40131372/medium.jpeg,Soliva sessilis,species,new,1,exotic,sessilis,"","",accepted,1,0
60155,47203,Lepidium oxycarpum,Sharp-pod Pepper-grass,species,https://inaturalist-open-data.s3.amazonaws.com/photos/269262/medium.jpg,Lepidium oxycarpum,species,confirmed,1,native,oxycarpum,"","",accepted,1,0.03
60206,60208,Lycopus americanus,American bugleweed,species,https://inaturalist-open-data.s3.amazonaws.com/photos/4076864/medium.jpg,Lycopus americanus,"",unconfirmed,1,native,americanus,"","",accepted,1,0.46
60277,52693,Agrostis microphylla,Small-leaf Bentgrass,species,https://static.inaturalist.org/photos/190769967/medium.jpeg,Agrostis microphylla,species,confirmed,1,native,microphylla,"","",accepted,1,0.008
60283,58374,Echinochloa crus-galli,barnyardgrass,species,https://inaturalist-open-data.s3.amazonaws.com/photos/38931173/medium.jpeg,Echinochloa crus-galli,species,confirmed,1,exotic,crus-galli,"","",accepted,1,0
60284,52792,Elymus repens,Quack Grass,species,https://inaturalist-open-data.s3.amazonaws.com/photos/81832479/medium.jpg,Elymus repens,species,confirmed,1,exotic,repens,"","",accepted,1,0.011
60287,52797,Hordeum jubatum,Foxtail Barley,species,https://inaturalist-open-data.s3.amazonaws.com/photos/99131141/medium.jpg,Hordeum jubatum,species,confirmed,1,native,jubatum,"","",accepted,1,0.02
60309,60311,Puccinellia nuttalliana,nuttall's alkali grass,species,https://inaturalist-open-data.s3.amazonaws.com/photos/130305706/medium.jpg,Puccinellia nuttalliana,species,confirmed,1,native,nuttalliana,"","",accepted,1,0.008
60317,51611,Veronica peregrina,Purslane Speedwell,species,https://inaturalist-open-data.s3.amazonaws.com/photos/277734030/medium.jpeg,Veronica peregrina,species,confirmed,1,native,peregrina,"","",accepted,1,0
60490,51309,Linum lewisii,Lewis flax,species,https://inaturalist-open-data.s3.amazonaws.com/photos/14428/medium.jpg,Linum lewisii,species,new,1,native,lewisii,"","",accepted,1,0.137
60550,49917,Sisyrinchium californicum,Golden-eyed Grass,species,https://inaturalist-open-data.s3.amazonaws.com/photos/56086784/medium.jpg,Sisyrinchium californicum,species,new,0,native,californicum,"","",accepted,1,0
60957,60958,Gamochaeta purpurea,Purple Cudweed,species,https://inaturalist-open-data.s3.amazonaws.com/photos/68688462/medium.jpeg,Gamochaeta purpurea,species,unconfirmed,1,native,purpurea,"","",accepted,1,0.886
60972,60145,Leontodon crispus,Hairy Hawkbit,species,https://inaturalist-open-data.s3.amazonaws.com/photos/925838/medium.jpg,Leontodon crispus,species,unconfirmed,1,exotic,crispus,"","",accepted,1,0.345
60977,54047,Microseris bigelovii,coastal silverpuffs,species,https://inaturalist-open-data.s3.amazonaws.com/photos/7974624/medium.jpg,Microseris bigelovii,species,confirmed,1,native,bigelovii,"","",accepted,1,0
60987,47203,Lepidium didymum,Lesser swine-cress,species,https://inaturalist-open-data.s3.amazonaws.com/photos/131244939/medium.jpeg,Lepidium didymum,species,confirmed,1,exotic,didymum,"","",accepted,1,0
61002,52670,Athyrium filix-femina cyclosorum,western lady fern,subspecies,https://static.inaturalist.org/photos/580749735/medium.jpg,Athyrium filix-femina ssp. cyclosorum,subspecies,confirmed,1,native,filix-femina,Athyrium filix-femina cyclosorum,"",accepted,1,0
61010,47121,Lupinus arboreus,coastal bush lupine,species,https://inaturalist-open-data.s3.amazonaws.com/photos/120260472/medium.jpg,Lupinus arboreus,species,confirmed,1,exotic,arboreus,"","",accepted,1,0
61012,53152,Medicago arabica,Spotted medick,species,https://static.inaturalist.org/photos/273115089/medium.jpeg,Medicago arabica,species,new,1,exotic,arabica,"","",accepted,1,0
61016,47121,Lupinus polyphyllus polyphyllus,"",subspecies,https://inaturalist-open-data.s3.amazonaws.com/photos/40164699/medium.jpg,Lupinus polyphyllus var. polyphyllus,variety,unconfirmed,1,native,polyphyllus,Lupinus polyphyllus polyphyllus,"",accepted,1,0.05
61032,52761,Hypericum anagalloides,Bog St. John's-wort,species,https://inaturalist-open-data.s3.amazonaws.com/photos/396680345/medium.jpg,Hypericum anagalloides,species,confirmed,1,native,anagalloides,"","",accepted,1,0
61058,52695,Aira praecox,early hair grass,species,https://inaturalist-open-data.s3.amazonaws.com/photos/511562220/medium.jpg,Aira praecox,species,confirmed,1,exotic,praecox,"","",accepted,1,0
61063,52713,Calamagrostis nutkaensis,Pacific Small-reedgrass,species,https://inaturalist-open-data.s3.amazonaws.com/photos/225985208/medium.jpeg,Calamagrostis nutkaensis,species,confirmed,1,native,nutkaensis,"","",accepted,1,0.01
61155,55735,Sedum divergens,Pacific stonecrop,species,https://inaturalist-open-data.s3.amazonaws.com/photos/87752311/medium.jpg,Sedum divergens,species,new,0,native,divergens,"","",accepted,1,0
61200,57170,Festuca idahoensis,Idaho fescue,species,https://inaturalist-open-data.s3.amazonaws.com/photos/296073189/medium.jpeg,Festuca idahoensis,species,confirmed,1,native,idahoensis,"","",accepted,1,0.015
61202,52792,Elymus trachycaulus,slender wheat grass,species,https://static.inaturalist.org/photos/44891559/medium.jpg,Elymus trachycaulus,species,confirmed,1,native,trachycaulus,"","",accepted,1,0.009
61396,61397,Origanum vulgare,Oregano,species,https://inaturalist-open-data.s3.amazonaws.com/photos/145466748/medium.jpeg,Origanum vulgare,species,new,1,exotic,vulgare,"","",accepted,1,0
61432,47351,Prunus laurocerasus,Cherry laurel,species,https://inaturalist-open-data.s3.amazonaws.com/photos/146285013/medium.jpg,Prunus laurocerasus,species,new,1,exotic,laurocerasus,"","",accepted,1,0
61964,47351,Prunus avium,wild cherry,species,https://static.inaturalist.org/photos/66778868/medium.jpeg,Prunus avium,species,confirmed,1,exotic,avium,"","",accepted,1,0
61992,55365,Grindelia stricta,Oregon Gumplant,species,https://inaturalist-open-data.s3.amazonaws.com/photos/322552966/medium.jpeg,Grindelia stricta,species,confirmed,1,native,stricta,"","",accepted,1,0
62211,53186,Potentilla recta,sulphur cinquefoil,species,https://inaturalist-open-data.s3.amazonaws.com/photos/3977242/medium.JPG,Potentilla recta,species,new,0,exotic,recta,"","",accepted,1,0
62213,62215,Comarum palustre,marsh cinquefoil,species,https://static.inaturalist.org/photos/292124450/medium.jpeg,Comarum palustre,species,confirmed,1,native,palustre,"","",accepted,1,0
62498,62499,Jacobaea vulgaris,ragwort,species,https://inaturalist-open-data.s3.amazonaws.com/photos/48560335/medium.jpg,Jacobaea vulgaris,species,confirmed,1,exotic,vulgaris,"","",accepted,1,0
62652,54570,Mentha spicata,spearmint,species,https://inaturalist-open-data.s3.amazonaws.com/photos/1186004/medium.jpg,Mentha spicata,species,confirmed,1,exotic,spicata,"","",accepted,1,0
63337,57189,Phalaris arundinacea,reed canary grass,species,https://inaturalist-open-data.s3.amazonaws.com/photos/78038371/medium.jpg,Phalaris arundinacea,species,confirmed,1,native,arundinacea,"","",accepted,1,0
63352,47203,Lepidium draba,Heart-podded Hoary Cress,species,https://inaturalist-open-data.s3.amazonaws.com/photos/269822904/medium.jpeg,Lepidium draba,species,unconfirmed,1,exotic,draba,"","",accepted,1,0.552
63371,53196,Rumex obtusifolius,broad-leaved dock,species,https://inaturalist-open-data.s3.amazonaws.com/photos/5084024/medium.jpg,Rumex obtusifolius,species,new,0,exotic,obtusifolius,"","",accepted,1,0
63886,61787,Persicaria lapathifolia,pale smartweed,species,https://inaturalist-open-data.s3.amazonaws.com/photos/157824424/medium.jpg,Persicaria lapathifolia,species,confirmed,1,native,lapathifolia,"","",accepted,1,0.02
63905,47351,Prunus emarginata,Bitter cherry,species,https://inaturalist-open-data.s3.amazonaws.com/photos/67338881/medium.jpg,Prunus emarginata,species,confirmed,1,native,emarginata,"","",accepted,1,0
63939,50249,Maianthemum dilatatum,Western Lily of the Valley,species,https://inaturalist-open-data.s3.amazonaws.com/photos/40236053/medium.jpg,Maianthemum dilatatum,species,confirmed,1,native,dilatatum,"","",accepted,1,0
63972,49465,Trillium ovatum ovatum,Western Trillium,variety,https://inaturalist-open-data.s3.amazonaws.com/photos/957837/medium.jpg,Trillium ovatum var. ovatum,variety,confirmed,1,native,ovatum,"",Trillium ovatum ovatum,accepted,1,0
64161,58390,Triticum aestivum,Bread Wheat,species,https://inaturalist-open-data.s3.amazonaws.com/photos/127585014/medium.jpeg,Triticum aestivum,species,new,1,exotic,aestivum,"","",accepted,1,0
64242,47121,Lupinus latifolius latifolius,"",subspecies,https://inaturalist-open-data.s3.amazonaws.com/photos/67858331/medium.jpg,Lupinus latifolius var. latifolius,variety,confirmed,1,native,latifolius,Lupinus latifolius latifolius,"",accepted,1,0
64253,50988,Lasthenia maritima,maritime goldfields,species,https://inaturalist-open-data.s3.amazonaws.com/photos/14111852/medium.jpg,Lasthenia maritima,species,new,0,native,maritima,"","",accepted,1,0.029
64331,47780,Iris foetidissima,Stinking iris,species,https://inaturalist-open-data.s3.amazonaws.com/photos/1371861/medium.jpeg,Iris foetidissima,species,new,0,exotic,foetidissima,"","",accepted,1,0
64616,64617,Aurinia saxatilis,Gold-dust,species,https://inaturalist-open-data.s3.amazonaws.com/photos/932775/medium.jpeg,Aurinia saxatilis,species,new,0,exotic,saxatilis,"","",accepted,1,0
64714,48353,Vaccinium uliginosum,bog bilberry,species,https://inaturalist-open-data.s3.amazonaws.com/photos/40005912/medium.jpeg,Vaccinium uliginosum,species,confirmed,0,native,uliginosum,"","",accepted,1,0
68084,47561,Pinus monticola,western white pine,species,https://inaturalist-open-data.s3.amazonaws.com/photos/594299923/medium.jpg,Pinus monticola,species,new,0,native,monticola,"","",accepted,1,0
68470,53202,Sanicula crassicaulis crassicaulis,"",variety,https://inaturalist-open-data.s3.amazonaws.com/photos/6101355/medium.jpg,Sanicula crassicaulis var. crassicaulis,variety,confirmed,1,native,crassicaulis,"",Sanicula crassicaulis crassicaulis,accepted,1,0
68471,53202,Sanicula crassicaulis tripartita,Three-parted Pacific Sanicle,variety,https://inaturalist-open-data.s3.amazonaws.com/photos/199850366/medium.jpeg,Sanicula crassicaulis var. tripartita,variety,confirmed,1,native,crassicaulis,"",Sanicula crassicaulis tripartita,accepted,1,0
68543,50636,Plantago maritima,Sea Plantain,species,https://inaturalist-open-data.s3.amazonaws.com/photos/335651506/medium.jpg,Plantago maritima,species,confirmed,1,native,maritima,"","",accepted,1,0
69636,49652,Cardamine flexuosa,wavy bittercress,species,https://inaturalist-open-data.s3.amazonaws.com/photos/97368295/medium.jpeg,Cardamine flexuosa,species,new,1,exotic,flexuosa,"","",accepted,1,0
69931,52693,Agrostis stolonifera,Creeping Bent,species,https://inaturalist-open-data.s3.amazonaws.com/photos/527929316/medium.jpg,Agrostis stolonifera,species,confirmed,1,exotic,stolonifera,"","",accepted,1,0
70265,49131,Myosotis discolor,Changing Forget-me-not,species,https://inaturalist-open-data.s3.amazonaws.com/photos/199889508/medium.jpeg,Myosotis discolor,species,confirmed,1,exotic,discolor,"","",accepted,1,0
70383,62267,Balsamorhiza deltoidea,deltoid balsamroot,species,https://inaturalist-open-data.s3.amazonaws.com/photos/30541/medium.jpg,Balsamorhiza deltoidea,species,confirmed,1,native,deltoidea,"","",accepted,1,0
71113,50829,Viola glabella,stream violet,species,https://inaturalist-open-data.s3.amazonaws.com/photos/63061442/medium.jpeg,Viola glabella,species,new,0,native,glabella,"","",accepted,1,0
71135,53036,Ambrosia chamissonis,silver beachweed,species,https://inaturalist-open-data.s3.amazonaws.com/photos/606295451/medium.jpg,Ambrosia chamissonis,species,confirmed,1,native,chamissonis,"","",accepted,1,0
71136,52977,Barbarea verna,land cress,species,https://inaturalist-open-data.s3.amazonaws.com/photos/31378/medium.jpg,Barbarea verna,species,confirmed,1,exotic,verna,"","",accepted,1,0
71140,58365,Alopecurus geniculatus,Marsh foxtail,species,https://inaturalist-open-data.s3.amazonaws.com/photos/286599127/medium.jpeg,Alopecurus geniculatus,species,confirmed,1,exotic,geniculatus,"","",accepted,1,0.008
71141,58365,Alopecurus pratensis,Meadow Foxtail,species,https://static.inaturalist.org/photos/389843432/medium.jpeg,Alopecurus pratensis,species,confirmed,1,exotic,pratensis,"","",accepted,1,0
75309,71950,Agropyron cristatum,Crested Wheatgrass,species,https://inaturalist-open-data.s3.amazonaws.com/photos/9151982/medium.jpeg,Agropyron cristatum ssp. pectinatum,subspecies,unconfirmed,1,exotic,cristatum,"","",unaccepted,1,0.619
75312,52693,Agrostis capillaris,colonial bent,species,https://static.inaturalist.org/photos/353163068/medium.jpg,Agrostis capillaris,species,confirmed,1,exotic,capillaris,"","",accepted,1,0
75314,52693,Agrostis gigantea,redtop,species,https://inaturalist-open-data.s3.amazonaws.com/photos/11275741/medium.jpg,Agrostis gigantea,species,confirmed,1,exotic,gigantea,"","",accepted,1,0
75317,52693,Agrostis idahoensis,Idaho bent grass,species,https://inaturalist-open-data.s3.amazonaws.com/photos/9303815/medium.jpg,Agrostis idahoensis,"",unconfirmed,1,native,idahoensis,"","",accepted,1,0.748
75318,52693,Agrostis oregonensis,Oregon Bentgrass,species,https://inaturalist-open-data.s3.amazonaws.com/photos/1450146/medium.jpg,Agrostis oregonensis,species,unconfirmed,1,native,oregonensis,"","",accepted,1,0.576
75319,52693,Agrostis scabra,Rough Bentgrass,species,https://inaturalist-open-data.s3.amazonaws.com/photos/8817353/medium.jpeg,Agrostis scabra,species,confirmed,1,native,scabra,"","",accepted,1,0.008
75382,58365,Alopecurus carolinianus,Tufted Foxtail,species,https://inaturalist-open-data.s3.amazonaws.com/photos/44574342/medium.jpeg,Alopecurus carolinianus,species,confirmed,1,native,carolinianus,"","",accepted,1,0.016
75460,51901,Antennaria dimorpha,Low Pussytoes,species,https://inaturalist-open-data.s3.amazonaws.com/photos/6447845/medium.jpeg,Antennaria dimorpha,species,unconfirmed,1,native,dimorpha,"","",accepted,1,0.54
75469,51901,Antennaria racemosa,Hooker's Pussytoes,species,https://inaturalist-open-data.s3.amazonaws.com/photos/76686720/medium.jpg,Antennaria racemosa,species,unconfirmed,1,native,racemosa,"","",accepted,1,0.345
75475,71973,Anthoxanthum odoratum,sweet vernal grass,species,https://inaturalist-open-data.s3.amazonaws.com/photos/73830271/medium.jpeg,Anthoxanthum odoratum,species,confirmed,1,exotic,odoratum,"","",accepted,1,0
75494,58068,Arabis eschscholtziana,Eschscholtz's hairy rockcress,species,https://inaturalist-open-data.s3.amazonaws.com/photos/133951301/medium.jpg,Arabis eschscholtziana,species,confirmed,1,native,eschscholtziana,"","",accepted,1,0
75501,59571,Arctium lappa,greater burdock,species,https://inaturalist-open-data.s3.amazonaws.com/photos/85477865/medium.jpg,Arctium lappa,species,confirmed,1,exotic,lappa,"","",accepted,1,0
75583,71988,Arrhenatherum elatius,tall oat grass,species,https://inaturalist-open-data.s3.amazonaws.com/photos/79904252/medium.jpeg,Arrhenatherum elatius,species,confirmed,1,exotic,elatius,"","",accepted,1,0
75721,71995,Aubrieta deltoidea,purple rock cress,species,https://inaturalist-open-data.s3.amazonaws.com/photos/1150161/medium.jpg,Aubrieta deltoidea,species,new,1,exotic,deltoidea,"","",accepted,1,0
75824,1068235,Boechera stricta,drummond's rockcress,species,https://inaturalist-open-data.s3.amazonaws.com/photos/95768048/medium.jpeg,Boechera stricta,species,unconfirmed,1,native,stricta,"","",accepted,1,0.655
75900,52701,Bromus commutatus,Meadow Brome,species,https://inaturalist-open-data.s3.amazonaws.com/photos/472714711/medium.jpeg,Bromus commutatus,species,confirmed,1,exotic,commutatus,"","",accepted,1,0.018
75903,52701,Bromus inermis,Smooth Brome,species,https://inaturalist-open-data.s3.amazonaws.com/photos/449379438/medium.jpeg,Bromus inermis ssp. thominii,species,confirmed,1,exotic,inermis,"","",accepted,1,0.034
75909,52701,Bromus racemosus,Bald Brome,species,https://inaturalist-open-data.s3.amazonaws.com/photos/500030604/medium.jpeg,Bromus racemosus,species,confirmed,1,exotic,racemosus,"","",accepted,1,0.281
75911,52701,Bromus secalinus,Rye Brome,species,https://static.inaturalist.org/photos/8634388/medium.jpg,Bromus secalinus,species,unconfirmed,1,exotic,secalinus,"","",accepted,1,0.806
75915,52701,Bromus vulgaris,columbia brome,species,https://inaturalist-open-data.s3.amazonaws.com/photos/8631896/medium.jpg,Bromus vulgaris,species,confirmed,1,native,vulgaris,"","",accepted,1,0
75925,52713,Calamagrostis canadensis,canadian bluejoint,species,https://static.inaturalist.org/photos/411545172/medium.jpeg,Calamagrostis canadensis,species,confirmed,1,native,canadensis,"","",accepted,1,0
75998,49652,Cardamine angulata,seaside bittercress,species,https://inaturalist-open-data.s3.amazonaws.com/photos/126536881/medium.jpeg,Cardamine angulata,species,unconfirmed,1,native,angulata,"","",accepted,1,0.619
76000,49652,Cardamine breweri,Brewer's bittercress,species,https://inaturalist-open-data.s3.amazonaws.com/photos/66593470/medium.jpeg,Cardamine breweri,species,new,0,native,breweri,"","",accepted,1,0
76002,49652,Cardamine nuttallii,Nuttall's toothwort,species,https://inaturalist-open-data.s3.amazonaws.com/photos/1876981/medium.jpg,Cardamine nuttallii,species,confirmed,1,native,nuttallii,"","",accepted,1,0
76003,49652,Cardamine occidentalis,Western Bittercress,species,https://inaturalist-open-data.s3.amazonaws.com/photos/192453142/medium.jpg,Cardamine occidentalis,species,unconfirmed,1,native,occidentalis,"","",accepted,1,0.317
76005,49652,Cardamine pensylvanica,Pennsylvania Bittercress,species,https://inaturalist-open-data.s3.amazonaws.com/photos/7916320/medium.jpg,Cardamine pensylvanica,species,confirmed,1,native,pensylvanica,"","",accepted,1,0
76340,72054,Cinna latifolia,drooping woodreed,species,https://inaturalist-open-data.s3.amazonaws.com/photos/300107743/medium.jpeg,Cinna latifolia,"",unconfirmed,1,native,latifolia,"","",accepted,1,0.899
76429,72067,Conringia orientalis,Hare's-ear Mustard,species,https://inaturalist-open-data.s3.amazonaws.com/photos/1150923/medium.jpg,Conringia orientalis,species,unconfirmed,1,exotic,orientalis,"","",accepted,1,0.806
76456,72073,Cota tinctoria,Golden marguerite,species,https://inaturalist-open-data.s3.amazonaws.com/photos/60614243/medium.jpg,Cota tinctoria,"","",0,exotic,tinctoria,"","",accepted,1,0
76581,47696,Cynosurus cristatus,crested dogtail grass,species,https://inaturalist-open-data.s3.amazonaws.com/photos/1003125/medium.jpg,Cynosurus cristatus,species,confirmed,1,exotic,cristatus,"","",accepted,1,0
76610,56727,Daucus carota,wild carrot,species,https://inaturalist-open-data.s3.amazonaws.com/photos/7663971/medium.jpeg,Daucus carota,species,confirmed,1,exotic,carota,"","",accepted,1,0
76639,52723,Deschampsia cespitosa,tufted hair grass,species,https://inaturalist-open-data.s3.amazonaws.com/photos/108225556/medium.jpeg,Deschampsia cespitosa,species,confirmed,1,native,cespitosa,"","",accepted,1,0
76658,51637,Digitaria ischaemum,smooth crabgrass,species,https://inaturalist-open-data.s3.amazonaws.com/photos/148339064/medium.jpg,Digitaria ischaemum,species,new,0,exotic,ischaemum,"","",accepted,1,0
76665,72097,Diplotaxis tenuifolia,Perennial Wall-rocket,species,https://static.inaturalist.org/photos/325014845/medium.jpg,Diplotaxis tenuifolia,species,new,0,exotic,tenuifolia,"","",accepted,1,0.167
77068,50630,Erysimum cheiranthoides,wormseed wallflower,species,https://static.inaturalist.org/photos/41181904/medium.jpg,Erysimum cheiranthoides,species,confirmed,1,exotic,cheiranthoides,"","",accepted,1,0
77138,57170,Festuca microstachys,small fescue,species,https://inaturalist-open-data.s3.amazonaws.com/photos/74242227/medium.jpeg,Vulpia microstachys,variety,confirmed,1,native,microstachys,"","",unaccepted,1,0.375
77141,57170,Festuca octoflora,sixweeks grass,species,https://inaturalist-open-data.s3.amazonaws.com/photos/158421279/medium.jpg,Vulpia octoflora,"",unconfirmed,1,unknown,octoflora,"","",unaccepted,1,0.626
77145,57170,Festuca subulata,bearded fescue,species,https://inaturalist-open-data.s3.amazonaws.com/photos/389302643/medium.jpg,Festuca subulata,species,confirmed,1,native,subulata,"","",accepted,1,0.036
77146,57170,Festuca subuliflora,crinkle-awn fescue,species,https://static.inaturalist.org/photos/204763156/medium.jpeg,Festuca subuliflora,species,confirmed,1,native,subuliflora,"","",accepted,1,0.007
77148,57170,Festuca trachyphylla,hard fescue,species,https://inaturalist-open-data.s3.amazonaws.com/photos/509608202/medium.jpg,Festuca trachyphylla,species,confirmed,1,exotic,trachyphylla,"","",accepted,1,0.116
77155,50299,Fragaria virginiana,Virginia strawberry,species,https://inaturalist-open-data.s3.amazonaws.com/photos/600014255/medium.jpg,Fragaria virginiana,species,confirmed,1,native,virginiana,"","",accepted,1,0
77183,51769,Gaillardia aristata,great blanketflower,species,https://static.inaturalist.org/photos/287734595/medium.jpg,Gaillardia aristata,species,new,0,native,aristata,"","",accepted,1,0
77224,60958,Gamochaeta ustulata,featherweed,species,https://inaturalist-open-data.s3.amazonaws.com/photos/113236768/medium.jpeg,Gamochaeta ustulata,species,new,0,exotic,ustulata,"","",accepted,1,0
77427,52794,Holcus mollis,creeping velvet grass,species,https://inaturalist-open-data.s3.amazonaws.com/photos/409425154/medium.jpeg,Holcus mollis,species,confirmed,1,exotic,mollis,"","",accepted,1,0.143
77484,52761,Hypericum scouleri,Scouler's St. John's wort,species,https://inaturalist-open-data.s3.amazonaws.com/photos/106957767/medium.jpg,Hypericum scouleri,species,confirmed,1,native,scouleri,"","",accepted,1,0.026
77486,72191,Idahoa scapigera,Scapose Scalepod,species,https://inaturalist-open-data.s3.amazonaws.com/photos/486217436/medium.jpeg,Idahoa scapigera,species,confirmed,1,native,scapigera,"","",accepted,1,0.014
77509,72195,Isatis tinctoria,woad,species,https://inaturalist-open-data.s3.amazonaws.com/photos/7456120/medium.jpeg,Isatis tinctoria,species,new,0,exotic,tinctoria,"","",accepted,1,0.029
77577,52643,Juncus laccatus,shiny rush,species,https://inaturalist-open-data.s3.amazonaws.com/photos/39169377/medium.jpeg,Juncus laccatus,species,unconfirmed,1,native,laccatus,"","",accepted,1,0.385
77616,53106,Lactuca biennis,tall blue lettuce,species,https://inaturalist-open-data.s3.amazonaws.com/photos/3120987/medium.jpg,Lactuca biennis,species,new,0,native,biennis,"","",accepted,1,0
77663,47203,Lepidium campestre,field peppergrass,species,https://inaturalist-open-data.s3.amazonaws.com/photos/39438427/medium.jpeg,Lepidium campestre,species,confirmed,1,exotic,campestre,"","",accepted,1,1
77666,47203,Lepidium densiflorum,Common Peppergrass,species,https://inaturalist-open-data.s3.amazonaws.com/photos/18320335/medium.jpg,Lepidium densiflorum,species,confirmed,1,native,densiflorum,"","",accepted,1,0.027
77669,47203,Lepidium heterophyllum,Smith's Cress,species,https://static.inaturalist.org/photos/22188245/medium.jpeg,Lepidium heterophyllum,species,confirmed,1,exotic,heterophyllum,"","",accepted,1,0
77676,47203,Lepidium virginicum,Virginia pepperweed,species,https://inaturalist-open-data.s3.amazonaws.com/photos/261618000/medium.jpeg,Lepidium virginicum ssp. pubescens,species,confirmed,1,native,virginicum,"","",accepted,1,0
77744,48928,Lilium columbianum,Columbia lily,species,https://inaturalist-open-data.s3.amazonaws.com/photos/524734292/medium.jpg,Lilium columbianum,species,confirmed,1,native,columbianum,"","",accepted,1,0
77843,72221,Luina hypoleuca,Littleleaf Silverback,species,https://inaturalist-open-data.s3.amazonaws.com/photos/247299883/medium.jpeg,Luina hypoleuca,species,confirmed,1,native,hypoleuca,"","",accepted,1,0
77915,60208,Lycopus uniflorus,northern bugleweed,species,https://inaturalist-open-data.s3.amazonaws.com/photos/1059869/medium.JPG,Lycopus uniflorus,species,confirmed,1,native,uniflorus,"","",accepted,1,0
77965,52845,Matricaria chamomilla,German Chamomile,species,https://inaturalist-open-data.s3.amazonaws.com/photos/528185258/medium.jpg,Matricaria chamomilla,species,new,0,exotic,chamomilla,"","",accepted,1,0
77990,54570,Mentha aquatica,watermint,species,https://inaturalist-open-data.s3.amazonaws.com/photos/58267279/medium.jpg,Mentha aquatica,species,new,1,exotic,aquatica,"","",accepted,1,0
77991,54570,Mentha canadensis,Canada mint,species,https://static.inaturalist.org/photos/226556094/medium.jpg,Mentha canadensis,species,confirmed,1,native,canadensis,"","",accepted,1,0.016
77993,54570,Mentha suaveolens,Apple Mint,species,https://static.inaturalist.org/photos/22266687/medium.jpeg,Mentha suaveolens,species,new,1,exotic,suaveolens,"","",accepted,1,0
78174,54332,Nasturtium officinale,watercress,species,https://inaturalist-open-data.s3.amazonaws.com/photos/203236672/medium.jpeg,Nasturtium officinale,species,confirmed,1,exotic,officinale,"","",accepted,1,0
78296,53167,Osmorhiza purpurea,Purple Sweet-cicely,species,https://inaturalist-open-data.s3.amazonaws.com/photos/178241762/medium.jpg,Osmorhiza purpurea,species,unconfirmed,1,native,purpurea,"","",accepted,1,0.693
78325,54923,Packera macounii,siskiyou mountains ragwort,species,https://inaturalist-open-data.s3.amazonaws.com/photos/42800652/medium.jpeg,Packera macounii,species,confirmed,1,native,macounii,"","",accepted,1,0.03
78337,60301,Panicum capillare,witch grass,species,https://inaturalist-open-data.s3.amazonaws.com/photos/297637091/medium.jpeg,Panicum capillare,species,confirmed,1,native,capillare,"","",accepted,1,0.02
78340,60301,Panicum miliaceum,Proso Millet,species,https://inaturalist-open-data.s3.amazonaws.com/photos/436906957/medium.jpeg,Panicum miliaceum,species,confirmed,1,exotic,miliaceum,"","",accepted,1,0.029
78346,52504,Papaver somniferum,opium poppy,species,https://inaturalist-open-data.s3.amazonaws.com/photos/223924155/medium.jpg,Papaver somniferum,species,new,1,exotic,somniferum,"","",accepted,1,0
78450,61787,Persicaria amphibia,water smartweed,species,https://inaturalist-open-data.s3.amazonaws.com/photos/61212580/medium.jpeg,Persicaria amphibia,species,confirmed,1,native,amphibia,"","",accepted,1,0
78452,61787,Persicaria hydropiper,waterpepper,species,https://inaturalist-open-data.s3.amazonaws.com/photos/238043925/medium.jpg,Persicaria hydropiper,species,unconfirmed,1,exotic,hydropiper,"","",accepted,1,0.201
78453,61787,Persicaria hydropiperoides,swamp smartweed,species,https://static.inaturalist.org/photos/553514583/medium.jpg,Persicaria hydropiperoides,species,confirmed,1,native,hydropiperoides,"","",accepted,1,0.018
78637,52809,Poa confinis,beach bluegrass,species,https://inaturalist-open-data.s3.amazonaws.com/photos/396808123/medium.jpg,Poa confinis,species,confirmed,1,native,confinis,"","",accepted,1,0.007
78647,52809,Poa macrantha,Largeflower Dune Bluegrass,species,https://static.inaturalist.org/photos/322962571/medium.jpeg,Poa macrantha,species,unconfirmed,1,native,macrantha,"","",accepted,1,0.735
78728,53186,Potentilla gracilis,slender cinquefoil,species,https://inaturalist-open-data.s3.amazonaws.com/photos/8401365/medium.jpeg,Potentilla gracilis,species,confirmed,0,native,gracilis,"","",accepted,1,0
78740,53186,Potentilla rivalis,brook cinquefoil,species,https://inaturalist-open-data.s3.amazonaws.com/photos/161133935/medium.jpg,Potentilla rivalis,"","",0,native,rivalis,"","",accepted,1,0
78765,53078,Pseudognaphalium thermale,Northwestern rabbit-tobacco,species,https://inaturalist-open-data.s3.amazonaws.com/photos/426566375/medium.jpg,Pseudognaphalium thermale,species,new,0,native,thermale,"","",accepted,1,0
78770,53189,Psilocarphus elatior,tall woolly-marbles,species,https://inaturalist-open-data.s3.amazonaws.com/photos/12353966/medium.jpeg,Psilocarphus elatior,species,confirmed,1,native,elatior,"","",accepted,1,0
78780,60311,Puccinellia distans,european alkali grass,species,https://static.inaturalist.org/photos/405007861/medium.jpg,Puccinellia distans,species,new,0,exotic,distans,"","",accepted,1,0
78782,60311,Puccinellia lemmonii,lemmon's alkali grass,species,https://inaturalist-open-data.s3.amazonaws.com/photos/146266487/medium.jpg,Puccinellia lemmonii,species,unconfirmed,1,unknown,lemmonii,"","",accepted,1,0.355
78783,60311,Puccinellia nutkaensis,alaska alkali grass,species,https://inaturalist-open-data.s3.amazonaws.com/photos/211333686/medium.jpeg,Puccinellia nutkaensis,species,confirmed,1,native,nutkaensis,"","",accepted,1,0.009
78785,60311,Puccinellia pumila,dwarf alkali grass,species,https://inaturalist-open-data.s3.amazonaws.com/photos/396350199/medium.jpg,Puccinellia pumila,species,unconfirmed,1,native,pumila,"","",accepted,1,0.488
78876,54677,Rorippa curvipes,Rocky Mountain Yellowcress,species,https://inaturalist-open-data.s3.amazonaws.com/photos/98460223/medium.jpg,Rorippa curvipes,species,unconfirmed,1,native,curvipes,"","",accepted,1,0.916
78893,47544,Rubus nivalis,snow dwarf bramble,species,https://inaturalist-open-data.s3.amazonaws.com/photos/387104461/medium.jpg,Rubus nivalis,"",unconfirmed,1,native,nivalis,"","",accepted,1,0.748
78931,52617,Salicornia pacifica,Pacific Glasswort,species,https://inaturalist-open-data.s3.amazonaws.com/photos/226636196/medium.jpg,Salicornia pacifica,species,new,1,native,pacifica,"","",accepted,1,0
78985,55434,Saxifraga cespitosa,tufted saxifrage,species,https://inaturalist-open-data.s3.amazonaws.com/photos/227955/medium.jpg,Saxifraga cespitosa,species,confirmed,1,native,cespitosa,"","",accepted,1,0
79002,49371,Scirpus cyperinus,woolgrass,species,https://inaturalist-open-data.s3.amazonaws.com/photos/9233128/medium.jpeg,Scirpus cyperinus,species,new,0,native,cyperinus,"","",accepted,1,0.25
79021,72355,Secale cereale,rye,species,https://inaturalist-open-data.s3.amazonaws.com/photos/8346266/medium.jpeg,Secale cereale,species,new,1,exotic,cereale,"","",accepted,1,0.129
79026,55735,Sedum lanceolatum,Lanceleaf Stonecrop,species,https://inaturalist-open-data.s3.amazonaws.com/photos/137304131/medium.jpeg,Sedum lanceolatum,species,confirmed,1,native,lanceolatum,"","",accepted,1,0
79030,55735,Sedum oreganum,Oregon Stonecrop,species,https://inaturalist-open-data.s3.amazonaws.com/photos/47196326/medium.jpg,Sedum oreganum,species,confirmed,1,native,oreganum,"","",accepted,1,0.008
79033,55735,Sedum stenopetalum,Wormleaf Stonecrop,species,https://inaturalist-open-data.s3.amazonaws.com/photos/287382161/medium.jpeg,Sedum stenopetalum,species,unconfirmed,1,native,stenopetalum,"","",accepted,1,0.583
79070,50055,Setaria viridis,Green Bristle Grass,species,https://inaturalist-open-data.s3.amazonaws.com/photos/453056490/medium.jpeg,Setaria viridis,species,new,0,exotic,viridis,"","",accepted,1,0
79125,53267,Sisymbrium loeselii,False London-rocket,species,https://inaturalist-open-data.s3.amazonaws.com/photos/379680053/medium.jpeg,Sisymbrium loeselii,species,unconfirmed,1,exotic,loeselii,"","",accepted,1,0.396
79129,49917,Sisyrinchium idahoense,Idaho Blue-eyed Grass,species,https://inaturalist-open-data.s3.amazonaws.com/photos/130639358/medium.jpg,Sisyrinchium idahoense,species,confirmed,1,native,idahoense,"","",accepted,1,0
79156,53270,Sonchus arvensis,Perennial Sow Thistle,species,https://inaturalist-open-data.s3.amazonaws.com/photos/144595749/medium.jpeg,Sonchus arvensis,species,new,0,exotic,arvensis,"","",accepted,1,0
79325,72390,Teesdalia nudicaulis,Shepherd's Cress,species,https://static.inaturalist.org/photos/22207120/medium.jpeg,Teesdalia nudicaulis,species,confirmed,1,exotic,nudicaulis,"","",accepted,1,0
79358,72396,Thlaspi arvense,field penny-cress,species,https://inaturalist-open-data.s3.amazonaws.com/photos/169773188/medium.jpg,Thlaspi arvense,species,confirmed,1,exotic,arvense,"","",accepted,1,0.008
79441,52843,Tripleurospermum inodorum,scentless mayweed,species,https://inaturalist-open-data.s3.amazonaws.com/photos/571211/medium.jpg,Tripleurospermum inodorum,species,confirmed,1,exotic,inodorum,"","",accepted,1,0
79460,72416,Turritis glabra,Tower Mustard,species,https://inaturalist-open-data.s3.amazonaws.com/photos/138967320/medium.jpeg,Turritis glabra,species,confirmed,1,exotic,glabra,"","",accepted,1,0
79465,57861,Utricularia macrorhiza,common bladderwort,species,https://inaturalist-open-data.s3.amazonaws.com/photos/174830488/medium.jpg,Utricularia vulgaris ssp. macrorhiza,species,confirmed,1,native,macrorhiza,"","",unaccepted,1,0
79466,57861,Utricularia minor,Lesser Bladderwort,species,https://inaturalist-open-data.s3.amazonaws.com/photos/34062/medium.jpg,Utricularia minor,"",unconfirmed,0,native,minor,"","",accepted,1,0.561
79470,48353,Vaccinium cespitosum,dwarf bilberry,species,https://inaturalist-open-data.s3.amazonaws.com/photos/233315686/medium.jpeg,Vaccinium caespitosum,species,confirmed,1,native,cespitosum,"","",unaccepted,1,0.009
79510,50829,Viola howellii,Howell's violet,species,https://inaturalist-open-data.s3.amazonaws.com/photos/128409402/medium.jpeg,Viola howellii,species,unconfirmed,1,native,howellii,"","",accepted,1,0.832
79514,50829,Viola palustris,alpine marsh violet,species,https://inaturalist-open-data.s3.amazonaws.com/photos/19208813/medium.jpeg,Viola palustris,species,new,0,native,palustris,"","",accepted,1,0.022
79516,50829,Viola praemorsa,Canary Violet,species,https://static.inaturalist.org/photos/55221025/medium.jpeg,Viola nuttallii var. praemorsa,species,confirmed,1,native,praemorsa,"","",unaccepted,1,0
79646,58346,Bolboschoenus maritimus paludosus,saltmarsh bulrush,subspecies,https://inaturalist-open-data.s3.amazonaws.com/photos/132800264/medium.jpeg,Bolboschoenus maritimus ssp. paludosus,subspecies,confirmed,1,native,maritimus,Bolboschoenus maritimus paludosus,"",accepted,1,0
79781,57166,Danthonia intermedia intermedia,intermediate oat grass,subspecies,https://inaturalist-open-data.s3.amazonaws.com/photos/1432556/medium.jpg,Danthonia intermedia ssp. intermedia,species,unconfirmed,1,native,intermedia,Danthonia intermedia intermedia,"",accepted,1,0.209
79899,60385,Gentianella amarella acuta,northern gentian,subspecies,https://inaturalist-open-data.s3.amazonaws.com/photos/4194581/medium.jpg,Gentianella amarella ssp. acuta,"","",0,native,amarella,Gentianella amarella acuta,"",accepted,1,0
79928,72146,Glehnia littoralis leiocarpa,american glehnia,subspecies,https://inaturalist-open-data.s3.amazonaws.com/photos/134724637/medium.jpeg,Glehnia littoralis ssp. leiocarpa,subspecies,confirmed,1,native,littoralis,Glehnia littoralis leiocarpa,"",accepted,1,0
79959,52643,Juncus balticus ater,"",subspecies,https://inaturalist-open-data.s3.amazonaws.com/photos/21781558/medium.jpeg,Juncus balticus ssp. ater,subspecies,confirmed,1,native,balticus,Juncus balticus ater,"",accepted,1,0
80006,55796,Luzula parviflora fastigiata,"",subspecies,https://inaturalist-open-data.s3.amazonaws.com/photos/12436520/medium.jpeg,Luzula parviflora ssp. fastigiata,species,new,0,native,parviflora,Luzula parviflora fastigiata,"",accepted,1,0
80164,47752,Polystichum imbricans imbricans,"",subspecies,https://inaturalist-open-data.s3.amazonaws.com/photos/882385/medium.jpg,Polystichum imbricans ssp. imbricans,subspecies,confirmed,1,native,imbricans,Polystichum imbricans imbricans,"",accepted,1,0
80373,71982,Arenaria serpyllifolia serpyllifolia,thymeleaf sandwort,variety,https://static.inaturalist.org/photos/1906851/medium.JPG,Arenaria serpyllifolia var. serpyllifolia,variety,confirmed,1,exotic,serpyllifolia,"",Arenaria serpyllifolia serpyllifolia,accepted,1,0.009
80381,71989,Aruncus dioicus acuminatus,Common Goat's-beard,variety,https://inaturalist-open-data.s3.amazonaws.com/photos/948246/medium.jpg,Aruncus dioicus var. acuminatus,variety,new,0,native,dioicus,"",Aruncus dioicus acuminatus,accepted,1,0
80658,52734,Cyperus esculentus leptostachyus,field nut sedge,variety,https://static.inaturalist.org/photos/155995/medium.jpg,Cyperus esculentus var. leptostachyus,species,new,1,exotic,esculentus,"",Cyperus esculentus leptostachyus,accepted,1,0.115
80687,72105,Dulichium arundinaceum arundinaceum,Three-way Sedge,variety,https://static.inaturalist.org/photos/157259/medium.jpg,Dulichium arundinaceum var. arundinaceum,species,confirmed,1,native,arundinaceum,"",Dulichium arundinaceum arundinaceum,accepted,1,0.018
80908,55751,Geum macrophyllum macrophyllum,Largeleaf Avens,variety,https://inaturalist-open-data.s3.amazonaws.com/photos/27916561/medium.jpeg,Geum macrophyllum var. macrophyllum,variety,confirmed,1,native,macrophyllum,"",Geum macrophyllum macrophyllum,accepted,1,0
80941,53415,Holodiscus discolor discolor,"",variety,https://inaturalist-open-data.s3.amazonaws.com/photos/249855819/medium.jpeg,Holodiscus discolor var. discolor,variety,confirmed,1,native,discolor,"",Holodiscus discolor discolor,accepted,1,0
81015,50321,Lathyrus nevadensis nevadensis,"",variety,https://inaturalist-open-data.s3.amazonaws.com/photos/1502701/medium.jpg,Lathyrus nevadensis var. nevadensis,variety,confirmed,1,native,nevadensis,"",Lathyrus nevadensis nevadensis,accepted,1,0
81075,47121,Lupinus polyphyllus pallidipes,"",variety,https://inaturalist-open-data.s3.amazonaws.com/photos/201747604/medium.jpg,Lupinus polyphyllus var. pallidipes,variety,confirmed,1,native,polyphyllus,"",Lupinus polyphyllus pallidipes,accepted,1,0
81080,55796,Luzula comosa laxa,"",variety,https://static.inaturalist.org/photos/8088549/medium.jpg,Luzula comosa var. laxa,variety,confirmed,1,native,comosa,"",Luzula comosa laxa,accepted,1,0.045
81155,72262,Olsynium douglasii douglasii,Douglas' grasswidow,variety,https://inaturalist-open-data.s3.amazonaws.com/photos/772796/medium.jpg,Olsynium douglasii var. douglasii,variety,confirmed,1,native,douglasii,"",Olsynium douglasii douglasii,accepted,1,0
81358,53453,Salix lasiandra lasiandra,Pacific Willow,variety,https://inaturalist-open-data.s3.amazonaws.com/photos/291958/medium.JPG,Salix lasiandra var. lasiandra,variety,confirmed,1,native,lasiandra,"",Salix lasiandra lasiandra,accepted,1,0
84281,53204,Clinopodium vulgare,Wild Basil,species,https://inaturalist-open-data.s3.amazonaws.com/photos/229234412/medium.jpg,Clinopodium vulgare,species,new,0,exotic,vulgare,"","",accepted,1,0.6
122970,56955,Helianthus tuberosus,Jerusalem artichoke,species,https://inaturalist-open-data.s3.amazonaws.com/photos/47843108/medium.jpg,Helianthus tuberosus,species,confirmed,1,exotic,tuberosus,"","",accepted,1,0.5
124526,55365,Grindelia integrifolia,Puget sound gumweed,species,https://inaturalist-open-data.s3.amazonaws.com/photos/85191/medium.jpg,Grindelia integrifolia,species,confirmed,1,native,integrifolia,"","",accepted,1,0
126560,48353,Vaccinium oxycoccos,bog cranberry,species,https://inaturalist-open-data.s3.amazonaws.com/photos/394151752/medium.jpeg,Vaccinium oxycoccos,species,new,1,native,oxycoccos,"","",accepted,1,0.071
126808,47351,Prunus mahaleb,St Lucie Cherry,species,https://inaturalist-open-data.s3.amazonaws.com/photos/595804246/medium.jpg,Prunus mahaleb,species,new,0,exotic,mahaleb,"","",accepted,1,0.333
127005,51901,Antennaria neglecta,Field Pussytoes,species,https://inaturalist-open-data.s3.amazonaws.com/photos/282643574/medium.jpg,Antennaria neglecta,"",unconfirmed,1,native,neglecta,"","",accepted,1,0.317
127480,51229,Stachys byzantina,woolly hedgenettle,species,https://static.inaturalist.org/photos/393024630/medium.jpg,Stachys byzantina,species,new,0,exotic,byzantina,"","",accepted,1,0.143
128770,50619,Fritillaria camschatcensis,Rice root,species,https://static.inaturalist.org/photos/450777731/medium.jpeg,Fritillaria camschatcensis,species,new,0,native,camschatcensis,"","",accepted,1,0
129018,52797,Hordeum pusillum,little barley,species,https://static.inaturalist.org/photos/276826771/medium.jpg,Hordeum pusillum,species,unconfirmed,1,native,pusillum,"","",accepted,1,0.898
129038,55779,Petasites japonicus,Giant Butterbur,species,https://inaturalist-open-data.s3.amazonaws.com/photos/62680423/medium.jpg,Petasites japonicus,species,new,0,exotic,japonicus,"","",accepted,1,0
129855,129856,Neslia paniculata,ball mustard,species,https://inaturalist-open-data.s3.amazonaws.com/photos/932942/medium.jpg,Neslia paniculata,species,unconfirmed,1,exotic,paniculata,"","",accepted,1,0.83
130192,56955,Helianthus maximiliani,Maximilian sunflower,species,https://inaturalist-open-data.s3.amazonaws.com/photos/1456982/medium.JPG,Helianthus maximiliani,species,unconfirmed,1,native,maximiliani,"","",accepted,1,0.806
130228,53095,Heracleum mantegazzianum,Giant Hogweed,species,https://inaturalist-open-data.s3.amazonaws.com/photos/139805841/medium.jpg,Heracleum mantegazzianum,species,confirmed,1,exotic,mantegazzianum,"","",accepted,1,0
130989,58827,Euthamia graminifolia,flat-topped goldenrod,species,https://inaturalist-open-data.s3.amazonaws.com/photos/150464520/medium.jpg,Euthamia graminifolia,species,new,0,native,graminifolia,"","",accepted,1,0.833
133036,60208,Lycopus europaeus,European water-horehound,species,https://inaturalist-open-data.s3.amazonaws.com/photos/402544083/medium.jpeg,Lycopus europaeus,species,new,0,exotic,europaeus,"","",accepted,1,0.333
135408,47851,Quercus cerris,Turkey Oak,species,https://inaturalist-open-data.s3.amazonaws.com/photos/223900527/medium.jpeg,Quercus cerris,species,unconfirmed,1,exotic,cerris,"","",accepted,1,0.568
136366,53082,Gnaphalium uliginosum,marsh cudweed,species,https://inaturalist-open-data.s3.amazonaws.com/photos/576278475/medium.jpg,Gnaphalium uliginosum,species,confirmed,1,exotic,uliginosum,"","",accepted,1,0
140213,52713,Calamagrostis inexpansa,Northern Reedgrass,species,https://inaturalist-open-data.s3.amazonaws.com/photos/264918060/medium.jpeg,Calamagrostis stricta ssp. inexpansa,subspecies,confirmed,1,native,inexpansa,"","",unaccepted,1,0.02
153478,48493,Delphinium menziesii menziesii,Puget Sound Larkspur,subspecies,"",Delphinium menziesii var. menziesii,variety,confirmed,1,native,menziesii,Delphinium menziesii menziesii,"",accepted,1,0
155848,155847,Thinopyrum intermedium,Intermediate Wheatgrass,species,https://inaturalist-open-data.s3.amazonaws.com/photos/245139601/medium.jpg,Thinopyrum intermedium,species,new,0,exotic,intermedium,"","",accepted,1,0.167
158406,51901,Antennaria anaphaloides,Handsome Pussytoes,species,https://inaturalist-open-data.s3.amazonaws.com/photos/200824693/medium.jpg,Antennaria anaphaloides,"","",1,native,anaphaloides,"","",accepted,1,0
158615,156879,Argentina anserina,common silverweed,species,https://inaturalist-open-data.s3.amazonaws.com/photos/43334473/medium.jpeg,Potentilla anserina,species,new,0,native,anserina,"","",unaccepted,1,0
159470,52701,Bromus pacificus,Pacific Brome,species,https://inaturalist-open-data.s3.amazonaws.com/photos/265745738/medium.jpeg,Bromus pacificus,species,unconfirmed,1,native,pacificus,"","",accepted,1,0.317
159732,72028,Camelina sativa,Gold-of-pleasure,species,https://inaturalist-open-data.s3.amazonaws.com/photos/503172/medium.jpg,Camelina sativa,species,unconfirmed,1,exotic,sativa,"","",accepted,1,0.736
159806,156963,Canadanthus modestus,Great Northern Aster,species,https://inaturalist-open-data.s3.amazonaws.com/photos/310585724/medium.jpg,Canadanthus modestus,species,new,0,native,modestus,"","",accepted,1,0.091
159833,49652,Cardamine corymbosa,New Zealand bittercress,species,https://inaturalist-open-data.s3.amazonaws.com/photos/69165224/medium.jpeg,Cardamine corymbosa,species,new,1,exotic,corymbosa,"","",accepted,1,0.812
160697,49877,Clematis vitalba,Old man's beard,species,https://inaturalist-open-data.s3.amazonaws.com/photos/218591388/medium.jpeg,Clematis vitalba,species,new,0,exotic,vitalba,"","",accepted,1,0
161280,56932,Cuscuta pentagona,Five Angled Dodder,species,https://inaturalist-open-data.s3.amazonaws.com/photos/422857240/medium.jpeg,Cuscuta pentagona,"",unconfirmed,1,native,pentagona,"","",accepted,1,0.612
161664,48493,Delphinium elatum,Alpine Larkspur,species,https://inaturalist-open-data.s3.amazonaws.com/photos/45762201/medium.jpeg,Delphinium elatum,species,new,0,exotic,elatum,"","",accepted,1,0.036
162281,52792,Elymus hirsutus,Boreal Wild Rye,species,https://inaturalist-open-data.s3.amazonaws.com/photos/464248404/medium.jpeg,Elymus hirsutus,species,unconfirmed,1,native,hirsutus,"","",accepted,1,0.523
163222,47407,Genista tinctoria,Dyer's Greenweed,species,https://inaturalist-open-data.s3.amazonaws.com/photos/81976638/medium.jpeg,Genista tinctoria,species,new,1,exotic,tinctoria,"","",accepted,1,0.122
163261,47701,Geranium ibericum,Caucasian Crane's-bill,species,https://static.inaturalist.org/photos/547548455/medium.jpg,Geranium ibericum,species,unconfirmed,1,exotic,ibericum,"","",accepted,1,0.928
164526,47203,Lepidium ruderale,Narrow-leaved Pepperwort,species,https://inaturalist-open-data.s3.amazonaws.com/photos/48345093/medium.jpg,Lepidium ruderale,species,unconfirmed,1,exotic,ruderale,"","",accepted,1,0.424
164527,47203,Lepidium sativum,Garden Cress,species,https://static.inaturalist.org/photos/63303286/medium.jpg,Lepidium sativum,species,confirmed,1,exotic,sativum,"","",accepted,1,0
166114,52504,Papaver orientale,Oriental Poppy,species,https://static.inaturalist.org/photos/11548013/medium.jpg,Papaver orientale,species,new,0,exotic,orientale,"","",accepted,1,0.2
166466,156638,Pentaglottis sempervirens,Green Alkanet,species,https://inaturalist-open-data.s3.amazonaws.com/photos/124523689/medium.jpeg,Pentaglottis sempervirens,species,new,0,exotic,sempervirens,"","",accepted,1,0
166998,50636,Plantago bigelovii,Bigelow's Plantain,species,"",Plantago bigelovii,species,confirmed,1,native,bigelovii,"","",accepted,1,1
167957,54677,Rorippa amphibia,Amphibious Yellowcress,species,https://inaturalist-open-data.s3.amazonaws.com/photos/74239377/medium.jpg,Rorippa amphibia,species,new,0,exotic,amphibia,"","",accepted,1,0.25
167973,54677,Rorippa sylvestris,Creeping Yellowcress,species,https://inaturalist-open-data.s3.amazonaws.com/photos/176124708/medium.jpg,Rorippa sylvestris,species,confirmed,1,exotic,sylvestris,"","",accepted,1,0.009
168242,53196,Rumex maritimus,Golden Dock,species,https://inaturalist-open-data.s3.amazonaws.com/photos/1135451/medium.jpg,Rumex maritimus,"",unconfirmed,1,unknown,maritimus,"","",accepted,1,0.626
168250,53196,Rumex sanguineus,Wood Dock,species,https://inaturalist-open-data.s3.amazonaws.com/photos/46419676/medium.jpg,Rumex sanguineus,species,confirmed,1,exotic,sanguineus,"","",accepted,1,0
168409,55737,Sanguisorba annua,Prairie Burnet,species,https://static.inaturalist.org/photos/1417215/medium.jpg,Poteridium annuum,species,unconfirmed,1,native,annua,"","",unaccepted,1,0.906
168479,55434,Saxifraga tridactylites,Rue-leaved Saxifrage,species,https://inaturalist-open-data.s3.amazonaws.com/photos/481262863/medium.jpeg,Saxifraga tridactylites,species,confirmed,1,exotic,tridactylites,"","",accepted,1,0
168858,72357,Sericocarpus rigidus,Columbian Whitetop Aster,species,https://inaturalist-open-data.s3.amazonaws.com/photos/87372574/medium.jpeg,Sericocarpus rigidus,species,confirmed,1,native,rigidus,"","",accepted,1,0
169021,49917,Sisyrinchium littorale,Alaska Blue-eyed-grass,species,https://inaturalist-open-data.s3.amazonaws.com/photos/84649041/medium.jpg,Sisyrinchium littorale,species,confirmed,1,native,littorale,"","",accepted,1,0.047
170839,57185,Leymus × vancouverensis,Vancouver wildrye,hybrid,https://inaturalist-open-data.s3.amazonaws.com/photos/435339817/medium.jpeg,Leymus vancouverensis,hybrid,new,0,native,"","","",unaccepted,1,0.5
170971,47351,Prunus × pugetensis,Puget Sound cherry,hybrid,https://inaturalist-open-data.s3.amazonaws.com/photos/127715926/medium.jpg,Prunus pugetensis,"",new,1,unknown,"","","",invalid,1,0.165
181756,57170,Festuca ammobia,Sand Fescue,species,https://inaturalist-open-data.s3.amazonaws.com/photos/463473019/medium.jpg,Festuca ammobia,species,confirmed,1,native,ammobia,"","",accepted,1,0
181920,54570,Mentha × rotundifolia,Apple Mint,hybrid,https://inaturalist-open-data.s3.amazonaws.com/photos/577407/medium.jpg,Mentha rotundifolia,"",unconfirmed,1,exotic,"","","",invalid,1,0.23
204167,181942,Scorzoneroides autumnalis,Autumn Hawkbit,species,https://inaturalist-open-data.s3.amazonaws.com/photos/54354989/medium.jpg,Leontodon autumnalis,species,new,0,exotic,autumnalis,"","",unaccepted,1,0.167
204259,52701,Bromus rigidus,Ripgut Brome,species,https://inaturalist-open-data.s3.amazonaws.com/photos/4194440/medium.jpg,Bromus diandrus ssp. rigidus,subspecies,confirmed,1,exotic,rigidus,"","",unaccepted,1,0
204321,204212,Ficaria verna,lesser celandine,species,https://inaturalist-open-data.s3.amazonaws.com/photos/7034063/medium.jpg,Ficaria verna,species,new,1,exotic,verna,"","",accepted,1,0
204362,54332,Nasturtium microphyllum,Narrow-fruited Watercress,species,https://inaturalist-open-data.s3.amazonaws.com/photos/42153986/medium.jpg,Nasturtium microphyllum,species,unconfirmed,1,exotic,microphyllum,"","",accepted,1,0.423
204364,62256,Neottia cordata,Heartleaf Twayblade,species,https://inaturalist-open-data.s3.amazonaws.com/photos/132428066/medium.jpeg,Neottia cordata,species,confirmed,1,native,cordata,"","",accepted,1,0
204380,204221,Phedimus spurius,Caucasian Stonecrop,species,https://inaturalist-open-data.s3.amazonaws.com/photos/64664600/medium.jpeg,Phedimus spurius,species,new,0,exotic,spurius,"","",accepted,1,0
205873,64276,Phragmites australis americanus,American common reed,subspecies,https://inaturalist-open-data.s3.amazonaws.com/photos/28211687/medium.jpeg,Phragmites australis ssp. americanus,subspecies,confirmed,1,native,australis,Phragmites australis americanus,"",accepted,1,0.036
208784,53060,Galium spurium,False Cleavers,species,https://inaturalist-open-data.s3.amazonaws.com/photos/14462927/medium.jpeg,Galium spurium,species,new,1,exotic,spurium,"","",accepted,1,0
234332,50259,Arceuthobium tsugense contortae,Shore Pine Dwarf-mistletoe,subspecies,https://inaturalist-open-data.s3.amazonaws.com/photos/119063127/medium.jpeg,Arceuthobium tsugense ssp. contortae,subspecies,new,0,native,tsugense,Arceuthobium tsugense contortae,"",accepted,1,0.25
234778,56031,Calystegia silvatica silvatica,"",subspecies,https://inaturalist-open-data.s3.amazonaws.com/photos/358488427/medium.jpeg,Calystegia silvatica ssp. silvatica,species,new,0,exotic,silvatica,Calystegia silvatica silvatica,"",accepted,1,0
235283,47789,Clarkia amoena caurina,Northwestern Farewell-to-Spring,subspecies,https://inaturalist-open-data.s3.amazonaws.com/photos/8884456/medium.jpg,Clarkia amoena ssp. caurina,subspecies,new,0,native,amoena,Clarkia amoena caurina,"",accepted,1,0.029
235285,47789,Clarkia amoena lindleyi,Lindley's Clarkia,subspecies,https://inaturalist-open-data.s3.amazonaws.com/photos/4092586/medium.jpg,Clarkia amoena ssp. lindleyi,subspecies,new,0,native,amoena,Clarkia amoena lindleyi,"",accepted,1,0.2
237952,49139,Plagiobothrys figuratus figuratus,Rough Popcorn-flower,subspecies,https://inaturalist-open-data.s3.amazonaws.com/photos/3345812/medium.JPG,Plagiobothrys figuratus var. figuratus,species,new,0,native,figuratus,Plagiobothrys figuratus figuratus,"",accepted,1,0.5
240890,61064,Glyceria grandis grandis,American Mannagrass,variety,https://inaturalist-open-data.s3.amazonaws.com/photos/333954083/medium.jpeg,Glyceria grandis var. grandis,species,new,0,native,grandis,"",Glyceria grandis grandis,accepted,1,0.333
241575,55796,Luzula campestris campestris,"",subspecies,https://inaturalist-open-data.s3.amazonaws.com/photos/118508839/medium.jpg,Luzula campestris ssp. campestris,species,confirmed,1,exotic,campestris,Luzula campestris campestris,"",accepted,1,0.274
242625,56089,Robinia hispida hispida,Bristly Locust,variety,https://inaturalist-open-data.s3.amazonaws.com/photos/71219663/medium.jpeg,Robinia hispida var. hispida,species,new,0,exotic,hispida,"",Robinia hispida hispida,accepted,1,0.5
243049,48681,Spiraea douglasii menziesii,Menzies' Meadowsweet,subspecies,https://inaturalist-open-data.s3.amazonaws.com/photos/312471578/medium.jpg,Spiraea douglasii var. menziesii,species,unconfirmed,1,native,douglasii,Spiraea douglasii menziesii,"",accepted,1,0.433
284707,72123,Eruca sativa,Rocket Salad,species,https://static.inaturalist.org/photos/438616945/medium.jpeg,Eruca vesicaria ssp. sativa,species,new,0,exotic,sativa,"","",unaccepted,1,0
357682,62499,Jacobaea maritima,Dusty miller,species,https://inaturalist-open-data.s3.amazonaws.com/photos/153641253/medium.jpg,Jacobaea maritima,species,new,1,exotic,maritima,"","",accepted,1,0
401314,48493,Delphinium ajacis,doubtful knight's-spur,species,https://inaturalist-open-data.s3.amazonaws.com/photos/41131894/medium.jpg,Delphinium ajacis,species,new,1,exotic,ajacis,"","",accepted,1,0
452273,57170,Festuca valesiaca,Valais Fescue,species,https://inaturalist-open-data.s3.amazonaws.com/photos/377722335/medium.jpeg,Festuca valesiaca,"","",0,exotic,valesiaca,"","",accepted,1,0
472796,481693,Myriopteris gracillima,lace lip fern,species,https://inaturalist-open-data.s3.amazonaws.com/photos/423046/medium.jpg,Myriopteris gracillima,species,confirmed,1,native,gracillima,"","",accepted,1,0
487126,55770,Crocus × stellaris,Dutch Yellow Crocus,hybrid,https://inaturalist-open-data.s3.amazonaws.com/photos/256490814/medium.jpg,Crocus × stellaris,hybrid,new,0,exotic,"","","",accepted,1,0.167
524900,156879,Argentina pacifica,Pacific silverweed,species,https://static.inaturalist.org/photos/147381949/medium.jpg,Potentilla anserina ssp. pacifica,species,new,0,native,pacifica,"","",unaccepted,1,0
545305,49652,Cardamine occulta,Nursery bittercress,species,https://inaturalist-open-data.s3.amazonaws.com/photos/226429622/medium.jpeg,Cardamine occulta,species,new,1,exotic,occulta,"","",accepted,1,0.129
553345,47121,Lupinus lepidus lepidus,Pacific Lupine,variety,https://inaturalist-open-data.s3.amazonaws.com/photos/77529420/medium.jpeg,Lupinus lepidus var. lepidus,variety,confirmed,1,native,lepidus,"",Lupinus lepidus lepidus,accepted,1,0.008
556361,64276,Phragmites australis australis,European reed,subspecies,https://inaturalist-open-data.s3.amazonaws.com/photos/6314550/medium.jpg,Phragmites australis ssp. australis,subspecies,unconfirmed,1,exotic,australis,Phragmites australis australis,"",accepted,1,0.282
593040,379255,Reynoutria sachalinensis,Giant Knotweed,species,https://static.inaturalist.org/photos/92299908/medium.jpg,Fallopia sachalinensis,species,new,1,exotic,sachalinensis,"","",unaccepted,1,0
711103,203680,Pilosella aurantiaca,orange hawkweed,species,https://inaturalist-open-data.s3.amazonaws.com/photos/533646976/medium.jpg,Hieracium aurantiacum,species,new,1,exotic,aurantiaca,"","",unaccepted,1,0
802465,273241,Aphyllon californicum californicum,California Broomrape,subspecies,https://inaturalist-open-data.s3.amazonaws.com/photos/949980/medium.jpg,Aphyllon californicum ssp. californicum,subspecies,confirmed,1,native,californicum,Aphyllon californicum californicum,"",accepted,1,0
850784,379255,Reynoutria × bohemica,Bohemian Knotweed,hybrid,https://inaturalist-open-data.s3.amazonaws.com/photos/229589421/medium.jpg,Fallopia bohemica,hybrid,new,0,exotic,"","","",unaccepted,1,0.167
878051,514011,Chenopodiastrum simplex,American maple-leaved goosefoot,species,https://static.inaturalist.org/photos/217021140/medium.jpeg,Chenopodiastrum simplex,species,confirmed,1,exotic,simplex,"","",accepted,1,0
914922,379255,Reynoutria japonica,Japanese knotweed,species,https://inaturalist-open-data.s3.amazonaws.com/photos/74418856/medium.jpg,Fallopia japonica,species,new,0,exotic,japonica,"","",unaccepted,1,0
931680,446668,Oxybasis rubra humilis,Marshland Goosefoot,variety,https://inaturalist-open-data.s3.amazonaws.com/photos/125710048/medium.jpeg,Oxybasis rubra var. humilis,variety,confirmed,1,native,rubra,"",Oxybasis rubra humilis,accepted,1,0.017
950609,950583,Anemonoides grayi,Gray's anemone,species,https://static.inaturalist.org/photos/13386/medium.jpg,Anemone lyallii,species,new,0,native,grayi,"","",unaccepted,1,0
1035494,49398,Kalmia microphylla occidentalis,Western Swamp Laurel,variety,https://static.inaturalist.org/photos/199851182/medium.jpg,Kalmia microphylla var. occidentalis,variety,new,0,native,microphylla,"",Kalmia microphylla occidentalis,accepted,1,0.667
1074432,51886,Urtica gracilis gracilis,American stinging nettle,subspecies,https://inaturalist-open-data.s3.amazonaws.com/photos/100054561/medium.jpeg,Urtica gracilis ssp. gracilis,subspecies,new,0,native,gracilis,Urtica gracilis gracilis,"",accepted,1,0
1105043,52818,Achillea millefolium,common yarrow complex,complex,https://static.inaturalist.org/photos/19971995/medium.jpeg,Achillea millefolium complex,complex,confirmed,1,native,millefolium,"","",accepted,1,0
1220756,962562,Eriocoma lemmonii lemmonii,Lemmon's Needlegrass,subspecies,https://inaturalist-open-data.s3.amazonaws.com/photos/27614262/medium.jpeg,Achnatherum lemmonii ssp. lemmonii,subspecies,confirmed,1,native,lemmonii,Eriocoma lemmonii lemmonii,"",unaccepted,1,0
1221600,962562,Eriocoma nelsonii nelsonii,Nelson's needlegrass,subspecies,https://inaturalist-open-data.s3.amazonaws.com/photos/534237376/medium.jpg,Achnatherum nelsonii ssp. nelsonii,subspecies,unconfirmed,1,native,nelsonii,Eriocoma nelsonii nelsonii,"",unaccepted,1,1
1221728,962562,Eriocoma nelsonii dorei,Columbia needlegrass,subspecies,https://inaturalist-open-data.s3.amazonaws.com/photos/24292134/medium.jpg,Achnatherum nelsonii ssp. dorei,subspecies,unconfirmed,1,native,nelsonii,Eriocoma nelsonii dorei,"",unaccepted,1,0.92
1404861,56058,Leucanthemum vulgare,"",complex,https://inaturalist-open-data.s3.amazonaws.com/photos/40713926/medium.jpeg,Leucanthemum vulgare,complex,confirmed,1,exotic,vulgare,"","",accepted,1,0
1412639,128807,Dichanthelium scribnerianum,Scribner's Panicgrass,species,https://inaturalist-open-data.s3.amazonaws.com/photos/23428066/medium.jpeg,Dichanthelium oligosanthes ssp. scribnerianum,variety,unconfirmed,1,native,scribnerianum,"","",unaccepted,1,0.688
1453363,47436,Lotus corniculatus,"",complex,https://inaturalist-open-data.s3.amazonaws.com/photos/366803576/medium.jpg,Lotus corniculatus,complex,confirmed,1,exotic,corniculatus,"","",accepted,1,0
1467785,50829,Viola macloskeyi,Macloskie's violet,species,https://inaturalist-open-data.s3.amazonaws.com/photos/213751210/medium.jpg,Viola macloskeyi,"","",0,native,macloskeyi,"","",accepted,1,0
1490928,120180,Doellingeria engelmannii,Engelmann's aster,species,https://inaturalist-open-data.s3.amazonaws.com/photos/653290/medium.JPG,Eucephalus engelmannii,"",unconfirmed,1,native,engelmannii,"","",unaccepted,1,0.791
1538926,204214,Graphephorum cernuum,nodding trisetum,species,https://inaturalist-open-data.s3.amazonaws.com/photos/520515052/medium.jpg,Trisetum cernuum,species,confirmed,1,native,cernuum,"","",unaccepted,1,0.036
1538928,204214,Graphephorum canescens,tall trisetum,species,https://inaturalist-open-data.s3.amazonaws.com/photos/189552428/medium.jpg,Trisetum canescens,species,unconfirmed,1,native,canescens,"","",unaccepted,1,0.193
1555489,1555488,Mutarda nigra,Black Mustard,species,https://inaturalist-open-data.s3.amazonaws.com/photos/20673079/medium.jpeg,Brassica nigra,species,confirmed,1,exotic,nigra,"","",unaccepted,1,0
1562069,1555488,Mutarda arvensis,charlock,species,https://inaturalist-open-data.s3.amazonaws.com/photos/326850053/medium.jpeg,Sinapis arvensis,species,confirmed,1,exotic,arvensis,"","",unaccepted,1,0
1584502,49370,Astragalus collinus collinus,"",variety,https://inaturalist-open-data.s3.amazonaws.com/photos/445868708/medium.jpg,Astragalus collinus var. collinus,species,unconfirmed,1,native,collinus,"",Astragalus collinus collinus,accepted,1,0.245
1586224,1445702,Podagrostis thurberiana,"",species,https://inaturalist-open-data.s3.amazonaws.com/photos/465266556/medium.jpeg,Podagrostis thurberiana,"","",0,native,thurberiana,"","",accepted,1,0
47543,47544,Rubus spectabilis,Salmonberry,species,https://inaturalist-open-data.s3.amazonaws.com/photos/313742389/medium.jpg,Rubus spectabilis,species,confirmed,1,native,spectabilis,"","",accepted,1,0
47602,47603,Taraxacum officinale,common dandelion,species,https://inaturalist-open-data.s3.amazonaws.com/photos/23575133/medium.jpg,Taraxacum officinale,species,confirmed,1,exotic,officinale,"","",accepted,1,0
48229,48230,Ranunculus repens,Creeping buttercup,species,https://inaturalist-open-data.s3.amazonaws.com/photos/38652836/medium.jpeg,Ranunculus repens,species,confirmed,1,exotic,repens,"","",accepted,1,0
48984,48160,Centaurea montana,Perennial Cornflower,species,https://inaturalist-open-data.s3.amazonaws.com/photos/39875426/medium.jpg,Centaurea montana,species,confirmed,1,exotic,montana,"","",accepted,1,0
49365,48571,Carex pendula,Hanging sedge,species,https://inaturalist-open-data.s3.amazonaws.com/photos/5582512/medium.jpg,Carex pendula,species,new,1,exotic,pendula,"","",accepted,1,0
50739,48031,Platanthera stricta,Slender Bog Orchid,species,https://inaturalist-open-data.s3.amazonaws.com/photos/8497526/medium.jpeg,Platanthera stricta,species,unconfirmed,1,native,stricta,"","",accepted,1,0.053
51875,51876,Trifolium pratense,Red Clover,species,https://inaturalist-open-data.s3.amazonaws.com/photos/10029907/medium.jpg,Trifolium pratense,species,confirmed,1,exotic,pratense,"","",accepted,1,0
52471,52472,Vicia cracca,tufted vetch,species,https://inaturalist-open-data.s3.amazonaws.com/photos/133717606/medium.jpeg,Vicia cracca ssp. cracca,species,confirmed,1,exotic,cracca,"","",unaccepted,1,0.017
52698,52697,Avena fatua,wild oat,species,https://inaturalist-open-data.s3.amazonaws.com/photos/268294240/medium.jpeg,Avena fatua,species,confirmed,1,exotic,fatua,"","",accepted,1,0.009
52795,52797,Hordeum murinum leporinum,hare barley,subspecies,https://inaturalist-open-data.s3.amazonaws.com/photos/957797/medium.jpg,Hordeum murinum ssp. leporinum,species,unconfirmed,1,exotic,murinum,Hordeum murinum leporinum,"",accepted,1,0.491
52801,52800,Lolium perenne,Perennial Ryegrass,species,https://static.inaturalist.org/photos/3607783/medium.jpg,Lolium perenne,species,confirmed,1,exotic,perenne,"","",accepted,1,0
52808,52809,Poa annua,Annual Meadow-grass,species,https://inaturalist-open-data.s3.amazonaws.com/photos/119472992/medium.jpeg,Poa annua,species,confirmed,1,exotic,annua,"","",accepted,1,0
52812,52809,Poa howellii,Howell's Bluegrass,species,https://static.inaturalist.org/photos/387799788/medium.jpg,Poa howellii,species,unconfirmed,1,native,howellii,"","",accepted,1,0.297
52856,52855,Artemisia vulgaris,common mugwort,species,https://inaturalist-open-data.s3.amazonaws.com/photos/46355424/medium.jpeg,Artemisia vulgaris,species,new,0,exotic,vulgaris,"","",accepted,1,0
53103,51900,Hypochaeris glabra,Smooth Cat's Ear,species,https://inaturalist-open-data.s3.amazonaws.com/photos/347993099/medium.jpg,Hypochaeris glabra,species,confirmed,1,exotic,glabra,"","",accepted,1,0
53104,51900,Hypochaeris radicata,Common Cat's-ear,species,https://inaturalist-open-data.s3.amazonaws.com/photos/229524032/medium.jpg,Hypochaeris radicata,species,confirmed,1,exotic,radicata,"","",accepted,1,0
53151,53152,Medicago polymorpha,bur clover,species,https://inaturalist-open-data.s3.amazonaws.com/photos/120080420/medium.jpg,Medicago polymorpha,species,confirmed,1,exotic,polymorpha,"","",accepted,1,0
53195,53196,Rumex acetosella,Sheep's sorrel,species,https://inaturalist-open-data.s3.amazonaws.com/photos/177768765/medium.jpg,Rumex acetosella,species,confirmed,1,exotic,acetosella,"","",accepted,1,0
53212,52195,Silene gallica,Small-flowered Catchfly,species,https://inaturalist-open-data.s3.amazonaws.com/photos/244116293/medium.jpeg,Silene gallica,species,confirmed,1,exotic,gallica,"","",accepted,1,0
53271,53113,Brassica rapa,field mustard,species,https://static.inaturalist.org/photos/179299209/medium.jpeg,Brassica rapa,variety,confirmed,1,exotic,rapa,"","",accepted,1,0
53320,52472,Vicia americana,American vetch,species,https://inaturalist-open-data.s3.amazonaws.com/photos/71578389/medium.jpg,Vicia americana,species,confirmed,1,native,americana,"","",accepted,1,0
53324,52472,Vicia sativa,Common Vetch,species,https://inaturalist-open-data.s3.amazonaws.com/photos/281444164/medium.jpg,Vicia sativa,species,confirmed,1,exotic,sativa,"","",accepted,1,0
53445,47544,Rubus ursinus,trailing blackberry,species,https://inaturalist-open-data.s3.amazonaws.com/photos/624755302/medium.jpg,Rubus ursinus,species,confirmed,1,native,ursinus,"","",accepted,1,0
54141,54142,Tragopogon porrifolius,purple salsify,species,https://inaturalist-open-data.s3.amazonaws.com/photos/180639530/medium.jpg,Tragopogon porrifolius,species,confirmed,1,exotic,porrifolius,"","",accepted,1,0
54143,54142,Tragopogon dubius,Yellow Salsify,species,https://static.inaturalist.org/photos/6912783/medium.jpg,Tragopogon dubius,species,new,0,exotic,dubius,"","",accepted,1,0.125
55459,55460,Lamium amplexicaule,henbit deadnettle,species,https://inaturalist-open-data.s3.amazonaws.com/photos/552968312/medium.jpg,Lamium amplexicaule,species,confirmed,1,exotic,amplexicaule,"","",accepted,1,0
55505,47357,Allium triquetrum,Three-cornered garlic,species,https://static.inaturalist.org/photos/266855878/medium.jpeg,Allium triquetrum,species,new,0,exotic,triquetrum,"","",accepted,1,0
55721,52195,Silene vulgaris,bladder campion,species,https://inaturalist-open-data.s3.amazonaws.com/photos/149687809/medium.jpg,Silene vulgaris,species,confirmed,1,exotic,vulgaris,"","",accepted,1,0.02
55724,55725,Symphytum officinale,common comfrey,species,https://inaturalist-open-data.s3.amazonaws.com/photos/75011823/medium.jpg,Symphytum officinale,species,confirmed,1,exotic,officinale,"","",accepted,1,0
55745,51876,Trifolium repens,white clover,species,https://inaturalist-open-data.s3.amazonaws.com/photos/507060667/medium.jpg,Trifolium repens,species,confirmed,1,exotic,repens,"","",accepted,1,0
55759,52195,Silene dioica,red campion,species,https://static.inaturalist.org/photos/130304765/medium.jpg,Silene dioica,species,new,0,exotic,dioica,"","",accepted,1,0.5
55778,55779,Petasites frigidus palmatus,Western Sweet Coltsfoot,variety,https://inaturalist-open-data.s3.amazonaws.com/photos/366989332/medium.jpeg,Petasites frigidus var. palmatus,variety,confirmed,1,native,frigidus,"",Petasites frigidus palmatus,accepted,1,0
55811,47351,Prunus spinosa,Blackthorn,species,https://inaturalist-open-data.s3.amazonaws.com/photos/578763668/medium.jpg,Prunus spinosa,species,confirmed,1,exotic,spinosa,"","",accepted,1,0.156
55837,47351,Prunus cerasifera,Cherry-plum,species,https://static.inaturalist.org/photos/62295627/medium.jpg,Prunus cerasifera,species,new,1,exotic,cerasifera,"","",accepted,1,0
55848,53597,Narcissus pseudonarcissus,wild daffodil,species,https://inaturalist-open-data.s3.amazonaws.com/photos/63617613/medium.jpg,Narcissus pseudonarcissus,species,new,1,exotic,pseudonarcissus,"","",accepted,1,0
55851,55460,Lamium purpureum,red deadnettle,species,https://inaturalist-open-data.s3.amazonaws.com/photos/371086451/medium.jpg,Lamium purpureum,species,confirmed,1,exotic,purpureum,"","",accepted,1,0
55918,52504,Papaver dubium,Long-headed poppy,species,https://inaturalist-open-data.s3.amazonaws.com/photos/345577480/medium.jpeg,Papaver dubium,species,confirmed,1,exotic,dubium,"","",accepted,1,0
56064,48230,Ranunculus acris,meadow buttercup,species,https://inaturalist-open-data.s3.amazonaws.com/photos/134844788/medium.jpeg,Ranunculus acris,species,confirmed,1,exotic,acris,"","",accepted,1,0
56859,52829,Agoseris heterophylla heterophylla,Annual False Dandelion,variety,https://inaturalist-open-data.s3.amazonaws.com/photos/372293452/medium.jpeg,Agoseris heterophylla var. heterophylla,species,confirmed,1,native,heterophylla,"",Agoseris heterophylla heterophylla,accepted,1,0
57056,53152,Medicago lupulina,Black Medick,species,https://inaturalist-open-data.s3.amazonaws.com/photos/340295701/medium.jpg,Medicago lupulina,species,confirmed,1,exotic,lupulina,"","",accepted,1,0
57079,51876,Trifolium microdon,thimble clover,species,https://inaturalist-open-data.s3.amazonaws.com/photos/190517943/medium.jpeg,Trifolium microdon,species,confirmed,1,native,microdon,"","",accepted,1,0
57080,51876,Trifolium variegatum,white-tipped clover,species,https://inaturalist-open-data.s3.amazonaws.com/photos/500193244/medium.jpg,Trifolium variegatum,species,confirmed,1,native,variegatum,"","",accepted,1,0
57081,51876,Trifolium willdenovii,tomcat clover,species,https://inaturalist-open-data.s3.amazonaws.com/photos/271202833/medium.jpg,Trifolium willdenovii,species,confirmed,1,native,willdenovii,"","",accepted,1,0
57108,52643,Juncus effusus pacificus,pacific rush,subspecies,https://inaturalist-open-data.s3.amazonaws.com/photos/43642283/medium.jpeg,Juncus effusus ssp. pacificus,subspecies,confirmed,1,native,effusus,Juncus effusus pacificus,"",accepted,1,0.008
57156,52697,Avena sativa,Common Oat,species,https://inaturalist-open-data.s3.amazonaws.com/photos/51273833/medium.jpg,Avena sativa,species,new,1,exotic,sativa,"","",accepted,1,0.056
57171,52792,Elymus glaucus glaucus,Blue Wild Rye,subspecies,https://inaturalist-open-data.s3.amazonaws.com/photos/316253/medium.jpeg,Elymus glaucus ssp. glaucus,subspecies,confirmed,1,native,glaucus,Elymus glaucus glaucus,"",accepted,1,0
57183,57187,Koeleria macrantha,Prairie Junegrass,species,https://inaturalist-open-data.s3.amazonaws.com/photos/42363755/medium.jpg,Koeleria macrantha,species,confirmed,1,native,macrantha,"","",accepted,1,0
57724,47216,Calypso bulbosa occidentalis,Western Fairy-slipper,variety,https://inaturalist-open-data.s3.amazonaws.com/photos/72717526/medium.jpg,Calypso bulbosa var. occidentalis,species,confirmed,1,native,bulbosa,"",Calypso bulbosa occidentalis,accepted,1,0
58165,51876,Trifolium gracilentum,pinpoint clover,species,https://inaturalist-open-data.s3.amazonaws.com/photos/3412724/medium.jpg,Trifolium gracilentum,"","",0,unknown,gracilentum,"","",accepted,1,0
58382,52809,Poa bulbosa,Bulbous Bluegrass,species,https://inaturalist-open-data.s3.amazonaws.com/photos/374609883/medium.jpeg,Poa bulbosa ssp. vivipara,species,confirmed,1,exotic,bulbosa,"","",unaccepted,1,1
58780,52195,Silene antirrhina,sleepy catchfly,species,https://inaturalist-open-data.s3.amazonaws.com/photos/708591/medium.jpg,Silene antirrhina,species,confirmed,1,native,antirrhina,"","",accepted,1,0.02
58798,52855,Artemisia biennis,biennial wormwood,species,https://inaturalist-open-data.s3.amazonaws.com/photos/263139/medium.jpg,Artemisia biennis,species,confirmed,1,exotic,biennis,"","",accepted,1,0.176
58812,53026,Cotula coronopifolia,Brass Buttons,species,https://inaturalist-open-data.s3.amazonaws.com/photos/115578937/medium.jpg,Cotula coronopifolia,species,confirmed,1,exotic,coronopifolia,"","",accepted,1,0.011
58911,51876,Trifolium microcephalum,small-headed clover,species,https://inaturalist-open-data.s3.amazonaws.com/photos/209905092/medium.jpg,Trifolium microcephalum,species,confirmed,1,native,microcephalum,"","",accepted,1,0
59235,58073,Descurainia pinnata brachycarpa,Plains Tansymustard,subspecies,https://inaturalist-open-data.s3.amazonaws.com/photos/46681882/medium.jpg,Descurainia pinnata ssp. brachycarpa,subspecies,unconfirmed,1,native,pinnata,Descurainia pinnata brachycarpa,"",accepted,1,0.878
59254,47357,Allium schoenoprasum,Chives,species,https://inaturalist-open-data.s3.amazonaws.com/photos/90411579/medium.jpg,Allium schoenoprasum,species,new,0,native,schoenoprasum,"","",accepted,1,0
59301,48230,Ranunculus sceleratus,cursed crowfoot,species,https://inaturalist-open-data.s3.amazonaws.com/photos/60400018/medium.jpeg,Ranunculus sceleratus,species,confirmed,1,native,sceleratus,"","",accepted,1,0.03
59570,59571,Arctium minus,lesser burdock,species,https://inaturalist-open-data.s3.amazonaws.com/photos/295584290/medium.jpg,Arctium minus,species,confirmed,1,exotic,minus,"","",accepted,1,0
59782,47357,Allium acuminatum,Hooker's onion,species,https://inaturalist-open-data.s3.amazonaws.com/photos/20424858/medium.jpg,Allium acuminatum,species,confirmed,1,native,acuminatum,"","",accepted,1,0
60201,51876,Trifolium subterraneum,Subterranean Clover,species,https://inaturalist-open-data.s3.amazonaws.com/photos/194532117/medium.jpeg,Trifolium subterraneum,species,confirmed,1,exotic,subterraneum,"","",accepted,1,0
60213,52765,Prunella vulgaris lanceolata,lance selfheal,subspecies,https://inaturalist-open-data.s3.amazonaws.com/photos/78842689/medium.jpeg,Prunella vulgaris var. lanceolata,subspecies,new,0,native,vulgaris,Prunella vulgaris lanceolata,"",accepted,1,0.062
60267,47357,Allium amplectens,narrowleaf onion,species,https://static.inaturalist.org/photos/72256535/medium.jpeg,Allium amplectens,species,confirmed,1,native,amplectens,"","",accepted,1,1
60307,52809,Poa pratensis,Smooth Meadow-grass,species,https://inaturalist-open-data.s3.amazonaws.com/photos/170918800/medium.jpg,Poa pratensis,species,confirmed,1,native,pratensis,"","",accepted,1,0
60318,51611,Veronica peregrina peregrina,common purslane speedwell,subspecies,https://inaturalist-open-data.s3.amazonaws.com/photos/61934798/medium.jpg,Veronica peregrina var. peregrina,subspecies,new,0,exotic,peregrina,Veronica peregrina peregrina,"",accepted,1,0.75
60350,52855,Artemisia absinthium,absinthe wormwood,species,https://inaturalist-open-data.s3.amazonaws.com/photos/45876952/medium.jpeg,Artemisia absinthium,species,new,0,exotic,absinthium,"","",accepted,1,0
60734,48972,Polygonum paronychia,beach knotweed,species,https://inaturalist-open-data.s3.amazonaws.com/photos/28112744/medium.jpg,Polygonum paronychia,species,confirmed,1,native,paronychia,"","",accepted,1,0
60897,50829,Viola tricolor tricolor,Heartsease,subspecies,https://inaturalist-open-data.s3.amazonaws.com/photos/46290079/medium.jpg,Viola tricolor var. tricolor,species,new,0,exotic,tricolor,Viola tricolor tricolor,"",accepted,1,0.75
60975,60145,Leontodon saxatilis saxatilis,Lesser Hawkbit,subspecies,https://static.inaturalist.org/photos/13286264/medium.jpg,Leontodon saxatilis ssp. saxatilis,subspecies,confirmed,1,exotic,saxatilis,Leontodon saxatilis saxatilis,"",accepted,1,0
61000,48571,Carex obnupta,slough sedge,species,https://inaturalist-open-data.s3.amazonaws.com/photos/548280134/medium.jpg,Carex obnupta,species,confirmed,1,native,obnupta,"","",accepted,1,0
61009,50321,Lathyrus latifolius,broad-leaved sweet pea,species,https://inaturalist-open-data.s3.amazonaws.com/photos/522746705/medium.jpg,Lathyrus latifolius,species,confirmed,1,exotic,latifolius,"","",accepted,1,0
61021,51876,Trifolium glomeratum,Clustered clover,species,https://inaturalist-open-data.s3.amazonaws.com/photos/382627336/medium.jpg,Trifolium glomeratum,species,new,1,exotic,glomeratum,"","",accepted,1,0.13
61061,57170,Festuca rubra,red fescue,species,https://inaturalist-open-data.s3.amazonaws.com/photos/516293737/medium.jpg,Festuca rubra,species,confirmed,1,native,rubra,"","",accepted,1,0
61095,50299,Fragaria vesca californica,California Strawberry,subspecies,https://inaturalist-open-data.s3.amazonaws.com/photos/2978592/medium.jpg,Fragaria vesca ssp. californica,"",unconfirmed,1,native,vesca,Fragaria vesca californica,"",accepted,1,0.928
61179,51876,Trifolium dichotomum,Branched Clover,species,https://inaturalist-open-data.s3.amazonaws.com/photos/505443640/medium.jpg,Trifolium dichotomum,species,unconfirmed,1,native,dichotomum,"","",accepted,1,0.842
61203,52792,Elymus glaucus virescens,Coastal Wild Rye,subspecies,https://inaturalist-open-data.s3.amazonaws.com/photos/3807104/medium.JPG,Elymus glaucus ssp. virescens,subspecies,unconfirmed,1,native,glaucus,Elymus glaucus virescens,"",accepted,1,0.504
61204,52797,Hordeum murinum glaucum,smooth barley,subspecies,https://static.inaturalist.org/photos/1581162/medium.JPG,Hordeum murinum ssp. glaucum,subspecies,new,1,exotic,murinum,Hordeum murinum glaucum,"",accepted,1,0.129
61334,53597,Narcissus poeticus,Poet's Narcissus,species,https://inaturalist-open-data.s3.amazonaws.com/photos/619941812/medium.jpg,Narcissus poeticus,species,new,1,exotic,poeticus,"","",accepted,1,0
61824,51876,Trifolium hybridum,Alsike clover,species,https://static.inaturalist.org/photos/526917185/medium.jpg,Trifolium hybridum,species,confirmed,1,exotic,hybridum,"","",accepted,1,0.018
61834,52797,Hordeum brachyantherum brachyantherum,northern meadow barley,subspecies,https://inaturalist-open-data.s3.amazonaws.com/photos/127507531/medium.jpg,Hordeum brachyantherum ssp. brachyantherum,species,confirmed,1,native,brachyantherum,Hordeum brachyantherum brachyantherum,"",accepted,1,0
62642,50641,Solanum rostratum,buffalo-bur,species,https://inaturalist-open-data.s3.amazonaws.com/photos/2137808/medium.JPG,Solanum rostratum,species,confirmed,1,exotic,rostratum,"","",accepted,1,0.011
63333,52797,Hordeum murinum murinum,Barley Grass,subspecies,https://inaturalist-open-data.s3.amazonaws.com/photos/1816776/medium.jpg,Hordeum murinum ssp. murinum,"",new,1,exotic,murinum,Hordeum murinum murinum,"",accepted,1,0.18
63879,52797,Hordeum marinum gussoneanum,mediterranean barley,subspecies,https://inaturalist-open-data.s3.amazonaws.com/photos/17817095/medium.jpeg,Hordeum marinum ssp. gussoneanum,subspecies,confirmed,1,exotic,marinum,Hordeum marinum gussoneanum,"",accepted,1,0
63890,47851,Quercus garryana garryana,Oregon white oak,variety,https://inaturalist-open-data.s3.amazonaws.com/photos/47152328/medium.jpeg,Quercus garryana var. garryana,variety,confirmed,1,native,garryana,"",Quercus garryana garryana,accepted,1,0
63898,48230,Ranunculus uncinatus,woodland buttercup,species,https://inaturalist-open-data.s3.amazonaws.com/photos/188031208/medium.jpeg,Ranunculus uncinatus,species,confirmed,1,native,uncinatus,"","",accepted,1,0
63937,55910,Hieracium albiflorum,white hawkweed,species,https://inaturalist-open-data.s3.amazonaws.com/photos/533595713/medium.jpg,Hieracium albiflorum,species,confirmed,1,native,albiflorum,"","",accepted,1,0
63957,47544,Rubus leucodermis leucodermis,white-stemmed raspberry,variety,https://inaturalist-open-data.s3.amazonaws.com/photos/541920/medium.JPG,Rubus leucodermis var. leucodermis,species,confirmed,1,native,leucodermis,"",Rubus leucodermis leucodermis,accepted,1,0
64157,54677,Rorippa palustris palustris,Bog Yellowcress,subspecies,https://inaturalist-open-data.s3.amazonaws.com/photos/23307831/medium.jpg,Rorippa palustris ssp. palustris,species,confirmed,1,native,palustris,Rorippa palustris palustris,"",accepted,1,0
64183,48571,Carex tumulicola,foothill sedge,species,https://inaturalist-open-data.s3.amazonaws.com/photos/189553115/medium.jpg,Carex tumulicola,species,confirmed,1,native,tumulicola,"","",accepted,1,0
64241,53113,Brassica juncea,Brown Mustard,species,https://inaturalist-open-data.s3.amazonaws.com/photos/81020/medium.jpg,Brassica juncea,species,confirmed,1,exotic,juncea,"","",accepted,1,0
64268,51876,Trifolium incarnatum,crimson clover,species,https://inaturalist-open-data.s3.amazonaws.com/photos/73250250/medium.jpg,Trifolium incarnatum,species,new,0,exotic,incarnatum,"","",accepted,1,0
64445,49869,Caltha leptosepala,white marsh marigold,species,https://static.inaturalist.org/photos/39550534/medium.jpg,Caltha leptosepala,species,new,0,native,leptosepala,"","",accepted,1,0.043
67820,50879,Erigeron philadelphicus,Philadelphia fleabane,species,https://inaturalist-open-data.s3.amazonaws.com/photos/13932511/medium.jpg,Erigeron philadelphicus,species,new,0,native,philadelphicus,"","",accepted,1,0.022
67826,48230,Ranunculus flammula,Lesser Spearwort,species,https://static.inaturalist.org/photos/392293472/medium.jpg,Ranunculus flammula,species,confirmed,1,native,flammula,"","",accepted,1,0.029
68052,48571,Carex vulpinoidea,fox sedge,species,https://inaturalist-open-data.s3.amazonaws.com/photos/41202772/medium.jpg,Carex vulpinoidea,"",unconfirmed,1,native,vulpinoidea,"","",accepted,1,0.755
68424,48230,Ranunculus lobbii,Lobb's aquatic buttercup,species,https://inaturalist-open-data.s3.amazonaws.com/photos/365311689/medium.jpg,Ranunculus lobbii,"",unconfirmed,1,native,lobbii,"","",accepted,1,0.971
68479,52800,Lolium multiflorum,Italian Ryegrass,species,https://inaturalist-open-data.s3.amazonaws.com/photos/10693239/medium.jpg,Lolium multiflorum,species,confirmed,1,exotic,multiflorum,"","",accepted,1,0.016
68846,50921,Muscari neglectum,Grape hyacinth,species,https://inaturalist-open-data.s3.amazonaws.com/photos/65190404/medium.jpeg,Muscari neglectum,species,confirmed,1,exotic,neglectum,"","",accepted,1,0
71122,51876,Trifolium oliganthum,few-flowered clover,species,https://inaturalist-open-data.s3.amazonaws.com/photos/73105131/medium.jpeg,Trifolium oliganthum,species,confirmed,1,native,oliganthum,"","",accepted,1,0
71127,52855,Artemisia ludoviciana,Silver Wormwood,species,https://inaturalist-open-data.s3.amazonaws.com/photos/169500458/medium.jpg,Artemisia ludoviciana,species,new,0,native,ludoviciana,"","",accepted,1,0.333
71146,51876,Trifolium wormskioldii,springbank clover,species,https://inaturalist-open-data.s3.amazonaws.com/photos/20756586/medium.jpg,Trifolium wormskioldii,species,confirmed,1,native,wormskioldii,"","",accepted,1,0.041
75430,61789,Anchusa officinalis,common alkanet,species,https://inaturalist-open-data.s3.amazonaws.com/photos/554855639/medium.jpg,Anchusa officinalis,species,unconfirmed,1,exotic,officinalis,"","",accepted,1,0.647
75597,52855,Artemisia suksdorfii,coastal mugwort,species,https://inaturalist-open-data.s3.amazonaws.com/photos/82212944/medium.jpeg,Artemisia suksdorfii,species,confirmed,1,native,suksdorfii,"","",accepted,1,0
75869,53113,Brassica napus,rapeseed,species,https://inaturalist-open-data.s3.amazonaws.com/photos/497000036/medium.jpg,Brassica napus,species,confirmed,1,exotic,napus,"","",accepted,1,0.02
75912,52701,Bromus sitchensis,sitka brome,species,https://inaturalist-open-data.s3.amazonaws.com/photos/135599191/medium.jpeg,Bromus sitchensis,species,confirmed,1,native,sitchensis,"","",accepted,1,0
76014,48571,Carex arcta,northern clustered sedge,species,https://static.inaturalist.org/photos/27108965/medium.jpg,Carex arcta,species,confirmed,1,native,arcta,"","",accepted,1,0.009
76016,48571,Carex athrostachya,long-bracted sedge,species,https://inaturalist-open-data.s3.amazonaws.com/photos/99114350/medium.jpg,Carex athrostachya,species,confirmed,1,native,athrostachya,"","",accepted,1,0.174
76017,48571,Carex aurea,golden sedge,species,https://inaturalist-open-data.s3.amazonaws.com/photos/223610365/medium.jpg,Carex aurea,species,confirmed,1,native,aurea,"","",accepted,1,0.017
76028,48571,Carex cusickii,Cusick's sedge,species,https://inaturalist-open-data.s3.amazonaws.com/photos/152846297/medium.jpeg,Carex cusickii,species,confirmed,1,native,cusickii,"","",accepted,1,0.009
76035,48571,Carex echinata,star sedge,species,https://inaturalist-open-data.s3.amazonaws.com/photos/390073570/medium.jpeg,Carex echinata,species,confirmed,1,native,echinata,"","",accepted,1,0.018
76036,48571,Carex exsiccata,western inflated sedge,species,https://inaturalist-open-data.s3.amazonaws.com/photos/88414080/medium.jpeg,Carex exsiccata,species,confirmed,1,native,exsiccata,"","",accepted,1,0.008
76037,48571,Carex feta,green-sheathed sedge,species,https://inaturalist-open-data.s3.amazonaws.com/photos/43090341/medium.jpeg,Carex feta,species,confirmed,1,native,feta,"","",accepted,1,0.055
76045,48571,Carex hassei,Hasse's sedge,species,https://inaturalist-open-data.s3.amazonaws.com/photos/37553659/medium.jpeg,Carex hassei,species,unconfirmed,1,native,hassei,"","",accepted,1,0.408
76048,48571,Carex hendersonii,Henderson's Sedge,species,https://inaturalist-open-data.s3.amazonaws.com/photos/3636530/medium.jpg,Carex hendersonii,species,confirmed,1,native,hendersonii,"","",accepted,1,0
76056,48571,Carex inops,Long-stolon Sedge,species,https://inaturalist-open-data.s3.amazonaws.com/photos/131813343/medium.jpeg,Carex inops,species,confirmed,1,native,inops,"","",accepted,1,0
76062,48571,Carex laeviculmis,smooth-stemmed sedge,species,https://inaturalist-open-data.s3.amazonaws.com/photos/58780236/medium.jpeg,Carex laeviculmis,species,unconfirmed,1,native,laeviculmis,"","",accepted,1,0.399
76067,48571,Carex leporina,oval sedge,species,https://inaturalist-open-data.s3.amazonaws.com/photos/927135/medium.jpg,Carex leporina,species,confirmed,1,native,leporina,"","",accepted,1,0.008
76069,48571,Carex leptalea,bristle-stalked sedge,species,https://inaturalist-open-data.s3.amazonaws.com/photos/43400813/medium.jpeg,Carex leptalea,species,unconfirmed,1,native,leptalea,"","",accepted,1,0.813
76070,48571,Carex leptopoda,slender-footed sedge,species,https://inaturalist-open-data.s3.amazonaws.com/photos/18494169/medium.jpeg,Carex leptopoda,species,confirmed,1,native,leptopoda,"","",accepted,1,0
76076,48571,Carex lyngbyei,Lyngbye's sedge,species,https://inaturalist-open-data.s3.amazonaws.com/photos/548744090/medium.jpg,Carex lyngbyei ssp. cryptocarpa,species,confirmed,1,native,lyngbyei,"","",accepted,1,0
76089,48571,Carex pachystachya,starry broomsedge,species,https://inaturalist-open-data.s3.amazonaws.com/photos/4048199/medium.jpg,Carex pachystachya,species,confirmed,1,native,pachystachya,"","",accepted,1,0.017
76090,48571,Carex pansa,sanddune sedge,species,https://inaturalist-open-data.s3.amazonaws.com/photos/3799471/medium.jpg,Carex pansa,species,confirmed,1,native,pansa,"","",accepted,1,0.314
76091,48571,Carex pellita,woolly sedge,species,https://inaturalist-open-data.s3.amazonaws.com/photos/135818236/medium.jpeg,Carex pellita,species,new,0,native,pellita,"","",accepted,1,0.083
76095,48571,Carex praticola,northern meadow sedge,species,https://inaturalist-open-data.s3.amazonaws.com/photos/578901153/medium.jpg,Carex praticola,species,confirmed,1,native,praticola,"","",accepted,1,0.08
76099,48571,Carex rossii,Ross's sedge,species,https://inaturalist-open-data.s3.amazonaws.com/photos/212093816/medium.jpeg,Carex rossii,species,confirmed,1,native,rossii,"","",accepted,1,0.082
76104,48571,Carex scoparia,pointed broom sedge,species,https://inaturalist-open-data.s3.amazonaws.com/photos/2131645/medium.jpg,Carex scoparia,species,confirmed,1,native,scoparia,"","",accepted,1,0.057
76123,48571,Carex unilateralis,one-sided sedge,species,https://inaturalist-open-data.s3.amazonaws.com/photos/1876993/medium.jpg,Carex unilateralis,species,confirmed,1,native,unilateralis,"","",accepted,1,0.008
76124,48571,Carex utriculata,Northwest Territory sedge,species,https://inaturalist-open-data.s3.amazonaws.com/photos/967436/medium.jpg,Carex utriculata,species,confirmed,1,native,utriculata,"","",accepted,1,0.009
76127,48571,Carex vesicaria,inflated sedge,species,https://inaturalist-open-data.s3.amazonaws.com/photos/440759/medium.jpg,Carex vesicaria,species,unconfirmed,1,native,vesicaria,"","",accepted,1,0.935
76536,72077,Cryptogramma acrostichoides,American parsley fern,species,https://inaturalist-open-data.s3.amazonaws.com/photos/82820550/medium.jpg,Cryptogramma acrostichoides,species,confirmed,1,native,acrostichoides,"","",accepted,1,0
76907,50879,Erigeron canadensis,horseweed,species,https://inaturalist-open-data.s3.amazonaws.com/photos/220777535/medium.jpg,Conyza canadensis,species,new,0,exotic,canadensis,"","",unaccepted,1,0.167
77129,72133,Fallopia convolvulus,Black-bindweed,species,https://inaturalist-open-data.s3.amazonaws.com/photos/213207534/medium.jpg,Fallopia convolvulus,species,confirmed,1,exotic,convolvulus,"","",accepted,1,0
77136,57170,Festuca bromoides,brome fescue,species,https://static.inaturalist.org/photos/12954865/medium.jpg,Vulpia bromoides,species,confirmed,1,exotic,bromoides,"","",unaccepted,1,0
77140,57170,Festuca myuros,rattail sixweeks grass,species,https://inaturalist-open-data.s3.amazonaws.com/photos/381229715/medium.jpg,Vulpia myuros,species,confirmed,1,exotic,myuros,"","",unaccepted,1,0
77349,53093,Helenium autumnale,common sneezeweed,species,https://inaturalist-open-data.s3.amazonaws.com/photos/168217302/medium.jpg,Helenium autumnale,species,confirmed,1,native,autumnale,"","",accepted,1,0.008
77838,47436,Lotus tenuis,narrow-leaf bird's-foot trefoil,species,https://static.inaturalist.org/photos/74847626/medium.jpg,Lotus tenuis,species,confirmed,1,exotic,tenuis,"","",accepted,1,0.01
78499,49347,Phacelia linearis,Linearleaf Phacelia,species,https://inaturalist-open-data.s3.amazonaws.com/photos/199149595/medium.jpeg,Phacelia linearis,"",unconfirmed,0,native,linearis,"","",accepted,1,0.806
78623,48031,Platanthera dilatata,white bog orchid,species,https://inaturalist-open-data.s3.amazonaws.com/photos/140548724/medium.jpg,Platanthera dilatata,species,unconfirmed,1,native,dilatata,"","",accepted,1,0.813
78636,52809,Poa compressa,Canada bluegrass,species,https://inaturalist-open-data.s3.amazonaws.com/photos/30487560/medium.jpg,Poa compressa,species,confirmed,1,exotic,compressa,"","",accepted,1,0.015
78642,52809,Poa infirma,Early Meadow-grass,species,https://inaturalist-open-data.s3.amazonaws.com/photos/350880228/medium.jpeg,Poa infirma,species,confirmed,1,exotic,infirma,"","",accepted,1,0
78649,52809,Poa nemoralis,Wood Meadow-grass,species,https://inaturalist-open-data.s3.amazonaws.com/photos/139030997/medium.jpg,Poa nemoralis,species,confirmed,1,exotic,nemoralis,"","",accepted,1,0.043
78650,52809,Poa palustris,Swamp Meadow-grass,species,https://inaturalist-open-data.s3.amazonaws.com/photos/100147784/medium.jpeg,Poa palustris,species,unconfirmed,1,native,palustris,"","",accepted,1,0.45
78657,52809,Poa trivialis,Rough Meadow-grass,species,https://inaturalist-open-data.s3.amazonaws.com/photos/380159189/medium.jpeg,Poa trivialis,species,confirmed,1,exotic,trivialis,"","",accepted,1,0.008
78682,48972,Polygonum douglasii,Douglas' knotweed,species,https://inaturalist-open-data.s3.amazonaws.com/photos/514846183/medium.jpg,Polygonum douglasii,species,confirmed,1,native,douglasii,"","",accepted,1,0.022
78692,48972,Polygonum spergulariiforme,scatter knotweed,species,https://inaturalist-open-data.s3.amazonaws.com/photos/437445783/medium.jpeg,Polygonum spergulariiforme,species,confirmed,1,native,spergulariiforme,"","",accepted,1,0
78817,48230,Ranunculus aquatilis,common water-crowfoot,species,https://inaturalist-open-data.s3.amazonaws.com/photos/223987862/medium.jpg,Ranunculus aquatilis,species,confirmed,1,native,aquatilis,"","",accepted,1,0.082
78820,48230,Ranunculus bulbosus,bulbous buttercup,species,https://inaturalist-open-data.s3.amazonaws.com/photos/274744/medium.jpg,Ranunculus bulbosus,species,confirmed,1,exotic,bulbosus,"","",accepted,1,0
78828,48230,Ranunculus macounii,macoun's buttercup,species,https://inaturalist-open-data.s3.amazonaws.com/photos/58071502/medium.jpeg,Ranunculus macounii,"",unconfirmed,1,native,macounii,"","",accepted,1,0.892
78829,48230,Ranunculus parviflorus,smallflower buttercup,species,https://inaturalist-open-data.s3.amazonaws.com/photos/461725871/medium.jpg,Ranunculus parviflorus,species,confirmed,1,exotic,parviflorus,"","",accepted,1,0
78832,48230,Ranunculus sardous,hairy buttercup,species,https://inaturalist-open-data.s3.amazonaws.com/photos/493287669/medium.jpg,Ranunculus sardous,species,new,0,exotic,sardous,"","",accepted,1,0.5
78882,53438,Rosa multiflora,multiflora rose,species,https://inaturalist-open-data.s3.amazonaws.com/photos/252786276/medium.jpg,Rosa multiflora,species,confirmed,1,exotic,multiflora,"","",accepted,1,0
78883,53438,Rosa nutkana,Nootka rose,species,https://static.inaturalist.org/photos/132743037/medium.jpg,Rosa nutkana,species,confirmed,1,native,nutkana,"","",accepted,1,0
78887,53438,Rosa woodsii,Woods' rose,species,https://inaturalist-open-data.s3.amazonaws.com/photos/4560367/medium.jpeg,Rosa woodsii,species,new,0,native,woodsii,"","",accepted,1,0.167
79025,55735,Sedum album,white stonecrop,species,https://inaturalist-open-data.s3.amazonaws.com/photos/43927616/medium.jpg,Sedum album,species,confirmed,1,exotic,album,"","",accepted,1,0
79111,52195,Silene menziesii,Menzies' Catchfly,species,https://inaturalist-open-data.s3.amazonaws.com/photos/395601557/medium.jpg,Silene menziesii,species,confirmed,1,native,menziesii,"","",accepted,1,0
79112,52195,Silene noctiflora,Night-flowering Catchfly,species,https://inaturalist-open-data.s3.amazonaws.com/photos/397003349/medium.jpg,Silene noctiflora,species,unconfirmed,1,exotic,noctiflora,"","",accepted,1,0.777
79317,47603,Taraxacum erythrospermum,red-seeded dandelion,species,https://inaturalist-open-data.s3.amazonaws.com/photos/14322330/medium.jpeg,Taraxacum erythrospermum,species,new,1,exotic,erythrospermum,"","",accepted,1,0
79385,54142,Tragopogon pratensis,meadow salsify,species,https://inaturalist-open-data.s3.amazonaws.com/photos/91083066/medium.jpeg,Tragopogon pratensis,species,new,0,exotic,pratensis,"","",accepted,1,0.333
79408,51876,Trifolium arvense,rabbitfoot clover,species,https://inaturalist-open-data.s3.amazonaws.com/photos/444692651/medium.jpeg,Trifolium arvense,species,new,1,exotic,arvense,"","",accepted,1,0
79432,51876,Trifolium striatum,Knotted clover,species,https://inaturalist-open-data.s3.amazonaws.com/photos/431017/medium.jpg,Trifolium striatum,species,new,1,exotic,striatum,"","",accepted,1,0.053
79576,71973,Anthoxanthum aristatum aristatum,annual vernal grass,subspecies,https://static.inaturalist.org/photos/3786099/medium.jpeg,Anthoxanthum aristatum ssp. aristatum,subspecies,confirmed,1,exotic,aristatum,Anthoxanthum aristatum aristatum,"",accepted,1,0.017
79941,52797,Hordeum jubatum jubatum,foxtail barley,subspecies,https://inaturalist-open-data.s3.amazonaws.com/photos/1387680/medium.jpg,Hordeum jubatum ssp. jubatum,"","",0,native,jubatum,Hordeum jubatum jubatum,"",accepted,1,0
79949,52761,Hypericum perforatum perforatum,"",subspecies,https://inaturalist-open-data.s3.amazonaws.com/photos/5955961/medium.jpeg,Hypericum perforatum ssp. perforatum,complex,confirmed,1,exotic,perforatum,Hypericum perforatum perforatum,"",accepted,1,0
79961,52643,Juncus effusus effusus,common rush,subspecies,https://inaturalist-open-data.s3.amazonaws.com/photos/31174426/medium.jpeg,Juncus effusus ssp. effusus,subspecies,new,1,native,effusus,Juncus effusus effusus,"",accepted,1,0.101
79971,47203,Lepidium virginicum menziesii,Menzies' pepperweed,subspecies,https://inaturalist-open-data.s3.amazonaws.com/photos/410139/medium.jpg,Lepidium virginicum ssp. menziesii,subspecies,confirmed,1,native,virginicum,Lepidium virginicum menziesii,"",accepted,1,0
80082,72264,Onopordum acanthium acanthium,Cotton Thistle,subspecies,https://inaturalist-open-data.s3.amazonaws.com/photos/72875916/medium.jpeg,Onopordum acanthium ssp. acanthium,species,new,1,exotic,acanthium,Onopordum acanthium acanthium,"",accepted,1,0
80130,47561,Pinus contorta contorta,Shore Pine,variety,https://inaturalist-open-data.s3.amazonaws.com/photos/425521/medium.JPG,Pinus contorta var. contorta,variety,confirmed,1,native,contorta,"",Pinus contorta contorta,accepted,1,0
80219,53270,Sonchus arvensis arvensis,glandular field sowthistle,subspecies,https://inaturalist-open-data.s3.amazonaws.com/photos/5851127/medium.jpg,Sonchus arvensis ssp. arvensis,subspecies,new,0,exotic,arvensis,Sonchus arvensis arvensis,"",accepted,1,0.333
80276,50829,Viola praemorsa praemorsa,"",variety,https://inaturalist-open-data.s3.amazonaws.com/photos/7386895/medium.jpg,Viola praemorsa var. praemorsa,variety,confirmed,1,native,praemorsa,"",Viola praemorsa praemorsa,accepted,1,0
80332,52829,Agoseris grandiflora leptophylla,Puget Sound agoseris,variety,https://inaturalist-open-data.s3.amazonaws.com/photos/4018912/medium.JPG,Agoseris grandiflora var. leptophylla,variety,confirmed,1,native,grandiflora,"",Agoseris grandiflora leptophylla,accepted,1,0
80355,58365,Alopecurus aequalis aequalis,Short-awn Foxtail,variety,https://inaturalist-open-data.s3.amazonaws.com/photos/18440898/medium.jpeg,Alopecurus aequalis var. aequalis,species,confirmed,1,native,aequalis,"",Alopecurus aequalis aequalis,accepted,1,0.023
80360,49230,Amelanchier alnifolia semi-integrifolia,Pacific saskatoon,variety,https://inaturalist-open-data.s3.amazonaws.com/photos/2863176/medium.JPG,Amelanchier alnifolia var. semiintegrifolia,variety,confirmed,1,native,alnifolia,"",Amelanchier alnifolia semi-integrifolia,unaccepted,1,0
80614,49445,Corallorhiza maculata maculata,Eastern spotted coralroot,variety,https://inaturalist-open-data.s3.amazonaws.com/photos/26134532/medium.jpeg,Corallorhiza maculata var. maculata,variety,new,0,native,maculata,"",Corallorhiza maculata maculata,accepted,1,0.6
80615,49445,Corallorhiza maculata occidentalis,Western spotted coralroot,variety,https://static.inaturalist.org/photos/130395248/medium.jpeg,Corallorhiza maculata var. occidentalis,variety,new,0,native,maculata,"",Corallorhiza maculata occidentalis,accepted,1,0.067
80645,56932,Cuscuta pacifica pacifica,"",variety,https://inaturalist-open-data.s3.amazonaws.com/photos/1762269/medium.jpg,Cuscuta pacifica var. pacifica,variety,confirmed,1,native,pacifica,"",Cuscuta pacifica pacifica,accepted,1,0
80678,72104,Drymocallis glandulosa glandulosa,"",variety,https://inaturalist-open-data.s3.amazonaws.com/photos/5275/medium.jpg,Drymocallis glandulosa var. glandulosa,species,confirmed,1,native,glandulosa,"",Drymocallis glandulosa glandulosa,accepted,1,0
80890,50630,Erysimum capitatum purshii,Pursh's wallflower,variety,https://inaturalist-open-data.s3.amazonaws.com/photos/1854509/medium.jpg,Erysimum capitatum var. purshii,species,new,0,native,capitatum,"",Erysimum capitatum purshii,accepted,1,0
81286,53186,Potentilla gracilis gracilis,slender cinquefoil,variety,https://inaturalist-open-data.s3.amazonaws.com/photos/7946156/medium.jpeg,Potentilla gracilis var. gracilis,variety,confirmed,1,native,gracilis,"",Potentilla gracilis gracilis,accepted,1,0
81287,52765,Prunella vulgaris vulgaris,Eurasian Self-heal,subspecies,https://inaturalist-open-data.s3.amazonaws.com/photos/926573/medium.jpg,Prunella vulgaris var. vulgaris,subspecies,new,1,exotic,vulgaris,Prunella vulgaris vulgaris,"",accepted,1,0.167
81372,49917,Sisyrinchium idahoense idahoense,Idaho Blue-eyed Grass (Idaho),variety,https://inaturalist-open-data.s3.amazonaws.com/photos/7828297/medium.jpg,Sisyrinchium idahoense var. idahoense,variety,new,0,native,idahoense,"",Sisyrinchium idahoense idahoense,accepted,1,0.6
81431,72402,Torreyochloa pallida pauciflora,weak manna grass,variety,https://inaturalist-open-data.s3.amazonaws.com/photos/80107186/medium.jpeg,Torreyochloa pallida var. pauciflora,variety,confirmed,1,native,pallida,"",Torreyochloa pallida pauciflora,accepted,1,0.009
82740,50321,Lathyrus sylvestris,Narrow-leaved Everlasting-pea,species,https://inaturalist-open-data.s3.amazonaws.com/photos/42557776/medium.jpg,Lathyrus sylvestris,species,new,0,exotic,sylvestris,"","",accepted,1,0
83653,53438,Rosa rugosa,rugosa rose,species,https://static.inaturalist.org/photos/74197363/medium.jpg,Rosa rugosa,species,new,0,exotic,rugosa,"","",accepted,1,0
116364,47357,Allium cernuum,nodding onion,species,https://static.inaturalist.org/photos/218716747/medium.jpg,Allium cernuum,species,confirmed,1,native,cernuum,"","",accepted,1,0
117496,50299,Fragaria virginiana glauca,Smooth Wild Strawberry,subspecies,https://inaturalist-open-data.s3.amazonaws.com/photos/83891342/medium.jpg,Fragaria virginiana ssp. glauca,"",unconfirmed,1,native,virginiana,Fragaria virginiana glauca,"",accepted,1,0.813
118426,57185,Leymus mollis mollis,"",subspecies,https://inaturalist-open-data.s3.amazonaws.com/photos/309516/medium.JPG,Leymus mollis ssp. mollis,subspecies,confirmed,1,native,mollis,Leymus mollis mollis,"",accepted,1,0
127326,48571,Carex pensylvanica,Pennsylvania sedge,species,https://inaturalist-open-data.s3.amazonaws.com/photos/1811877/medium.jpg,Carex pensylvanica,species,unconfirmed,1,unknown,pensylvanica,"","",accepted,1,0.559
128038,55818,Corydalis flavula,Yellow Corydalis,species,https://inaturalist-open-data.s3.amazonaws.com/photos/356576275/medium.jpeg,Corydalis flavula,species,new,0,exotic,flavula,"","",accepted,1,0
131215,49445,Corallorhiza striata striata,"",variety,https://inaturalist-open-data.s3.amazonaws.com/photos/273703/medium.jpg,Corallorhiza striata var. striata,variety,confirmed,1,native,striata,"",Corallorhiza striata striata,accepted,1,0
131218,48031,Platanthera orbiculata,Round-leaved Bog Orchid,species,https://inaturalist-open-data.s3.amazonaws.com/photos/220577635/medium.jpg,Platanthera orbiculata,"",unconfirmed,1,native,orbiculata,"","",accepted,1,0.691
131222,48031,Platanthera huronensis,green bog orchid,species,https://inaturalist-open-data.s3.amazonaws.com/photos/404678856/medium.jpg,Platanthera huronensis,"","",0,native,huronensis,"","",accepted,1,0
148953,128807,Dichanthelium lanuginosum,peat grass,species,https://inaturalist-open-data.s3.amazonaws.com/photos/293505576/medium.jpeg,Dichanthelium acuminatum var. fasciculatum,variety,unconfirmed,1,native,lanuginosum,"","",unaccepted,1,0.667
153412,55818,Corydalis scouleri,Scouler's Corydalis,species,https://static.inaturalist.org/photos/127603915/medium.jpeg,Corydalis scouleri,species,unconfirmed,0,native,scouleri,"","",accepted,1,0.475
157924,52818,Achillea filipendulina,Fern-leaf Yarrow,species,https://inaturalist-open-data.s3.amazonaws.com/photos/80354622/medium.jpg,Achillea filipendulina,species,new,1,exotic,filipendulina,"","",accepted,1,0
159467,52701,Bromus marginatus,mountain brome,species,https://inaturalist-open-data.s3.amazonaws.com/photos/263830002/medium.jpeg,Bromus sitchensis var. marginatus,variety,confirmed,1,native,marginatus,"","",unaccepted,1,0.194
159858,48571,Carex acutiformis,lesser pond sedge,species,https://inaturalist-open-data.s3.amazonaws.com/photos/192406355/medium.jpeg,Carex acutiformis,species,unconfirmed,1,exotic,acutiformis,"","",accepted,1,0.883
159956,48571,Carex garberi,Elk Sedge,species,https://inaturalist-open-data.s3.amazonaws.com/photos/73471634/medium.jpg,Carex garberi,subspecies,unconfirmed,1,native,garberi,"","",accepted,1,0.903
160006,48571,Carex macrocephala,big-head sedge,species,https://inaturalist-open-data.s3.amazonaws.com/photos/204181539/medium.jpg,Carex macrocephala,species,confirmed,1,native,macrocephala,"","",accepted,1,0
160070,48571,Carex pluriflora,Several-flowered Sedge,species,https://static.inaturalist.org/photos/19887041/medium.jpg,Carex pluriflora,species,confirmed,1,native,pluriflora,"","",accepted,1,0.088
164708,52800,Lolium arundinaceum,tall fescue,species,https://inaturalist-open-data.s3.amazonaws.com/photos/55763040/medium.jpeg,Schedonorus arundinaceus,species,confirmed,1,exotic,arundinaceum,"","",unaccepted,1,0
164712,52800,Lolium temulentum,Darnel Ryegrass,species,https://static.inaturalist.org/photos/283209808/medium.jpg,Lolium temulentum,species,new,0,exotic,temulentum,"","",accepted,1,0.014
164763,51874,Lonicera fragrantissima,Winter honeysuckle,species,https://inaturalist-open-data.s3.amazonaws.com/photos/68979491/medium.jpeg,Lonicera fragrantissima,species,new,0,exotic,fragrantissima,"","",accepted,1,0.2
167223,48972,Polygonum achoreum,Leathery Knotweed,species,https://inaturalist-open-data.s3.amazonaws.com/photos/420115270/medium.jpeg,Polygonum achoreum,species,unconfirmed,1,native,achoreum,"","",accepted,1,0.472
167464,47351,Prunus hortulana,Hortulan Plum,species,https://static.inaturalist.org/photos/35020144/medium.jpg,Prunus hortulana,species,unconfirmed,1,unknown,hortulana,"","",accepted,1,0.201
167724,48230,Ranunculus gmelinii,Small Yellow Water-crowfoot,species,https://inaturalist-open-data.s3.amazonaws.com/photos/208612306/medium.jpeg,Ranunculus gmelinii,species,unconfirmed,1,native,gmelinii,"","",accepted,1,0.245
181580,53305,Torilis arvensis arvensis,Field Hedge-parsley,subspecies,https://inaturalist-open-data.s3.amazonaws.com/photos/79742456/medium.jpeg,Torilis arvensis ssp. arvensis,species,new,0,exotic,arvensis,Torilis arvensis arvensis,"",accepted,1,0.167
181685,58388,Sorghum bicolor bicolor,grain sorghum,subspecies,https://inaturalist-open-data.s3.amazonaws.com/photos/247834772/medium.jpg,Sorghum bicolor ssp. bicolor,species,new,0,exotic,bicolor,Sorghum bicolor bicolor,"",accepted,1,0.8
181809,60301,Panicum miliaceum ruderale,Proso Millet,subspecies,https://inaturalist-open-data.s3.amazonaws.com/photos/20607170/medium.jpeg,Panicum miliaceum ssp. ruderale,"",unconfirmed,1,exotic,miliaceum,Panicum miliaceum ruderale,"",accepted,1,0.252
181919,54570,Mentha × gracilis,Bushy Mint,hybrid,https://inaturalist-open-data.s3.amazonaws.com/photos/226984939/medium.jpg,Mentha gracilis,"",unconfirmed,1,exotic,"","","",invalid,1,0.259
234668,52163,Cakile edentula edentula,Eastern Searocket,subspecies,https://inaturalist-open-data.s3.amazonaws.com/photos/153055687/medium.jpg,Cakile edentula var. edentula,variety,confirmed,1,exotic,edentula,Cakile edentula edentula,"",accepted,1,0
236440,52797,Hordeum jubatum intermedium,Intermediate Barley,subspecies,https://inaturalist-open-data.s3.amazonaws.com/photos/4165750/medium.JPG,Hordeum jubatum ssp. intermedium,subspecies,unconfirmed,1,native,jubatum,Hordeum jubatum intermedium,"",accepted,1,0.817
237798,57193,Phleum pratense pratense,Meadow Timothy,subspecies,https://inaturalist-open-data.s3.amazonaws.com/photos/2349287/medium.jpg,Phleum pratense ssp. pratense,species,confirmed,1,exotic,pratense,Phleum pratense pratense,"",accepted,1,0
239373,71988,Arrhenatherum elatius elatius,False Oat-grass,subspecies,https://static.inaturalist.org/photos/1256927/medium.,Arrhenatherum elatius ssp. elatius,subspecies,unconfirmed,1,exotic,elatius,Arrhenatherum elatius elatius,"",accepted,1,0.337
240226,58375,Cynodon dactylon dactylon,Bermuda Grass,variety,https://inaturalist-open-data.s3.amazonaws.com/photos/6063329/medium.jpeg,Cynodon dactylon var. dactylon,"",unconfirmed,1,exotic,dactylon,"",Cynodon dactylon dactylon,accepted,1,0.914
240700,53396,Eriophyllum lanatum leucophyllum,"",variety,https://inaturalist-open-data.s3.amazonaws.com/photos/8336830/medium.jpg,Eriophyllum lanatum var. leucophyllum,variety,confirmed,1,native,lanatum,"",Eriophyllum lanatum leucophyllum,accepted,1,0
240796,57170,Festuca roemeri roemeri,Oregon Fescue,variety,https://static.inaturalist.org/photos/73476763/medium.jpeg,Festuca roemeri var. roemeri,species,confirmed,1,native,roemeri,"",Festuca roemeri roemeri,accepted,1,0
242446,47351,Prunus serotina serotina,Eastern Black Cherry,variety,https://inaturalist-open-data.s3.amazonaws.com/photos/2332523/medium.JPG,Prunus serotina var. serotina,species,new,0,exotic,serotina,"",Prunus serotina serotina,accepted,1,0.087
290553,48571,Carex kelloggii,Kellogg's Sedge,species,https://inaturalist-open-data.s3.amazonaws.com/photos/464701659/medium.jpeg,Carex kelloggii,species,confirmed,1,native,kelloggii,"","",accepted,1,0.009
337699,52163,Cakile maritima maritima,"",subspecies,https://inaturalist-open-data.s3.amazonaws.com/photos/5479956/medium.jpeg,Cakile maritima ssp. maritima,species,confirmed,1,exotic,maritima,Cakile maritima maritima,"",accepted,1,0
355392,48031,Platanthera transversa,Flat Spurred Piperia,species,https://inaturalist-open-data.s3.amazonaws.com/photos/396981/medium.jpg,Platanthera transversa,species,confirmed,1,native,transversa,"","",accepted,1,0.018
360186,54570,Mentha piperita citrata,Eau de Cologne Mint,form,https://inaturalist-open-data.s3.amazonaws.com/photos/6868582/medium.jpg,Mentha piperita,hybrid,new,0,native,"","","",invalid,1,0.029
452199,49445,Corallorhiza maculata ozettensis,Ozette Coralroot,variety,https://inaturalist-open-data.s3.amazonaws.com/photos/8335013/medium.jpg,Corallorhiza maculata var. ozettensis,variety,new,0,native,maculata,"",Corallorhiza maculata ozettensis,accepted,1,0.125
473217,48031,Platanthera ephemerantha,Whiteflower Rein Orchid,species,https://inaturalist-open-data.s3.amazonaws.com/photos/43176782/medium.jpg,Platanthera ephemerantha,species,new,0,native,ephemerantha,"","",accepted,1,0
485191,52195,Silene coronaria,Rose campion,species,https://static.inaturalist.org/photos/143831898/medium.jpg,Lychnis coronaria,species,new,1,exotic,coronaria,"","",unaccepted,1,0
486980,48230,Ranunculus trichophyllus,Thread-leaved Water-crowfoot,species,https://inaturalist-open-data.s3.amazonaws.com/photos/215150815/medium.jpg,Ranunculus aquatilis var. diffusus,species,unconfirmed,1,native,trichophyllus,"","",unaccepted,1,0.288
487175,55820,Primula hendersonii,Henderson's shooting star,species,https://static.inaturalist.org/photos/118338903/medium.jpg,Dodecatheon hendersonii,species,confirmed,1,native,hendersonii,"","",unaccepted,1,0
491173,51611,Veronica peregrina xalapensis,hairy purslane speedwell,subspecies,https://inaturalist-open-data.s3.amazonaws.com/photos/7764889/medium.jpg,Veronica peregrina var. xalapensis,subspecies,confirmed,1,native,peregrina,Veronica peregrina xalapensis,"",accepted,1,0.061
494316,48571,Carex zikae,short-stemmed sedge,species,https://inaturalist-open-data.s3.amazonaws.com/photos/755832/medium.jpg,Carex zikae,species,confirmed,1,native,zikae,"","",accepted,1,0.14
498086,55820,Primula pauciflora,dark-throated shooting star,species,https://inaturalist-open-data.s3.amazonaws.com/photos/197377759/medium.jpg,Primula pauciflora,species,confirmed,1,native,pauciflora,"","",accepted,1,0
517683,48230,Ranunculus reptans,Creeping Spearwort,species,https://inaturalist-open-data.s3.amazonaws.com/photos/150981511/medium.jpeg,Ranunculus flammula var. reptans,subspecies,unconfirmed,1,unknown,reptans,"","",unaccepted,1,0.516
551466,48031,Platanthera elongata,Denseflower Rein Orchid,species,https://inaturalist-open-data.s3.amazonaws.com/photos/46588768/medium.jpeg,Platanthera elongata,species,confirmed,1,native,elongata,"","",accepted,1,0.028
634625,57976,Filago germanica,Common Cudweed,species,https://inaturalist-open-data.s3.amazonaws.com/photos/46514976/medium.jpg,Filago vulgaris,species,new,1,exotic,germanica,"","",unaccepted,1,0.1
636557,52792,Elymus trachycaulus trachycaulus,slender wheatgrass,subspecies,https://inaturalist-open-data.s3.amazonaws.com/photos/146511572/medium.jpg,Elymus trachycaulus ssp. trachycaulus,subspecies,unconfirmed,1,native,trachycaulus,Elymus trachycaulus trachycaulus,"",accepted,1,0.441
707386,55460,Lamium galeobdolon argentatum,Variegated Yellow Archangel,subspecies,https://inaturalist-open-data.s3.amazonaws.com/photos/1882110/medium.jpg,Lamium galeobdolon subs. argentatum,species,new,0,exotic,galeobdolon,Lamium galeobdolon argentatum,"",accepted,1,0
712269,48561,Cirsium edule macounii,"",variety,https://inaturalist-open-data.s3.amazonaws.com/photos/460887454/medium.jpg,Cirsium edule var. macounii,variety,confirmed,1,native,edule,"",Cirsium edule macounii,accepted,1,0
840638,48031,Platanthera unalascensis,Alaska Rein Orchid,species,https://static.inaturalist.org/photos/212338272/medium.jpg,Platanthera unalascensis,species,confirmed,1,native,unalascensis,"","",accepted,1,0
866483,56023,Alchemilla arvensis,Field Parsley Piert,species,https://inaturalist-open-data.s3.amazonaws.com/photos/374282480/medium.jpg,Aphanes arvensis,species,confirmed,1,exotic,arvensis,"","",accepted,1,0
933404,48160,Centaurea cyanus,Cornflower,species,https://static.inaturalist.org/photos/120728857/medium.jpeg,Centaurea cyanus,species,confirmed,1,exotic,cyanus,"","",accepted,1,0
947668,48436,Adiantum aleuticum aleuticum,Western Maidenhair Fern,variety,https://inaturalist-open-data.s3.amazonaws.com/photos/72251463/medium.jpeg,Adiantum aleuticum var. aleuticum,variety,confirmed,1,native,aleuticum,"",Adiantum aleuticum aleuticum,accepted,1,0
956480,156879,Argentina anserina groenlandica,Arctic Silverweed,subspecies,https://inaturalist-open-data.s3.amazonaws.com/photos/30543195/medium.jpeg,Potentilla anserina ssp. egedii,subspecies,confirmed,1,unknown,anserina,Argentina anserina groenlandica,"",accepted,1,0.113
995125,55412,Raphanus raphanistrum sativus,garden radish,subspecies,https://inaturalist-open-data.s3.amazonaws.com/photos/28387821/medium.jpeg,Raphanus sativus,species,confirmed,1,exotic,raphanistrum,Raphanus raphanistrum sativus,"",unaccepted,1,0.016
1363872,56023,Alchemilla microcarpa,"",species,https://inaturalist-open-data.s3.amazonaws.com/photos/1816472/medium.jpeg,Alchemilla microcarpa,species,unconfirmed,1,exotic,microcarpa,"","",accepted,1,0.338
1363874,56023,Alchemilla australis,Slender parsley-piert,species,https://inaturalist-open-data.s3.amazonaws.com/photos/208703556/medium.jpg,Aphanes australis,species,confirmed,1,exotic,australis,"","",unaccepted,1,0
1377236,57170,Festuca microstachys pauciflora,Pacific Fescue,variety,https://static.inaturalist.org/photos/4966083/medium.jpg,Vulpia microstachys var. pauciflora,species,confirmed,1,native,microstachys,"",Festuca microstachys pauciflora,unaccepted,1,0.012
1429814,47436,Lotus pedunculatus pedunculatus,marsh lotus,subspecies,https://static.inaturalist.org/photos/245690695/medium.jpeg,Lotus uliginosus,"",unconfirmed,1,exotic,pedunculatus,Lotus pedunculatus pedunculatus,"",unaccepted,1,0.266
1452907,56023,Alchemilla occidentalis,western lady's mantle,species,https://inaturalist-open-data.s3.amazonaws.com/photos/272953944/medium.jpg,Aphanes occidentalis,species,new,0,native,occidentalis,"","",accepted,1,0
1511127,52713,Calamagrostis arenaria arenaria,"",subspecies,https://inaturalist-open-data.s3.amazonaws.com/photos/512929383/medium.jpg,Ammophila arenaria ssp. arenaria,subspecies,confirmed,1,exotic,arenaria,Calamagrostis arenaria arenaria,"",unaccepted,1,0.012
47779,47780,Iris pseudacorus,Yellow Iris,species,https://static.inaturalist.org/photos/132791736/medium.jpeg,Iris pseudacorus,species,confirmed,1,exotic,pseudacorus,"","",accepted,1,0
50717,50716,Epipactis helleborine,Broad-leaved helleborine,species,https://inaturalist-open-data.s3.amazonaws.com/photos/70711190/medium.jpg,Epipactis helleborine,species,confirmed,1,exotic,helleborine,"","",accepted,1,0
53179,48972,Polygonum arenastrum,Oval Leaf Knotweed,species,https://inaturalist-open-data.s3.amazonaws.com/photos/425788614/medium.jpg,Polygonum arenastrum,species,confirmed,1,exotic,arenastrum,"","",accepted,1,0.011
55171,53113,Brassica rapa rapa,Turnip,subspecies,https://inaturalist-open-data.s3.amazonaws.com/photos/1876992/medium.jpg,Brassica rapa var. rapa,variety,confirmed,1,exotic,rapa,Brassica rapa rapa,"",accepted,1,0.168
55766,51822,Euphorbia cyparissias,cypress spurge,species,https://inaturalist-open-data.s3.amazonaws.com/photos/283012730/medium.jpeg,Euphorbia cyparissias,species,new,0,exotic,cyparissias,"","",accepted,1,0
55769,55770,Crocus vernus,Spring Crocus,species,https://static.inaturalist.org/photos/282771894/medium.jpeg,Crocus vernus,species,new,0,exotic,vernus,"","",accepted,1,0
55823,55824,Draba verna,Common Whitlowgrass,species,https://inaturalist-open-data.s3.amazonaws.com/photos/187164508/medium.jpg,Draba verna,species,confirmed,1,exotic,verna,"","",accepted,1,0
55884,53438,Rosa canina,Dog-rose,species,https://inaturalist-open-data.s3.amazonaws.com/photos/43901474/medium.jpeg,Rosa canina,species,new,0,exotic,canina,"","",accepted,1,0
56137,56138,Ornithogalum umbellatum,common star-of-Bethlehem,species,https://static.inaturalist.org/photos/5094071/medium.jpg,Ornithogalum umbellatum,species,confirmed,1,exotic,umbellatum,"","",accepted,1,0
56292,51822,Euphorbia helioscopia,Sun spurge,species,https://inaturalist-open-data.s3.amazonaws.com/photos/454705698/medium.jpg,Euphorbia helioscopia,species,new,1,exotic,helioscopia,"","",accepted,1,0.111
56861,56112,Symphyotrichum chilense,Pacific Aster,species,https://inaturalist-open-data.s3.amazonaws.com/photos/2059931/medium.jpg,Symphyotrichum chilense,species,confirmed,1,native,chilense,"","",accepted,1,0
57036,51822,Euphorbia peplus,Petty Spurge,species,https://inaturalist-open-data.s3.amazonaws.com/photos/51646215/medium.jpg,Euphorbia peplus,species,new,1,exotic,peplus,"","",accepted,1,0
57479,55737,Sanguisorba minor balearica,Fodder Burnet,subspecies,https://inaturalist-open-data.s3.amazonaws.com/photos/171021570/medium.jpg,Poterium sanguisorba var. polygamum,species,confirmed,1,exotic,minor,Sanguisorba minor balearica,"",unaccepted,1,0
58383,52809,Poa secunda secunda,one-sided bluegrass,subspecies,https://inaturalist-open-data.s3.amazonaws.com/photos/13527343/medium.jpg,Poa secunda ssp. secunda,subspecies,confirmed,1,native,secunda,Poa secunda secunda,"",accepted,1,0
58893,51822,Euphorbia maculata,Spotted spurge,species,https://inaturalist-open-data.s3.amazonaws.com/photos/521409024/medium.jpg,Euphorbia maculata,species,new,1,exotic,maculata,"","",accepted,1,0.059
64176,51876,Trifolium depauperatum depauperatum,dwarf sack clover,variety,https://inaturalist-open-data.s3.amazonaws.com/photos/117730236/medium.jpeg,Trifolium depauperatum var. depauperatum,variety,confirmed,1,native,depauperatum,"",Trifolium depauperatum depauperatum,accepted,1,0
76210,48160,Centaurea diffusa,diffuse knapweed,species,https://inaturalist-open-data.s3.amazonaws.com/photos/3297864/medium.JPG,Centaurea diffusa,species,new,1,exotic,diffusa,"","",accepted,1,0
76469,51148,Crataegus douglasii,Black Hawthorn,species,https://inaturalist-open-data.s3.amazonaws.com/photos/66932638/medium.jpg,Crataegus douglasii,species,confirmed,1,native,douglasii,"","",accepted,1,0
76470,51148,Crataegus gaylussacia,Klamath hawthorn,species,https://inaturalist-open-data.s3.amazonaws.com/photos/29804205/medium.jpeg,Crataegus gaylussacia,species,confirmed,1,native,gaylussacia,"","",accepted,1,0.012
77114,51822,Euphorbia lathyris,caper spurge,species,https://inaturalist-open-data.s3.amazonaws.com/photos/166957627/medium.jpg,Euphorbia lathyris,species,new,0,exotic,lathyris,"","",accepted,1,0
77117,51822,Euphorbia oblongata,eggleaf spurge,species,https://inaturalist-open-data.s3.amazonaws.com/photos/94593701/medium.jpg,Euphorbia oblongata,species,new,1,exotic,oblongata,"","",accepted,1,0
77120,51822,Euphorbia virgata,slender leafy spurge,species,https://inaturalist-open-data.s3.amazonaws.com/photos/202630502/medium.jpg,Euphorbia virgata,species,new,1,exotic,virgata,"","",accepted,1,0.158
78678,48972,Polygonum aviculare,Prostrate Knotweed,species,https://inaturalist-open-data.s3.amazonaws.com/photos/61530524/medium.jpeg,Polygonum aviculare,species,confirmed,1,exotic,aviculare,"","",accepted,1,0.011
78886,53438,Rosa rubiginosa,Sweet-brier,species,https://inaturalist-open-data.s3.amazonaws.com/photos/26171838/medium.jpg,Rosa rubiginosa var. rubiginosa,species,confirmed,1,exotic,rubiginosa,"","",invalid,1,0
79295,56112,Symphyotrichum bracteolatum,Eaton's aster,species,https://inaturalist-open-data.s3.amazonaws.com/photos/89506767/medium.jpeg,Symphyotrichum bracteolatum,species,unconfirmed,1,native,bracteolatum,"","",accepted,1,0.424
79303,56112,Symphyotrichum subspicatum,Douglas' Aster,species,https://inaturalist-open-data.s3.amazonaws.com/photos/419066838/medium.jpeg,Symphyotrichum subspicatum,species,confirmed,1,native,subspicatum,"","",accepted,1,0
79673,48571,Carex canescens canescens,"",subspecies,https://inaturalist-open-data.s3.amazonaws.com/photos/1425414/medium.jpg,Carex canescens ssp. canescens,subspecies,unconfirmed,1,native,canescens,Carex canescens canescens,"",accepted,1,0.381
79676,48571,Carex echinata phyllomanica,coastal star sedge,subspecies,https://inaturalist-open-data.s3.amazonaws.com/photos/539741689/medium.jpg,Carex echinata ssp. phyllomanica,subspecies,unconfirmed,1,native,echinata,Carex echinata phyllomanica,"",accepted,1,0.831
79677,48571,Carex inops inops,Long-rhizomed Sedge,subspecies,https://static.inaturalist.org/photos/8088509/medium.jpg,Carex inops ssp. inops,subspecies,confirmed,1,native,inops,Carex inops inops,"",accepted,1,0
80156,48972,Polygonum fowleri fowleri,"",subspecies,https://inaturalist-open-data.s3.amazonaws.com/photos/257457766/medium.jpeg,Polygonum fowleri ssp. fowleri,"",unconfirmed,1,native,fowleri,Polygonum fowleri fowleri,"",accepted,1,0.806
80175,53438,Rosa pisocarpa pisocarpa,pea rose,subspecies,https://inaturalist-open-data.s3.amazonaws.com/photos/155750675/medium.jpg,Rosa pisocarpa ssp. pisocarpa,species,confirmed,1,native,pisocarpa,Rosa pisocarpa pisocarpa,"",accepted,1,0
80215,52195,Silene scouleri scouleri,Scouler's catchfly,subspecies,https://inaturalist-open-data.s3.amazonaws.com/photos/13634/medium.jpg,Silene scouleri ssp. scouleri,subspecies,confirmed,1,native,scouleri,Silene scouleri scouleri,"",accepted,1,0.008
80511,48571,Carex aquatilis dives,Sitka sedge,variety,https://inaturalist-open-data.s3.amazonaws.com/photos/1425411/medium.jpg,Carex aquatilis var. dives,variety,confirmed,1,native,aquatilis,"",Carex aquatilis dives,accepted,1,0.007
80520,48571,Carex stipata stipata,common awl-fruited sedge,variety,https://inaturalist-open-data.s3.amazonaws.com/photos/3881762/medium.jpg,Carex stipata var. stipata,species,confirmed,1,native,stipata,"",Carex stipata stipata,accepted,1,0
81040,51874,Lonicera involucrata involucrata,bearberry honeysuckle,variety,https://inaturalist-open-data.s3.amazonaws.com/photos/13513092/medium.jpg,Lonicera involucrata var. involucrata,variety,confirmed,1,native,involucrata,"",Lonicera involucrata involucrata,accepted,1,0
81317,48230,Ranunculus alismifolius alismifolius,plantainleaf buttercup,variety,https://static.inaturalist.org/photos/141782/medium.jpg,Ranunculus alismifolius var. alismifolius,variety,confirmed,1,native,alismifolius,"",Ranunculus alismifolius alismifolius,accepted,1,0
81335,48230,Ranunculus occidentalis occidentalis,"",variety,https://inaturalist-open-data.s3.amazonaws.com/photos/409846/medium.jpg,Ranunculus occidentalis var. occidentalis,variety,confirmed,1,native,occidentalis,"",Ranunculus occidentalis occidentalis,accepted,1,0
81338,48230,Ranunculus orthorhynchus orthorhynchus,Straight-beak Buttercup,variety,https://inaturalist-open-data.s3.amazonaws.com/photos/38111325/medium.jpeg,Ranunculus orthorhynchus var. orthorhynchus,species,confirmed,1,native,orthorhynchus,"",Ranunculus orthorhynchus orthorhynchus,accepted,1,0
81350,53438,Rosa gymnocarpa gymnocarpa,"",variety,https://inaturalist-open-data.s3.amazonaws.com/photos/948233/medium.jpg,Rosa gymnocarpa var. gymnocarpa,species,confirmed,1,native,gymnocarpa,"",Rosa gymnocarpa gymnocarpa,accepted,1,0
82511,51822,Euphorbia myrsinites,Donkey Tail,species,https://inaturalist-open-data.s3.amazonaws.com/photos/583744/medium.jpg,Euphorbia myrsinites,species,new,0,exotic,myrsinites,"","",accepted,1,0
85484,48571,Carex flava,yellow-green sedge,species,https://inaturalist-open-data.s3.amazonaws.com/photos/547994829/medium.jpg,Carex flava,"",unconfirmed,1,native,flava,"","",accepted,1,0.993
126575,48160,Centaurea nigra,black knapweed,species,https://static.inaturalist.org/photos/45362818/medium.jpg,Centaurea nigra,species,new,1,exotic,nigra,"","",accepted,1,0.053
128683,52195,Silene latifolia alba,evening lychnis,subspecies,https://inaturalist-open-data.s3.amazonaws.com/photos/83120416/medium.jpg,Silene latifolia ssp. alba,species,confirmed,1,exotic,latifolia,Silene latifolia alba,"",accepted,1,0
160277,48160,Centaurea nigrescens,Tyrol knapweed,species,https://inaturalist-open-data.s3.amazonaws.com/photos/22914894/medium.jpg,Centaurea nigrescens,"",new,0,exotic,nigrescens,"","",accepted,1,0.137
160278,48160,Centaurea paniculata,Jersey Knapweed,species,https://inaturalist-open-data.s3.amazonaws.com/photos/172556215/medium.jpeg,Centaurea paniculata,species,unconfirmed,1,exotic,paniculata,"","",accepted,1,0.496
162822,51822,Euphorbia exigua,Dwarf Spurge,species,https://inaturalist-open-data.s3.amazonaws.com/photos/40147614/medium.jpeg,Euphorbia exigua,species,unconfirmed,1,exotic,exigua,"","",accepted,1,0.93
163791,55910,Hieracium maculatum,Spotted Hawkweed,species,https://inaturalist-open-data.s3.amazonaws.com/photos/7587525/medium.jpeg,Hieracium maculatum,species,new,1,exotic,maculatum,"","",accepted,1,0.053
169753,81754,Thymus pulegioides,Large Thyme,species,https://inaturalist-open-data.s3.amazonaws.com/photos/45175242/medium.jpg,Thymus pulegioides,species,new,0,exotic,pulegioides,"","",accepted,1,0.333
180413,49487,Rhododendron groenlandicum,Bog Labrador Tea,species,https://inaturalist-open-data.s3.amazonaws.com/photos/44570815/medium.jpeg,Rhododendron groenlandicum,species,new,0,native,groenlandicum,"","",accepted,1,0
235436,55818,Corydalis aurea aurea,"",subspecies,https://inaturalist-open-data.s3.amazonaws.com/photos/8066101/medium.jpeg,Corydalis aurea ssp. aurea,"",unconfirmed,0,native,aurea,Corydalis aurea aurea,"",accepted,1,0.482
238319,53438,Rosa acicularis sayi,"",subspecies,https://static.inaturalist.org/photos/9363479/medium.jpg,Rosa acicularis ssp. sayi,species,new,0,native,acicularis,Rosa acicularis sayi,"",accepted,1,0
238331,53196,Rumex acetosa acetosa,Common Sorrel,subspecies,https://inaturalist-open-data.s3.amazonaws.com/photos/164749216/medium.jpg,Rumex acetosa ssp. acetosa,species,new,1,exotic,acetosa,Rumex acetosa acetosa,"",accepted,1,0
239144,47357,Allium geyeri tenerum,Bulbil Onion,variety,https://inaturalist-open-data.s3.amazonaws.com/photos/12212261/medium.jpg,Allium geyeri var. tenerum,variety,confirmed,1,native,geyeri,"",Allium geyeri tenerum,accepted,1,0.009
239682,52701,Bromus sitchensis aleutensis,Aleutian brome,variety,https://inaturalist-open-data.s3.amazonaws.com/photos/535140090/medium.jpg,Bromus sitchensis var. aleutensis,variety,unconfirmed,1,native,sitchensis,"",Bromus sitchensis aleutensis,accepted,1,0.304
239683,52701,Bromus sitchensis sitchensis,"",variety,https://inaturalist-open-data.s3.amazonaws.com/photos/27668410/medium.jpeg,Bromus sitchensis var. sitchensis,variety,unconfirmed,1,native,sitchensis,"",Bromus sitchensis sitchensis,accepted,1,0.983
239769,48571,Carex deweyana deweyana,"",variety,https://inaturalist-open-data.s3.amazonaws.com/photos/208805573/medium.jpeg,Carex deweyana var. deweyana,variety,confirmed,1,native,deweyana,"",Carex deweyana deweyana,accepted,1,0.029
361656,52855,Artemisia campestris pacifica,Pacific wormwood,subspecies,https://inaturalist-open-data.s3.amazonaws.com/photos/5588849/medium.jpg,Artemisia campestris var. scouleriana,variety,new,1,native,campestris,Artemisia campestris pacifica,"",unaccepted,1,0
710103,52472,Vicia sativa nigra,narrow-leaved vetch,subspecies,https://inaturalist-open-data.s3.amazonaws.com/photos/175521000/medium.jpeg,Vicia sativa var. angustifolia,subspecies,confirmed,1,unknown,sativa,Vicia sativa nigra,"",unaccepted,1,0.055
840643,48031,Platanthera elegans elegans,elegant piperia,subspecies,https://inaturalist-open-data.s3.amazonaws.com/photos/343740058/medium.png,Platanthera elegans ssp. elegans,subspecies,confirmed,1,native,elegans,Platanthera elegans elegans,"",accepted,1,0
858970,51876,Trifolium fragiferum bonannii,"",subspecies,https://inaturalist-open-data.s3.amazonaws.com/photos/157360184/medium.jpeg,Trifolium fragiferum ssp. bonannii,species,confirmed,1,exotic,fragiferum,Trifolium fragiferum bonannii,"",accepted,1,0
1091402,48571,Carex kelloggii limnophila,lagoon sedge,variety,https://inaturalist-open-data.s3.amazonaws.com/photos/43877529/medium.jpg,Carex kelloggii var. limnophila,species,unconfirmed,1,native,kelloggii,"",Carex kelloggii limnophila,accepted,1,0.593
1091404,48571,Carex kelloggii kelloggii,Kellogg's Sedge (Kellogg's),variety,https://inaturalist-open-data.s3.amazonaws.com/photos/85771921/medium.jpg,Carex kelloggii var. kelloggii,variety,unconfirmed,1,native,kelloggii,"",Carex kelloggii kelloggii,accepted,1,0.504
1280108,51148,Crataegus shuswapensis,Shuswap hawthorn,species,"",Crataegus shuswapensis,species,new,1,native,shuswapensis,"","",accepted,1,0.101
1480453,47357,Allium vineale,"",complex,https://static.inaturalist.org/photos/129739/medium.jpg,Allium vineale,complex,confirmed,1,exotic,vineale,"","",accepted,1,0
1582196,52809,Poa secunda scabrella,"",variety,"",Poa secunda ssp. scabrella,species,unconfirmed,1,native,secunda,"",Poa secunda scabrella,accepted,1,0.898
54428,51148,Crataegus laevigata,midland hawthorn,species,https://inaturalist-open-data.s3.amazonaws.com/photos/48288/medium.jpg,Crataegus laevigata,species,new,0,exotic,laevigata,"","",accepted,1,0.25
55713,48160,Centaurea jacea,Brown Knapweed,species,https://inaturalist-open-data.s3.amazonaws.com/photos/162587910/medium.jpg,Centaurea jacea,species,new,0,exotic,jacea,"","",accepted,1,0.007
57070,53152,Medicago sativa sativa,Lucerne,subspecies,https://inaturalist-open-data.s3.amazonaws.com/photos/26260685/medium.jpeg,Medicago sativa ssp. sativa,complex,new,0,exotic,sativa,Medicago sativa sativa,"",accepted,1,0
61317,47544,Rubus armeniacus,Armenian Blackberry,species,https://inaturalist-open-data.s3.amazonaws.com/photos/174566736/medium.jpeg,Rubus armeniacus,species,confirmed,1,exotic,armeniacus,"","",accepted,1,0
67808,48678,Solidago canadensis,Canada goldenrod,species,https://inaturalist-open-data.s3.amazonaws.com/photos/87573048/medium.jpg,Solidago canadensis,species,confirmed,1,native,canadensis,"","",accepted,1,0
78891,47544,Rubus laciniatus,Cutleaf Blackberry,species,https://inaturalist-open-data.s3.amazonaws.com/photos/401784546/medium.jpg,Rubus laciniatus,species,confirmed,1,exotic,laciniatus,"","",accepted,1,0
79150,48678,Solidago elongata,west coast Canada goldenrod,species,https://inaturalist-open-data.s3.amazonaws.com/photos/303300/medium.jpeg,Solidago elongata,species,new,0,native,elongata,"","",accepted,1,0.333
79152,48678,Solidago lepida,Elegant Goldenrod,species,https://inaturalist-open-data.s3.amazonaws.com/photos/520451/medium.jpg,Solidago lepida,species,confirmed,1,native,lepida,"","",accepted,1,0
168025,47544,Rubus bifrons,Himalayan Blackberry,species,https://inaturalist-open-data.s3.amazonaws.com/photos/955171/medium.jpg,Rubus bifrons,species,confirmed,1,exotic,bifrons,"","",accepted,1,0
521869,48160,Centaurea stoebe australis,Spotted Starthistle,subspecies,https://inaturalist-open-data.s3.amazonaws.com/photos/87878687/medium.jpg,Centaurea stoebe ssp. australis,subspecies,confirmed,1,exotic,stoebe,Centaurea stoebe australis,"",accepted,1,0
1183928,55910,Hieracium umbellatum umbellatum,Canada hawkweed,subspecies,https://inaturalist-open-data.s3.amazonaws.com/photos/202989630/medium.jpg,Hieracium umbellatum ssp. umbellatum,species,new,0,exotic,umbellatum,Hieracium umbellatum umbellatum,"",accepted,1,0.029
1409520,48571,Carex oederi oederi,green-yellow sedge,variety,https://inaturalist-open-data.s3.amazonaws.com/photos/473027632/medium.jpeg,Carex viridula ssp. viridula,"",unconfirmed,1,native,oederi,"",Carex oederi oederi,unaccepted,1,0.921
81375,48678,Solidago lepida salebrosa,western goldenrod,variety,https://inaturalist-open-data.s3.amazonaws.com/photos/1487644/medium.jpg,Solidago lepida var. salebrosa,variety,unconfirmed,1,native,lepida,"",Solidago lepida salebrosa,accepted,1,0.196
243162,56112,Symphyotrichum novi-belgii novi-belgii,New York Aster,variety,https://inaturalist-open-data.s3.amazonaws.com/photos/92195427/medium.jpg,Symphyotrichum novi-belgii var. novi-belgii,species,new,0,exotic,novi-belgii,"",Symphyotrichum novi-belgii novi-belgii,accepted,1,0.143
333642,48678,Solidago lepida lepida,"",variety,https://inaturalist-open-data.s3.amazonaws.com/photos/43779364/medium.jpeg,Solidago lepida var. lepida,variety,unconfirmed,1,native,lepida,"",Solidago lepida lepida,accepted,1,0.42
1642774,51148,Crataegus monogyna monogyna,"",subspecies,"",Crataegus monogyna var. monogyna,complex,confirmed,1,exotic,monogyna,Crataegus monogyna monogyna,"",accepted,1,0
0,,,,,,Calypso bulbosa var. occdentalis,variety,new,0,native,"","","",unknown,1,0
